sentence_id,per_language_id,raw_text,has_english,jieba_seg,spacy_seg,stanza_seg,jieba_spacy_agree,jieba_stanza_agree,spacy_stanza_agree,all_agree,jieba_parsed,jieba_readings,jieba_time_s,jieba_ram_kb,jieba_edges,spacy_parsed,spacy_readings,spacy_time_s,spacy_ram_kb,spacy_edges,stanza_parsed,stanza_readings,stanza_time_s,stanza_ram_kb,stanza_edges,jieba_ace_input,spacy_ace_input,stanza_ace_input
3468,442,而另 一边，在经过了深思熟虑之后，地球政府派来了一支科学考察队，来到这所废弃的空间站进行更 深入的调查。,False,而 另   一边 ， 在 经过 了 深思熟虑 之后 ， 地球 政府 派来 了 一支 科学 考察队 ， 来到 这所 废弃 的 空间站 进行 更   深入 的 调查 。,而 另 一边 ， 在 经过 了 深思熟虑 之后 ， 地球 政府 派来 了 一 支 科学 考察队 ， 来到 这 所 废弃 的 空间站 进行 更 深入 的 调查 。,而另 一边 ， 在 经过 了 深思 熟虑 之后 ， 地球 政府 派来 了 一 支 科学 考察 队 ， 来到 这 所 废弃 的 空间 站 进行 更 深入 的 调查 。,False,False,False,False,False,0,0.0,0,0,False,0,0.74794,122123,13693,False,0,0.0,0,0,而 另   一边 ， 在 经过 了 深思熟虑 之后 ， 地球 政府 派来 了 一支 科学 考察队 ， 来到 这所 废弃 的 空间站 进行 更   深入 的 调查 。,而 另 一边 ， 在 经过 了 深思熟虑 之后 ， 地球 政府 派来 了 一 支 科学 考察队 ， 来到 这 所 废弃 的 空间站 进行 更 深入 的 调查 。,而另 一边 ， 在 经过 了 深思 熟虑 之后 ， 地球 政府 派来 了 一 支 科学 考察 队 ， 来到 这 所 废弃 的 空间 站 进行 更 深入 的 调查 。
438,109,医院称，这两名男孩抵达当天在不明原因的情况下食用了毒蘑菇。,False,医院 称 ， 这 两名 男孩 抵达 当天 在 不明 原因 的 情况 下 食用 了 毒蘑菇 。,医院 称 ， 这 两 名 男孩 抵达 当天 在 不明 原因 的 情况 下 食用 了 毒 蘑菇 。,医院 称 ， 这 两 名 男孩 抵达 当天 在 不明 原因 的 情况 下 食用 了 毒蘑 菇 。,False,False,False,False,False,0,0.21181,40362,4672,False,0,0.40735,81303,8615,False,0,0.39589,85197,9001,医院 称 ， 这 两名 男孩 抵达 当天 在 不明 原因 的 情况 下 食用 了 毒蘑菇 。,医院 称 ， 这 两 名 男孩 抵达 当天 在 不明 原因 的 情况 下 食用 了 毒 蘑菇 。,医院 称 ， 这 两 名 男孩 抵达 当天 在 不明 原因 的 情况 下 食用 了 毒蘑 菇 。
9068,825,就像在聚会里一起聊天的朋友们，大家离得很近，但没有固定的位置。,False,就 像 在 聚会 里 一起 聊天 的 朋友 们 ， 大家 离得 很 近 ， 但 没有 固定 的 位置 。,就 像 在 聚会 里 一起 聊天 的 朋友们 ， 大家 离 得 很 近 ， 但 没有 固定 的 位置 。,就 像 在 聚会 里 一起 聊天 的 朋友 们 ， 大家 离得 很近 ， 但 没有 固定 的 位置 。,False,False,False,False,False,-1,10,0,0,False,-1,10,0,0,False,0,0.0,0,0,就 像 在 聚会 里 一起 聊天 的 朋友 们 ， 大家 离得 很 近 ， 但 没有 固定 的 位置 。,就 像 在 聚会 里 一起 聊天 的 朋友们 ， 大家 离 得 很 近 ， 但 没有 固定 的 位置 。,就 像 在 聚会 里 一起 聊天 的 朋友 们 ， 大家 离得 很近 ， 但 没有 固定 的 位置 。
8040,766,将发酵好的面团放入烤箱，烤约 25-30 分钟，直到面包表面呈金黄色。,False,将 发酵 好 的 面团 放入 烤箱 ， 烤 约   25 - 30   分钟 ， 直到 面包 表面 呈 金黄色 。,将 发酵 好的 面团 放入 烤箱 ， 烤约 25 - 30 分钟 ， 直到 面包 表面 呈金 黄色 。,将 发酵 好 的 面团 放入 烤 箱 ， 烤约 25-30 分钟 ， 直到 面包 表面 呈 金 黄色 。,False,False,False,False,False,0,0.0,0,0,False,0,0.0,0,0,False,0,0.24221,52932,6203,将 发酵 好 的 面团 放入 烤箱 ， 烤 约   25 - 30   分钟 ， 直到 面包 表面 呈 金黄色 。,将 发酵 好的 面团 放入 烤箱 ， 烤约 25 - 30 分钟 ， 直到 面包 表面 呈金 黄色 。,将 发酵 好 的 面团 放入 烤 箱 ， 烤约 25-30 分钟 ， 直到 面包 表面 呈 金 黄色 。
7347,716,Musk 共有九个孩子，其中包括他与 Justine Wilson 所生的孩子。,True,Musk   共有 九个 孩子 ， 其中 包括 他 与   Justine   Wilson   所生 的 孩子 。,Musk 共有 九 个 孩子 ， 其中 包括 他 与 Justine Wilson 所 生 的 孩子 。,Musk 共有 九 个 孩子 ， 其中 包括 他 与 Justine Wilson 所生 的 孩子 。,False,False,False,False,False,0,0.0,0,0,True,1,0.36049,59709,6468,False,0,0.0,0,0,Musk   共有 九个 孩子 ， 其中 包括 他 与   Justine   Wilson   所生 的 孩子 。,Musk 共有 九 个 孩子 ， 其中 包括 他 与 Justine Wilson 所 生 的 孩子 。,Musk 共有 九 个 孩子 ， 其中 包括 他 与 Justine Wilson 所生 的 孩子 。
4458,513,水晶石的能力便是能将它的承载者传送到遥远的地方——也就是村子所在的这片土地。,False,水晶石 的 能力 便是 能 将 它 的 承载 者 传送 到 遥远 的 地方 — — 也 就是 村子 所在 的 这片 土地 。,水晶石 的 能力 便 是 能 将 它 的 承载者 传送 到 遥远 的 地方 —— 也 就是 村子 所在 的 这 片 土地 。,水晶 石 的 能力 便是 能 将 它 的 承载 者 传送 到 遥远 的 地方 — — 也 就是 村子 所 在 的 这 片 土地 。,False,False,False,False,False,0,0.0,0,0,False,-1,10,0,0,False,0,0.0,0,0,水晶石 的 能力 便是 能 将 它 的 承载 者 传送 到 遥远 的 地方 — — 也 就是 村子 所在 的 这片 土地 。,水晶石 的 能力 便 是 能 将 它 的 承载者 传送 到 遥远 的 地方 —— 也 就是 村子 所在 的 这 片 土地 。,水晶 石 的 能力 便是 能 将 它 的 承载 者 传送 到 遥远 的 地方 — — 也 就是 村子 所 在 的 这 片 土地 。
3148,423,那是一道微弱的光，但也足以照亮周围的一切。,False,那 是 一道 微弱 的 光 ， 但 也 足以 照亮 周围 的 一切 。,那 是 一道 微弱 的 光 ， 但 也 足以 照亮 周围 的 一切 。,那 是 一 道 微弱 的 光 ， 但 也 足 以 照亮 周围 的 一切 。,True,False,False,False,True,1,0.68241,138381,14114,True,1,0.68241,138381,14114,True,1,1.48824,289133,28018,那 是 一道 微弱 的 光 ， 但 也 足以 照亮 周围 的 一切 。,那 是 一道 微弱 的 光 ， 但 也 足以 照亮 周围 的 一切 。,那 是 一 道 微弱 的 光 ， 但 也 足 以 照亮 周围 的 一切 。
17771,1429,云朵：也许这就是我想放假的原因——我想交些朋友。,False,云朵 ： 也许 这 就是 我 想 放假 的 原因 — — 我 想 交些 朋友 。,云朵 ： 也许 这就 是 我 想 放假 的 原因 —— 我 想 交些 朋友 。,云朵 ： 也许 这 就是 我 想 放假 的 原因 — — 我 想 交些 朋友 。,False,True,False,False,False,0,0.53612,109403,11184,True,1,2.1868,345674,34196,False,0,0.53612,109403,11184,云朵 ： 也许 这 就是 我 想 放假 的 原因 — — 我 想 交些 朋友 。,云朵 ： 也许 这就 是 我 想 放假 的 原因 —— 我 想 交些 朋友 。,云朵 ： 也许 这 就是 我 想 放假 的 原因 — — 我 想 交些 朋友 。
2609,371,当他试图从巨石脱身时，看到了一条受伤的美人鱼倒在岩石上。,False,当 他 试图 从 巨石 脱身 时 ， 看到 了 一条 受伤 的 美人鱼 倒 在 岩石 上 。,当 他 试图 从 巨石 脱身 时 ， 看到 了 一 条 受伤 的 美人 鱼倒 在 岩石 上 。,当他 试图 从 巨石 脱身 时 ， 看到 了 一 条 受伤 的 美 人鱼 倒在 岩石 上 。,False,False,False,False,False,0,0.69349,64997,7558,False,0,0.40566,69764,7781,False,0,0.0,0,0,当 他 试图 从 巨石 脱身 时 ， 看到 了 一条 受伤 的 美人鱼 倒 在 岩石 上 。,当 他 试图 从 巨石 脱身 时 ， 看到 了 一 条 受伤 的 美人 鱼倒 在 岩石 上 。,当他 试图 从 巨石 脱身 时 ， 看到 了 一 条 受伤 的 美 人鱼 倒在 岩石 上 。
20172,1503,一副常见的完整麻将有 144 张牌，分成几种不同的种类，比如万、条、筒，还有风牌、箭牌和花牌等。,False,一副 常见 的 完整 麻将 有   144   张牌 ， 分成 几种 不同 的 种类 ， 比如 万 、 条 、 筒 ， 还有 风牌 、 箭牌 和 花牌 等 。,一 副 常见 的 完整 麻将 有 144 张牌 ， 分成 几 种 不同 的 种类 ， 比如 万 、 条 、 筒 ， 还有 风牌 、 箭牌 和 花牌 等 。,一 副 常见 的 完整 麻将 有 144 张牌 ， 分成 几 种 不同 的 种类 ， 比如 万 、 条 、 筒 ， 还 有 风牌 、 箭牌 和 花牌 等 。,False,False,False,False,False,0,1.51701,206226,20143,False,0,2.08416,334539,31665,False,0,2.22688,334539,31665,一副 常见 的 完整 麻将 有   144   张牌 ， 分成 几种 不同 的 种类 ， 比如 万 、 条 、 筒 ， 还有 风牌 、 箭牌 和 花牌 等 。,一 副 常见 的 完整 麻将 有 144 张牌 ， 分成 几 种 不同 的 种类 ， 比如 万 、 条 、 筒 ， 还有 风牌 、 箭牌 和 花牌 等 。,一 副 常见 的 完整 麻将 有 144 张牌 ， 分成 几 种 不同 的 种类 ， 比如 万 、 条 、 筒 ， 还 有 风牌 、 箭牌 和 花牌 等 。
13641,1151,泰国和中国正在加大打击力度，包括在泰国与缅甸、柬埔寨的边境设立协调中心，以打击诈骗网络。,False,泰国 和 中国 正在 加大 打击 力度 ， 包括 在 泰国 与 缅甸 、 柬埔寨 的 边境 设立 协调 中心 ， 以 打击 诈骗 网络 。,泰国 和 中国 正在 加大 打击 力度 ， 包括 在 泰国 与 缅甸 、 柬埔寨 的 边境 设立 协调 中心 ， 以 打击 诈骗 网络 。,泰国 和 中国 正 在 加大 打击 力 度 ， 包括 在 泰国 与 缅甸 、 柬埔寨 的 边境 设立 协调 中心 ， 以 打击 诈骗 网络 。,True,False,False,False,True,1,2.14058,339223,31029,True,1,2.14058,339223,31029,True,1,1.99437,297065,24761,泰国 和 中国 正在 加大 打击 力度 ， 包括 在 泰国 与 缅甸 、 柬埔寨 的 边境 设立 协调 中心 ， 以 打击 诈骗 网络 。,泰国 和 中国 正在 加大 打击 力度 ， 包括 在 泰国 与 缅甸 、 柬埔寨 的 边境 设立 协调 中心 ， 以 打击 诈骗 网络 。,泰国 和 中国 正 在 加大 打击 力 度 ， 包括 在 泰国 与 缅甸 、 柬埔寨 的 边境 设立 协调 中心 ， 以 打击 诈骗 网络 。
549,140,在周四发布的一份声明中，埃塞俄比亚外交部表示将驱逐联合国官员，指责他们干涉该国 内政，因为政府对提格雷地区的致命封锁造成的压力越来越大。,False,在 周四 发布 的 一份 声明 中 ， 埃塞俄比亚 外交部 表示 将 驱逐 联合国 官员 ， 指责 他们 干涉 该国   内政 ， 因为 政府 对 提格雷 地区 的 致命 封锁 造成 的 压力 越来越 大 。,在 周四 发布 的 一 份 声明 中 ， 埃塞俄比亚 外交部 表示 将 驱逐 联合国 官员 ， 指责 他们 干涉 该国 内政 ， 因为 政府 对 提格 雷 地区 的 致命 封锁 造成 的 压力 越来越 大 。,在 周 四 发布 的 一 份 声明 中 ， 埃塞俄比亚 外交 部 表示 将 驱逐 联合 国 官员 ， 指责 他们 干涉 该国 内政 ， 因为 政府 对 提格雷 地区 的 致命 封锁 造成 的 压力 越来越 大 。,False,False,False,False,False,0,2.46772,391987,37732,False,0,9.11561,733472,67784,False,0,1.33438,212013,21743,在 周四 发布 的 一份 声明 中 ， 埃塞俄比亚 外交部 表示 将 驱逐 联合国 官员 ， 指责 他们 干涉 该国   内政 ， 因为 政府 对 提格雷 地区 的 致命 封锁 造成 的 压力 越来越 大 。,在 周四 发布 的 一 份 声明 中 ， 埃塞俄比亚 外交部 表示 将 驱逐 联合国 官员 ， 指责 他们 干涉 该国 内政 ， 因为 政府 对 提格 雷 地区 的 致命 封锁 造成 的 压力 越来越 大 。,在 周 四 发布 的 一 份 声明 中 ， 埃塞俄比亚 外交 部 表示 将 驱逐 联合 国 官员 ， 指责 他们 干涉 该国 内政 ， 因为 政府 对 提格雷 地区 的 致命 封锁 造成 的 压力 越来越 大 。
517,130,自 2019 年以来，在中国创建和交易数字货币一直是 非法的，但在北京警告银行停止相关交易并关闭该国 大部分庞大的比特币挖矿网络之后，这是今年在相关领域进行的又一次打击。,False,自   2019   年 以来 ， 在 中国 创建 和 交易 数字 货币 一直 是   非法 的 ， 但 在 北京 警告 银行 停止 相关 交易 并 关闭 该国   大部分 庞大 的 比特 币 挖矿 网络 之后 ， 这是 今年 在 相关 领域 进行 的 又 一次 打击 。,自 2019 年 以来 ， 在 中国 创建 和 交易 数字 货币 一直 是 非法 的 ， 但 在 北京 警告 银行 停止 相关 交易 并 关闭 该国 大部分 庞大 的 比特币 挖矿 网络 之后 ， 这是 今年 在 相关 领域 进行 的 又 一 次 打击 。,自 2019 年 以来 ， 在 中国 创建 和 交易 数字 货币 一直 是 非法 的 ， 但 在 北京 警告 银行 停止 相关 交易 并 关闭 该国 大 部分 庞大 的 比特 币 挖矿 网络 之后 ， 这 是 今年 在 相关 领域 进行 的 又 一 次 打击 。,False,False,False,False,False,0,1.49853,260980,27319,False,0,1.41775,257510,27036,False,0,1.47246,273608,28555,自   2019   年 以来 ， 在 中国 创建 和 交易 数字 货币 一直 是   非法 的 ， 但 在 北京 警告 银行 停止 相关 交易 并 关闭 该国   大部分 庞大 的 比特 币 挖矿 网络 之后 ， 这是 今年 在 相关 领域 进行 的 又 一次 打击 。,自 2019 年 以来 ， 在 中国 创建 和 交易 数字 货币 一直 是 非法 的 ， 但 在 北京 警告 银行 停止 相关 交易 并 关闭 该国 大部分 庞大 的 比特币 挖矿 网络 之后 ， 这是 今年 在 相关 领域 进行 的 又 一 次 打击 。,自 2019 年 以来 ， 在 中国 创建 和 交易 数字 货币 一直 是 非法 的 ， 但 在 北京 警告 银行 停止 相关 交易 并 关闭 该国 大 部分 庞大 的 比特 币 挖矿 网络 之后 ， 这 是 今年 在 相关 领域 进行 的 又 一 次 打击 。
2841,397,警方周二表示，一名 77 岁的男子在 Australia 西南部的 Redmond 郊外被一只野生袋鼠袭击致死。,True,警方 周二 表示 ， 一名   77   岁 的 男子 在   Australia   西南部 的   Redmond   郊外 被 一只 野生 袋鼠 袭击 致死 。,警方 周二 表示 ， 一 名 77 岁 的 男子 在 Australia 西南部 的 Red mond 郊外 被 一 只 野生 袋鼠 袭击 致死 。,警方 周二 表示 ， 一 名 77 岁 的 男子 在 Australia 西南 部 的 Redmond 郊外 被 一 只 野生 袋鼠 袭击 致死 。,False,False,False,False,False,0,0.56358,76382,8283,True,1,2.51825,393144,37187,True,1,3.05027,377060,35815,警方 周二 表示 ， 一名   77   岁 的 男子 在   Australia   西南部 的   Redmond   郊外 被 一只 野生 袋鼠 袭击 致死 。,警方 周二 表示 ， 一 名 77 岁 的 男子 在 Australia 西南部 的 Red mond 郊外 被 一 只 野生 袋鼠 袭击 致死 。,警方 周二 表示 ， 一 名 77 岁 的 男子 在 Australia 西南 部 的 Redmond 郊外 被 一 只 野生 袋鼠 袭击 致死 。
7166,706,娜娜：真的呢！其实我觉得每朵花 都很特别，不是吗？,False,娜娜 ： 真的 呢 ！ 其实 我 觉得 每 朵花   都 很 特别 ， 不是 吗 ？,娜娜 ： 真的 呢 ！ 其实 我 觉得 每 朵 花 都 很 特别 ， 不是 吗 ？,娜娜 ： 真的 呢 ！ 其实 我 觉得 每 朵花 都很 特别 ， 不是 吗 ？,False,False,False,False,False,0,0.46288,39497,4535,False,0,0.32945,63807,6846,False,0,0.0,0,0,娜娜 ： 真的 呢 ！ 其实 我 觉得 每 朵花   都 很 特别 ， 不是 吗 ？,娜娜 ： 真的 呢 ！ 其实 我 觉得 每 朵 花 都 很 特别 ， 不是 吗 ？,娜娜 ： 真的 呢 ！ 其实 我 觉得 每 朵花 都很 特别 ， 不是 吗 ？
7651,741,习近平强调中美应该共同合作，应对全球性挑战，避免零和思维。,False,习近平 强调 中 美 应该 共同 合作 ， 应对 全球性 挑战 ， 避免 零 和 思维 。,习近平 强调 中 美 应该 共同 合作 ， 应对 全球性 挑战 ， 避免 零 和 思维 。,习 近平 强调 中 美 应该 共同 合作 ， 应对 全球 性 挑战 ， 避免 零 和 思维 。,True,False,False,False,False,0,0.15744,32354,3883,False,0,0.15744,32354,3883,False,0,0.32281,57110,6442,习近平 强调 中 美 应该 共同 合作 ， 应对 全球性 挑战 ， 避免 零 和 思维 。,习近平 强调 中 美 应该 共同 合作 ， 应对 全球性 挑战 ， 避免 零 和 思维 。,习 近平 强调 中 美 应该 共同 合作 ， 应对 全球 性 挑战 ， 避免 零 和 思维 。
16278,1349,第二天早上，它全身沾着奇怪的灰尘，身上还有种像是博物馆藏品活过来的味道。,False,第二天 早上 ， 它 全身 沾 着 奇怪 的 灰尘 ， 身上 还有 种 像是 博物馆 藏品 活过来 的 味道 。,第二 天 早上 ， 它 全身 沾 着 奇怪 的 灰尘 ， 身上 还有 种 像是 博物馆 藏品 活 过来 的 味道 。,第二 天 早上 ， 它 全身 沾 着 奇怪 的 灰尘 ， 身上 还 有 种 像是 博物 馆藏 品活 过来 的 味道 。,False,False,False,False,True,1,3.49472,415466,37405,False,0,1.91747,170481,17092,False,-1,10,0,0,第二天 早上 ， 它 全身 沾 着 奇怪 的 灰尘 ， 身上 还有 种 像是 博物馆 藏品 活过来 的 味道 。,第二 天 早上 ， 它 全身 沾 着 奇怪 的 灰尘 ， 身上 还有 种 像是 博物馆 藏品 活 过来 的 味道 。,第二 天 早上 ， 它 全身 沾 着 奇怪 的 灰尘 ， 身上 还 有 种 像是 博物 馆藏 品活 过来 的 味道 。
463,116,根据世界卫生组织 (WHO) 的说法，尼帕 (Nipah) 病毒的症状包括发烧、头痛、头晕、嗜睡、呼吸系统问题，在严重的情况下，还会出现脑炎和癫痫发作并可能在 24 至 48 小时内导致昏迷。,True,根据 世界卫生组织   ( WHO )   的 说法 ， 尼帕   ( Nipah )   病毒 的 症状 包括 发烧 、 头痛 、 头晕 、 嗜睡 、 呼吸系统 问题 ， 在 严重 的 情况 下 ， 还会 出现 脑炎 和 癫痫 发作 并 可能 在   24   至   48   小时 内 导致 昏迷 。,根据 世界 卫生 组织 ( WHO) 的 说法 ， 尼帕 ( Nipah) 病毒 的 症状 包括 发烧 、 头痛 、 头晕 、 嗜睡 、 呼吸 系统 问题 ， 在 严重 的 情况 下 ， 还 会 出现 脑炎 和 癫痫 发作 并 可能 在 24 至 48 小时 内 导致 昏迷 。,根据 世界 卫生 组织 (WHO) 的 说法 ， 尼帕 (Nipah) 病毒 的 症状 包括 发烧 、 头痛 、 头晕 、 嗜睡 、 呼吸 系统 问题 ， 在 严重 的 情况 下 ， 还 会 出现 脑炎 和 癫痫 发作 并 可能 在 24 至 48 小时 内 导致 昏迷 。,False,False,False,False,False,0,0.0,0,0,False,-1,10,0,0,False,-1,10,0,0,根据 世界卫生组织   ( WHO )   的 说法 ， 尼帕   ( Nipah )   病毒 的 症状 包括 发烧 、 头痛 、 头晕 、 嗜睡 、 呼吸系统 问题 ， 在 严重 的 情况 下 ， 还会 出现 脑炎 和 癫痫 发作 并 可能 在   24   至   48   小时 内 导致 昏迷 。,根据 世界 卫生 组织 ( WHO) 的 说法 ， 尼帕 ( Nipah) 病毒 的 症状 包括 发烧 、 头痛 、 头晕 、 嗜睡 、 呼吸 系统 问题 ， 在 严重 的 情况 下 ， 还 会 出现 脑炎 和 癫痫 发作 并 可能 在 24 至 48 小时 内 导致 昏迷 。,根据 世界 卫生 组织 (WHO) 的 说法 ， 尼帕 (Nipah) 病毒 的 症状 包括 发烧 、 头痛 、 头晕 、 嗜睡 、 呼吸 系统 问题 ， 在 严重 的 情况 下 ， 还 会 出现 脑炎 和 癫痫 发作 并 可能 在 24 至 48 小时 内 导致 昏迷 。
18710,1470,由于今年斋月恰逢北半球冬季，各地封斋时间差异较大。,False,由于 今年 斋月 恰逢 北半球 冬季 ， 各地 封斋 时间 差异 较大 。,由于 今年 斋月 恰逢 北半球 冬季 ， 各地 封斋 时间 差异 较 大 。,由于 今年 斋 月 恰 逢 北 半球 冬季 ， 各地 封 斋 时间 差异 较大 。,False,False,False,False,True,1,0.28981,43116,4248,True,1,0.18191,45282,4507,False,0,0.11211,25273,3326,由于 今年 斋月 恰逢 北半球 冬季 ， 各地 封斋 时间 差异 较大 。,由于 今年 斋月 恰逢 北半球 冬季 ， 各地 封斋 时间 差异 较 大 。,由于 今年 斋 月 恰 逢 北 半球 冬季 ， 各地 封 斋 时间 差异 较大 。
6503,661,但黄雀只看到了眼前的螳螂，却不 知道我现在正在用弹弓瞄准它，要把它打 下来呢。,False,但 黄雀 只 看到 了 眼前 的 螳螂 ， 却 不   知道 我 现在 正在 用 弹弓 瞄准 它 ， 要 把 它 打   下来 呢 。,但 黄雀 只 看到 了 眼前 的 螳螂 ， 却 不 知道 我 现在 正在 用 弹弓 瞄准 它 ， 要 把 它 打 下来 呢 。,但 黄 雀 只 看到 了 眼前 的 螳螂 ， 却 不 知道 我 现在 正 在 用 弹 弓瞄 准 它 ， 要 把 它 打 下来 呢 。,False,False,False,False,True,1,0.97017,215194,21860,True,1,0.99969,215193,21860,True,1,4.10243,656949,62823,但 黄雀 只 看到 了 眼前 的 螳螂 ， 却 不   知道 我 现在 正在 用 弹弓 瞄准 它 ， 要 把 它 打   下来 呢 。,但 黄雀 只 看到 了 眼前 的 螳螂 ， 却 不 知道 我 现在 正在 用 弹弓 瞄准 它 ， 要 把 它 打 下来 呢 。,但 黄 雀 只 看到 了 眼前 的 螳螂 ， 却 不 知道 我 现在 正 在 用 弹 弓瞄 准 它 ， 要 把 它 打 下来 呢 。
17764,1429,它们一起飞了一会儿，聊着天。,False,它们 一 起飞 了 一会儿 ， 聊着 天 。,它们 一起 飞 了 一会儿 ， 聊 着 天 。,它们 一 起飞 了 一 会儿 ， 聊 着 天 。,False,False,False,False,False,0,0.115,8781,1293,False,0,0.07144,13376,1826,False,0,0.07184,14324,1991,它们 一 起飞 了 一会儿 ， 聊着 天 。,它们 一起 飞 了 一会儿 ， 聊 着 天 。,它们 一 起飞 了 一 会儿 ， 聊 着 天 。
13584,1146,遇难者包括多国公民，其中包括叙利亚人和一名波斯尼亚公民。,False,遇难者 包括 多 国 公民 ， 其中 包括 叙利亚人 和 一名 波斯尼亚 公民 。,遇难者 包括 多国 公民 ， 其中 包括 叙利亚人 和 一 名 波斯尼亚 公民 。,遇难 者 包括 多 国 公民 ， 其中 包括 叙利亚 人 和 一 名 波斯尼亚 公民 。,False,False,False,False,False,0,0.08141,14507,2092,True,1,0.19967,53382,5759,False,0,0.15253,35531,4183,遇难者 包括 多 国 公民 ， 其中 包括 叙利亚人 和 一名 波斯尼亚 公民 。,遇难者 包括 多国 公民 ， 其中 包括 叙利亚人 和 一 名 波斯尼亚 公民 。,遇难 者 包括 多 国 公民 ， 其中 包括 叙利亚 人 和 一 名 波斯尼亚 公民 。
7247,708,长城横跨中国北部边境，东 至辽东，西至罗布泊，总长超过两万公里。,False,长城 横跨 中国 北部 边境 ， 东   至 辽东 ， 西 至 罗布泊 ， 总长 超过 两 万公里 。,长城 横跨 中国 北部 边境 ， 东 至 辽东 ， 西至 罗布泊 ， 总长 超过 两万 公里 。,长城 横跨 中国 北部 边境 ， 东 至 辽东 ， 西 至 罗布泊 ， 总长 超过 两万 公里 。,False,False,False,False,False,0,0.35792,60881,6728,False,0,0.10984,24452,3287,False,0,0.25312,49886,5723,长城 横跨 中国 北部 边境 ， 东   至 辽东 ， 西 至 罗布泊 ， 总长 超过 两 万公里 。,长城 横跨 中国 北部 边境 ， 东 至 辽东 ， 西至 罗布泊 ， 总长 超过 两万 公里 。,长城 横跨 中国 北部 边境 ， 东 至 辽东 ， 西 至 罗布泊 ， 总长 超过 两万 公里 。
14481,1216,国际市场同步下挫，投资者纷纷转向黄金等避险资产，金价创下历史新高。,False,国际 市场 同步 下挫 ， 投资者 纷纷 转向 黄金 等 避险 资产 ， 金价 创下 历史 新高 。,国际 市场 同步 下挫 ， 投资者 纷纷 转向 黄金 等 避险 资产 ， 金价 创下 历史 新高 。,国际 市场 同步 下挫 ， 投资 者 纷纷 转向 黄金 等 避险 资产 ， 金价 创下 历史 新高 。,True,False,False,False,False,0,0.48183,83358,8639,False,0,0.48183,83358,8639,False,0,0.48556,95209,9829,国际 市场 同步 下挫 ， 投资者 纷纷 转向 黄金 等 避险 资产 ， 金价 创下 历史 新高 。,国际 市场 同步 下挫 ， 投资者 纷纷 转向 黄金 等 避险 资产 ， 金价 创下 历史 新高 。,国际 市场 同步 下挫 ， 投资 者 纷纷 转向 黄金 等 避险 资产 ， 金价 创下 历史 新高 。
20124,1500,片中的声音由英国公司 Sonantic 生成，Kilmer 生前曾与这家 公司合作，通过 AI 技术重建他因喉癌治疗而受损的声音。,True,片中 的 声音 由 英国公司   Sonantic   生成 ， Kilmer   生前 曾 与 这家   公司 合作 ， 通过   AI   技术 重建 他 因 喉癌 治疗 而 受损 的 声音 。,片中 的 声音 由 英国 公司 Sonantic 生成 ， Kilmer 生前 曾 与 这家 公司 合作 ， 通过 A I 技术 重建 他因 喉癌 治疗 而 受损 的 声音 。,片中 的 声音 由 英国 公司 Sonantic 生成 ， Kilmer 生前 曾 与 这家 公司 合作 ， 通过 AI 技术 重建 他 因 喉癌 治疗 而 受损 的 声音 。,False,False,False,False,False,0,0.0,0,0,False,0,0.0,0,0,False,0,0.0,0,0,片中 的 声音 由 英国公司   Sonantic   生成 ， Kilmer   生前 曾 与 这家   公司 合作 ， 通过   AI   技术 重建 他 因 喉癌 治疗 而 受损 的 声音 。,片中 的 声音 由 英国 公司 Sonantic 生成 ， Kilmer 生前 曾 与 这家 公司 合作 ， 通过 A I 技术 重建 他因 喉癌 治疗 而 受损 的 声音 。,片中 的 声音 由 英国 公司 Sonantic 生成 ， Kilmer 生前 曾 与 这家 公司 合作 ， 通过 AI 技术 重建 他 因 喉癌 治疗 而 受损 的 声音 。
9163,830,Anders 与他的阿波罗8号船员在 NASA 的早期太空探索中发挥了关键作用，为后来的阿波罗 11 号登月任务拍摄了关键的月球照片和视频。,True,Anders   与 他 的 阿波罗 8 号 船员 在   NASA   的 早期 太空 探索 中 发挥 了 关键作用 ， 为 后来 的 阿波罗   11   号 登月 任务 拍摄 了 关键 的 月球 照片 和 视频 。,Anders 与 他 的 阿波罗8号 船员 在 NASA 的 早期 太空 探索 中 发挥 了 关键 作用 ， 为 后来 的 阿波罗 11 号 登月 任务 拍摄 了 关键 的 月球 照片 和 视频 。,Anders 与他 的 阿波罗 8 号 船员 在 NASA 的 早期 太空 探索 中 发挥 了 关键 作用 ， 为 后来 的 阿波罗 11 号登月 任务 拍摄 了 关键 的 月球 照片 和 视频 。,False,False,False,False,False,-1,10,0,0,False,-1,10,0,0,False,0,0.0,0,0,Anders   与 他 的 阿波罗 8 号 船员 在   NASA   的 早期 太空 探索 中 发挥 了 关键作用 ， 为 后来 的 阿波罗   11   号 登月 任务 拍摄 了 关键 的 月球 照片 和 视频 。,Anders 与 他 的 阿波罗8号 船员 在 NASA 的 早期 太空 探索 中 发挥 了 关键 作用 ， 为 后来 的 阿波罗 11 号 登月 任务 拍摄 了 关键 的 月球 照片 和 视频 。,Anders 与他 的 阿波罗 8 号 船员 在 NASA 的 早期 太空 探索 中 发挥 了 关键 作用 ， 为 后来 的 阿波罗 11 号登月 任务 拍摄 了 关键 的 月球 照片 和 视频 。
122,26,周五，乔·拜登 (Joe Biden) 总统因穿着与巴拉克·奥巴马 (Barack Obama) 几年前穿的类似的棕褐色西装而走红。,True,周五 ， 乔 · 拜登   ( Joe   Biden )   总统 因 穿着 与 巴拉克 · 奥巴马   ( Barack   Obama )   几年 前 穿 的 类似 的 棕 褐色 西装 而 走红 。,周五 ， 乔·拜登 (Joe Biden ) 总统 因 穿着 与 巴拉克·奥巴马 (Barack Obama) 几 年前 穿 的 类似 的 棕褐色 西装 而 走红 。,周五 ， 乔 · 拜登 (Joe Biden) 总统 因穿 着 与 巴拉克 · 奥巴马 (Barack Obama) 几 年 前穿 的 类似 的 棕褐 色 西装 而 走 红 。,False,False,False,False,False,0,0.22064,40496,5479,False,0,0.0,0,0,False,0,0.0,0,0,周五 ， 乔 · 拜登   ( Joe   Biden )   总统 因 穿着 与 巴拉克 · 奥巴马   ( Barack   Obama )   几年 前 穿 的 类似 的 棕 褐色 西装 而 走红 。,周五 ， 乔·拜登 (Joe Biden ) 总统 因 穿着 与 巴拉克·奥巴马 (Barack Obama) 几 年前 穿 的 类似 的 棕褐色 西装 而 走红 。,周五 ， 乔 · 拜登 (Joe Biden) 总统 因穿 着 与 巴拉克 · 奥巴马 (Barack Obama) 几 年 前穿 的 类似 的 棕褐 色 西装 而 走 红 。
5092,565,只在 此山中，云深不 知处。,False,只 在   此 山中 ， 云深 不   知处 。,只 在 此 山 中 ， 云深 不 知处 。,只 在 此 山中 ， 云 深 不 知处 。,False,False,False,False,False,0,0.05034,7704,1168,False,0,0.10087,20214,2308,False,0,0.05844,12266,1622,只 在   此 山中 ， 云深 不   知处 。,只 在 此 山 中 ， 云深 不 知处 。,只 在 此 山中 ， 云 深 不 知处 。
13653,1153,因此，Pope Francis 未能在 2 月 16 日进行传统的周日正午祝福。,True,因此 ， Pope   Francis   未能 在   2   月   16   日 进行 传统 的 周日 正午 祝福 。,因此 ， Pope Francis 未能 在 2 月 16 日 进行 传统 的 周日 正午 祝福 。,因 此 ， Pope Francis 未能 在 2 月 16 日 进行 传统 的 周日 正午 祝福 。,False,False,False,False,False,0,0.6439,125545,12446,False,0,0.79567,125545,12446,True,1,0.84521,151994,14601,因此 ， Pope   Francis   未能 在   2   月   16   日 进行 传统 的 周日 正午 祝福 。,因此 ， Pope Francis 未能 在 2 月 16 日 进行 传统 的 周日 正午 祝福 。,因 此 ， Pope Francis 未能 在 2 月 16 日 进行 传统 的 周日 正午 祝福 。
11019,975,Ratan Tata 于 2012 年退休，他在商业和社会方面的贡献广受敬仰。,True,Ratan   Tata   于   2012   年 退休 ， 他 在 商业 和 社会 方面 的 贡献 广受 敬仰 。,Ratan Tata 于 2012 年 退休 ， 他 在 商业 和 社会 方面 的 贡献 广受 敬仰 。,Ratan Tata 于 2012 年 退休 ， 他 在 商业 和 社会 方面 的 贡献 广受 敬仰 。,False,False,True,False,False,0,0.0,0,0,False,0,1e-05,0,0,False,0,1e-05,0,0,Ratan   Tata   于   2012   年 退休 ， 他 在 商业 和 社会 方面 的 贡献 广受 敬仰 。,Ratan Tata 于 2012 年 退休 ， 他 在 商业 和 社会 方面 的 贡献 广受 敬仰 。,Ratan Tata 于 2012 年 退休 ， 他 在 商业 和 社会 方面 的 贡献 广受 敬仰 。
9151,829,中国的社交媒体上有很多支持和祝福考生的信息，甚至包括国际名人如英国足球传奇人物大卫·贝克汉姆也发出了祝福。,False,中国 的 社交 媒体 上 有 很多 支持 和 祝福 考生 的 信息 ， 甚至 包括 国际 名人 如 英国 足球 传奇人物 大卫 · 贝克汉姆 也 发出 了 祝福 。,中国 的 社交 媒体 上 有 很多 支持 和 祝福 考生 的 信息 ， 甚至 包括 国际 名人 如 英国 足球 传奇 人物 大卫·贝克 汉姆 也 发出 了 祝福 。,中国 的 社交 媒体 上 有 很多 支持 和 祝福 考生 的 信息 ， 甚至 包括 国际 名人 如 英国 足球 传奇 人物 大卫 · 贝克汉姆 也 发出 了 祝福 。,False,False,False,False,False,0,0.87088,148230,15763,False,0,1.0078,170615,17863,False,0,1.15274,150583,15985,中国 的 社交 媒体 上 有 很多 支持 和 祝福 考生 的 信息 ， 甚至 包括 国际 名人 如 英国 足球 传奇人物 大卫 · 贝克汉姆 也 发出 了 祝福 。,中国 的 社交 媒体 上 有 很多 支持 和 祝福 考生 的 信息 ， 甚至 包括 国际 名人 如 英国 足球 传奇 人物 大卫·贝克 汉姆 也 发出 了 祝福 。,中国 的 社交 媒体 上 有 很多 支持 和 祝福 考生 的 信息 ， 甚至 包括 国际 名人 如 英国 足球 传奇 人物 大卫 · 贝克汉姆 也 发出 了 祝福 。
4962,555,票房成绩极佳，首日预售票房就已破亿，截至 1 月 28 日 中午，累计票房已达 21.5 亿人民币。,False,票房 成绩 极佳 ， 首日 预售票 房 就 已 破 亿 ， 截至   1   月   28   日   中午 ， 累计 票房 已达   21.5   亿 人民币 。,票房 成绩 极 佳 ， 首日 预售 票房 就 已 破亿 ， 截至 1 月 28 日 中午 ， 累计 票房 已 达 21.5 亿 人民币 。,票房 成绩 极佳 ， 首日 预售 票房 就 已 破亿 ， 截至 1 月 28 日 中午 ， 累计 票房 已达 21.5 亿 人民 币 。,False,False,False,False,False,0,0.0,0,0,False,0,2.61063,257941,23996,False,0,0.0,0,0,票房 成绩 极佳 ， 首日 预售票 房 就 已 破 亿 ， 截至   1   月   28   日   中午 ， 累计 票房 已达   21.5   亿 人民币 。,票房 成绩 极 佳 ， 首日 预售 票房 就 已 破亿 ， 截至 1 月 28 日 中午 ， 累计 票房 已 达 21.5 亿 人民币 。,票房 成绩 极佳 ， 首日 预售 票房 就 已 破亿 ， 截至 1 月 28 日 中午 ， 累计 票房 已达 21.5 亿 人民 币 。
7045,699,Letby 企图让这些婴儿的死亡看起来像是由自然原因导致的。,True,Letby   企图 让 这些 婴儿 的 死亡 看起来 像是 由 自然 原因 导致 的 。,Letby 企图 让 这些 婴儿 的 死亡 看起来 像是 由 自然 原因 导致 的 。,Letby 企图 让 这些 婴儿 的 死亡 看 起来 像是 由 自然 原因 导致 的 。,False,False,False,False,False,0,0.26901,44041,4994,False,0,0.22189,44041,4994,False,0,0.29776,49232,5539,Letby   企图 让 这些 婴儿 的 死亡 看起来 像是 由 自然 原因 导致 的 。,Letby 企图 让 这些 婴儿 的 死亡 看起来 像是 由 自然 原因 导致 的 。,Letby 企图 让 这些 婴儿 的 死亡 看 起来 像是 由 自然 原因 导致 的 。
10900,968,他们吃得很好，因为要保持健康。,False,他们 吃 得 很 好 ， 因为 要 保持 健康 。,他们 吃 得 很 好 ， 因为 要 保持 健康 。,他们 吃得 很好 ， 因为 要 保持 健康 。,True,False,False,False,True,1,0.46221,52453,5667,True,1,0.46221,52453,5667,False,0,0.0,0,0,他们 吃 得 很 好 ， 因为 要 保持 健康 。,他们 吃 得 很 好 ， 因为 要 保持 健康 。,他们 吃得 很好 ， 因为 要 保持 健康 。
3143,423,他闭上眼睛，深吸了几口 气，才又发动了车子。,False,他 闭上眼睛 ， 深吸 了 几口   气 ， 才 又 发动 了 车子 。,他 闭上 眼睛 ， 深 吸 了 几 口 气 ， 才 又 发动 了 车子 。,他闭 上 眼睛 ， 深吸 了 几口 气 ， 才 又 发动 了 车子 。,False,False,False,False,True,1,0.53293,83451,8296,True,1,0.44566,68001,7244,False,0,0.0,0,0,他 闭上眼睛 ， 深吸 了 几口   气 ， 才 又 发动 了 车子 。,他 闭上 眼睛 ， 深 吸 了 几 口 气 ， 才 又 发动 了 车子 。,他闭 上 眼睛 ， 深吸 了 几口 气 ， 才 又 发动 了 车子 。
2807,392,"iPhone 14 和 14 Plus 的起价分别为 799 和 899 美元，而 iPhone Pro 和 Pro Max 的起价分别为 999 和 1,099 美元。",True,"iPhone   14   和   14   Plus   的 起价 分别 为   799   和   899   美元 ， 而   iPhone   Pro   和   Pro   Max   的 起价 分别 为   999   和   1 , 099   美元 。","iPhone 14 和 14 Plus 的 起价 分别 为 799 和 899 美元 ， 而 iPhone Pro 和 Pro Max 的 起价 分别 为 999 和 1 , 099 美元 。","iPhone 14 和 14 Plus 的起价 分别 为 799 和 899 美元 ， 而 iPhone Pro 和 Pro Max 的起价 分别 为 999 和 1,099 美元 。",False,False,False,False,False,-1,10,0,0,False,-1,10,0,0,False,-1,10,0,0,"iPhone   14   和   14   Plus   的 起价 分别 为   799   和   899   美元 ， 而   iPhone   Pro   和   Pro   Max   的 起价 分别 为   999   和   1 , 099   美元 。","iPhone 14 和 14 Plus 的 起价 分别 为 799 和 899 美元 ， 而 iPhone Pro 和 Pro Max 的 起价 分别 为 999 和 1 , 099 美元 。","iPhone 14 和 14 Plus 的起价 分别 为 799 和 899 美元 ， 而 iPhone Pro 和 Pro Max 的起价 分别 为 999 和 1,099 美元 。"
12263,1071,Gukesh 在 7 岁时开始学习国际象棋，并在 12 岁零 7 个月时成为历史上第二年轻的国际象棋特级大师。,True,Gukesh   在   7   岁 时 开始 学习 国际象棋 ， 并 在   12   岁 零   7   个 月 时 成为 历史 上 第二 年轻 的 国际象棋 特级 大师 。,Gukesh 在 7 岁时 开始 学习 国际 象棋 ， 并 在 12 岁 零 7 个 月 时 成为 历史 上 第二 年轻 的 国际 象棋 特级 大师 。,Gukesh 在 7 岁时 开始 学习 国际 象棋 ， 并 在 12 岁零 7 个 月时 成 为 历史 上 第二 年轻 的 国际 象棋 特级 大师 。,False,False,False,False,False,-1,10,0,0,False,0,3.89354,322279,33352,False,0,5.83863,401620,42361,Gukesh   在   7   岁 时 开始 学习 国际象棋 ， 并 在   12   岁 零   7   个 月 时 成为 历史 上 第二 年轻 的 国际象棋 特级 大师 。,Gukesh 在 7 岁时 开始 学习 国际 象棋 ， 并 在 12 岁 零 7 个 月 时 成为 历史 上 第二 年轻 的 国际 象棋 特级 大师 。,Gukesh 在 7 岁时 开始 学习 国际 象棋 ， 并 在 12 岁零 7 个 月时 成 为 历史 上 第二 年轻 的 国际 象棋 特级 大师 。
2945,406,但人们仍被警告应留在室内，风暴强度还有继续加重的可能。,False,但 人们 仍 被 警告 应 留在 室内 ， 风暴 强度 还有 继续 加重 的 可能 。,但 人们 仍 被 警告 应 留在 室内 ， 风暴 强度 还有 继续 加重 的 可能 。,但 人们 仍 被 警告 应留 在 室内 ， 风暴 强度 还 有 继续 加重 的 可能 。,True,False,False,False,True,1,2.08545,232675,21432,True,1,2.08545,232675,21432,True,1,1.76565,245560,22238,但 人们 仍 被 警告 应 留在 室内 ， 风暴 强度 还有 继续 加重 的 可能 。,但 人们 仍 被 警告 应 留在 室内 ， 风暴 强度 还有 继续 加重 的 可能 。,但 人们 仍 被 警告 应留 在 室内 ， 风暴 强度 还 有 继续 加重 的 可能 。
11628,1022,我们的舌头可以尝味道。,False,我们 的 舌头 可以 尝 味道 。,我们 的 舌头 可以 尝 味道 。,我们 的 舌头 可以 尝 味道 。,True,True,True,True,True,1,0.06101,9511,1200,True,1,0.06101,9511,1200,True,1,0.06101,9511,1200,我们 的 舌头 可以 尝 味道 。,我们 的 舌头 可以 尝 味道 。,我们 的 舌头 可以 尝 味道 。
11137,985,Payne 留下了 7 岁的儿子 Bear，他的父母和两位姐妹。,True,Payne   留下 了   7   岁 的 儿子   Bear ， 他 的 父母 和 两位 姐妹 。,Payne 留下 了 7 岁 的 儿子 Bear ， 他 的 父母 和 两 位 姐妹 。,Payne 留下 了 7 岁 的 儿子 Bear ， 他 的 父母 和 两 位 姐妹 。,False,False,True,False,True,1,3.9458,429509,28568,True,1,3.2608,429509,28568,True,1,3.2608,429509,28568,Payne   留下 了   7   岁 的 儿子   Bear ， 他 的 父母 和 两位 姐妹 。,Payne 留下 了 7 岁 的 儿子 Bear ， 他 的 父母 和 两 位 姐妹 。,Payne 留下 了 7 岁 的 儿子 Bear ， 他 的 父母 和 两 位 姐妹 。
8674,804,加沙持续的战争加剧了紧张局势。,False,加沙 持续 的 战争 加剧 了 紧张局势 。,加沙 持续 的 战争 加剧 了 紧张 局势 。,加沙 持续 的 战争 加剧 了 紧张 局势 。,False,False,True,False,False,0,0.17978,5117,856,False,0,0.03239,6390,1024,False,0,0.03239,6390,1024,加沙 持续 的 战争 加剧 了 紧张局势 。,加沙 持续 的 战争 加剧 了 紧张 局势 。,加沙 持续 的 战争 加剧 了 紧张 局势 。
777,195,周日，Louis Vuitton Moët Hennessy (LVMH) 和他自己的 Off-White 品牌宣布，将街头服饰和高级时装的开创性融合、著名的品味创造者之一的设计师 Virgil Abloh 死于癌症，享年 41 岁。,True,周日 ， Louis   Vuitton   Mo ë t   Hennessy   ( LVMH )   和 他 自己 的   Off - White   品牌 宣布 ， 将 街头 服饰 和 高级 时装 的 开创性 融合 、 著名 的 品味 创造者 之一 的 设计师   Virgil   Abloh   死 于 癌症 ， 享年   41   岁 。,周日 ， Louis Vuitton Moët Hennessy (LVM H) 和 他 自己 的 Off-White 品牌 宣布 ， 将 街头 服饰 和 高级 时装 的 开创性 融合 、 著名 的 品味 创造者 之一 的 设计师 Virgil Abloh 死于 癌症 ， 享年 41 岁 。,周日 ， Louis Vuitton Moët Hennessy (LVMH) 和他 自己 的 Off- White 品牌 宣布 ， 将 街头 服饰 和 高级 时装 的 开创 性 融合 、 著名 的 品味 创造 者 之 一 的 设计 师 Virgil Abloh 死于 癌症 ， 享年 41 岁 。,False,False,False,False,False,0,1.01036,206718,20782,False,0,1.9856,323963,30589,False,0,1e-05,0,0,周日 ， Louis   Vuitton   Mo ë t   Hennessy   ( LVMH )   和 他 自己 的   Off - White   品牌 宣布 ， 将 街头 服饰 和 高级 时装 的 开创性 融合 、 著名 的 品味 创造者 之一 的 设计师   Virgil   Abloh   死 于 癌症 ， 享年   41   岁 。,周日 ， Louis Vuitton Moët Hennessy (LVM H) 和 他 自己 的 Off-White 品牌 宣布 ， 将 街头 服饰 和 高级 时装 的 开创性 融合 、 著名 的 品味 创造者 之一 的 设计师 Virgil Abloh 死于 癌症 ， 享年 41 岁 。,周日 ， Louis Vuitton Moët Hennessy (LVMH) 和他 自己 的 Off- White 品牌 宣布 ， 将 街头 服饰 和 高级 时装 的 开创 性 融合 、 著名 的 品味 创造 者 之 一 的 设计 师 Virgil Abloh 死于 癌症 ， 享年 41 岁 。
14794,1241,不过，白宫新闻秘书 Karoline Leavitt 否认了这一 说法，称之为“假新闻”，并表示特朗普总统仍然支持 Hegseth。,True,不过 ， 白宫 新闻 秘书   Karoline   Leavitt   否认 了 这 一   说法 ， 称之为 “ 假新闻 ” ， 并 表示 特朗普 总统 仍然 支持   Hegseth 。,不过 ， 白宫 新闻 秘书 Karoline Leavitt 否认 了 这 一 说法 ， 称之为 “ 假 新闻 ” ， 并 表示 特朗普 总统 仍然 支持 Hegseth 。,不过 ， 白宫 新闻 秘书 Karoline Leavitt 否认 了 这 一 说法 ， 称 之 为 “ 假 新闻 ” ， 并 表示 特朗普 总统 仍然 支持 Hegseth 。,False,False,False,False,False,0,2.18223,364312,33306,False,0,0.3321,36436,5046,False,0,0.24523,57748,7273,不过 ， 白宫 新闻 秘书   Karoline   Leavitt   否认 了 这 一   说法 ， 称之为 “ 假新闻 ” ， 并 表示 特朗普 总统 仍然 支持   Hegseth 。,不过 ， 白宫 新闻 秘书 Karoline Leavitt 否认 了 这 一 说法 ， 称之为 “ 假 新闻 ” ， 并 表示 特朗普 总统 仍然 支持 Hegseth 。,不过 ， 白宫 新闻 秘书 Karoline Leavitt 否认 了 这 一 说法 ， 称 之 为 “ 假 新闻 ” ， 并 表示 特朗普 总统 仍然 支持 Hegseth 。
17189,1416,初步调查指出，大楼外墙材料可燃性高，火警系统也可能没有正常工作，导致情况更严重。,False,初步 调查 指出 ， 大楼 外墙 材料 可燃性 高 ， 火警 系统 也 可能 没有 正常 工作 ， 导致 情况 更 严重 。,初步 调查 指出 ， 大楼 外墙 材料 可燃性 高 ， 火警 系统 也 可能 没有 正常 工作 ， 导致 情况 更 严重 。,初步 调查 指出 ， 大楼 外墙 材料 可燃 性 高 ， 火警 系统 也 可能 没有 正常 工作 ， 导致 情况 更 严重 。,True,False,False,False,False,0,0.64713,102691,10157,False,0,0.64713,102691,10157,False,0,0.42343,64592,7166,初步 调查 指出 ， 大楼 外墙 材料 可燃性 高 ， 火警 系统 也 可能 没有 正常 工作 ， 导致 情况 更 严重 。,初步 调查 指出 ， 大楼 外墙 材料 可燃性 高 ， 火警 系统 也 可能 没有 正常 工作 ， 导致 情况 更 严重 。,初步 调查 指出 ， 大楼 外墙 材料 可燃 性 高 ， 火警 系统 也 可能 没有 正常 工作 ， 导致 情况 更 严重 。
3937,472,"""是的，"" 他说，""你妹妹在这里，她正在等你。",False,""" 是 的 ， ""   他 说 ， "" 你 妹妹 在 这里 ， 她 正在 等 你 。","""是 的 ， "" 他 说 ， "" 你 妹妹 在 这里 ， 她 正在 等 你 。","""是 的 ， "" 他 说 ， "" 你 妹妹 在 这里 ， 她 正在 等 你 。",False,False,True,False,False,0,0.14381,25386,3309,False,0,0.08542,19012,2692,False,0,0.08542,19012,2692,""" 是 的 ， ""   他 说 ， "" 你 妹妹 在 这里 ， 她 正在 等 你 。","""是 的 ， "" 他 说 ， "" 你 妹妹 在 这里 ， 她 正在 等 你 。","""是 的 ， "" 他 说 ， "" 你 妹妹 在 这里 ， 她 正在 等 你 。"
12228,1065,因为她总是穿着这件斗篷，大家就叫她小红帽。,False,因为 她 总是 穿着 这件 斗篷 ， 大家 就 叫 她 小红帽 。,因为 她 总是 穿着 这 件 斗篷 ， 大家 就 叫 她 小 红帽 。,因为 她 总 是 穿 着 这 件 斗篷 ， 大家 就 叫 她 小红 帽 。,False,False,False,False,True,1,0.60084,108619,11069,True,1,0.80369,151611,14947,True,1,0.57622,102045,10755,因为 她 总是 穿着 这件 斗篷 ， 大家 就 叫 她 小红帽 。,因为 她 总是 穿着 这 件 斗篷 ， 大家 就 叫 她 小 红帽 。,因为 她 总 是 穿 着 这 件 斗篷 ， 大家 就 叫 她 小红 帽 。
2301,337,不少明星、公众人物也纷纷出面声援受害者。,False,不少 明星 、 公众 人物 也 纷纷 出面 声援 受害者 。,不少 明星 、 公众 人物 也 纷纷 出面 声援 受害者 。,不少 明星 、 公众 人物 也 纷纷 出面 声援 受害 者 。,True,False,False,False,False,0,0.04978,8113,1295,False,0,0.04978,8113,1295,False,0,0.04142,8498,1378,不少 明星 、 公众 人物 也 纷纷 出面 声援 受害者 。,不少 明星 、 公众 人物 也 纷纷 出面 声援 受害者 。,不少 明星 、 公众 人物 也 纷纷 出面 声援 受害 者 。
18242,1453,五分钟后。,False,五分钟 后 。,五 分钟 后 。,五 分钟 后 。,False,False,True,False,False,0,0.00963,948,204,True,1,0.06691,10934,1208,True,1,0.06691,10934,1208,五分钟 后 。,五 分钟 后 。,五 分钟 后 。
9658,866,Sunak 将继续担任议员并暂时领导保守党，直到选出继任者。,True,Sunak   将 继续 担任 议员 并 暂时 领导 保守党 ， 直到 选出 继任者 。,Sunak 将 继续 担任 议员 并 暂时 领导 保守党 ， 直到 选出 继任者 。,Sunak 将 继续 担任 议员 并 暂时 领导 保守 党 ， 直到 选出 继任 者 。,False,False,False,False,False,0,0.15441,33333,3822,False,0,0.1735,33333,3822,False,0,0.16184,39306,4534,Sunak   将 继续 担任 议员 并 暂时 领导 保守党 ， 直到 选出 继任者 。,Sunak 将 继续 担任 议员 并 暂时 领导 保守党 ， 直到 选出 继任者 。,Sunak 将 继续 担任 议员 并 暂时 领导 保守 党 ， 直到 选出 继任 者 。
11707,1027,澳大利亚科学家发现，在冲浪板底部安装 LED 灯可能可以防止大白鲨的攻击。,True,澳大利亚 科学家 发现 ， 在 冲浪板 底部 安装   LED   灯 可能 可以 防止 大白鲨 的 攻击 。,澳大利亚 科学家 发现 ， 在 冲浪板 底部 安装 LED 灯 可能 可以 防止 大白鲨 的 攻击 。,澳大利亚 科学 家 发现 ， 在 冲浪板 底部 安装 LED 灯 可能 可以 防止 大 白鲨 的 攻击 。,False,False,False,False,True,1,0.66704,123439,12146,True,1,0.67026,123439,12146,True,1,3.38449,563272,27508,澳大利亚 科学家 发现 ， 在 冲浪板 底部 安装   LED   灯 可能 可以 防止 大白鲨 的 攻击 。,澳大利亚 科学家 发现 ， 在 冲浪板 底部 安装 LED 灯 可能 可以 防止 大白鲨 的 攻击 。,澳大利亚 科学 家 发现 ， 在 冲浪板 底部 安装 LED 灯 可能 可以 防止 大 白鲨 的 攻击 。
19557,1489,超声波是一种人的耳朵听不到的、高 频率的声音。,False,超声波 是 一种 人 的 耳朵 听 不到 的 、 高   频率 的 声音 。,超声波 是 一 种 人 的 耳朵 听 不 到 的 、 高 频率 的 声音 。,超 声波 是 一 种 人 的 耳朵 听 不 到 的 、 高 频率 的 声音 。,False,False,False,False,True,1,1.85583,332484,25615,True,1,1.10204,185547,16062,True,1,1.17268,207602,17818,超声波 是 一种 人 的 耳朵 听 不到 的 、 高   频率 的 声音 。,超声波 是 一 种 人 的 耳朵 听 不 到 的 、 高 频率 的 声音 。,超 声波 是 一 种 人 的 耳朵 听 不 到 的 、 高 频率 的 声音 。
6269,646,据称，Trump 曾与 其律师讨论了向政府官员撒谎的可能性，并采取措施私自隐藏和防止机密文件被发现。,True,据称 ， Trump   曾 与   其 律师 讨论 了 向 政府 官员 撒谎 的 可能性 ， 并 采取措施 私自 隐藏 和 防止 机密文件 被 发现 。,据称 ， Trump 曾 与 其 律师 讨论 了 向 政府 官员 撒谎 的 可能性 ， 并 采取 措施 私自 隐藏 和 防止 机密 文件 被 发现 。,据称 ， Trump 曾 与 其 律师 讨论 了 向 政府 官员 撒谎 的 可能 性 ， 并 采取 措施 私自 隐藏 和 防止 机密 文件 被 发现 。,False,False,False,False,False,0,1.469,220729,22935,False,0,2.10891,288772,29654,False,0,2.54667,353668,35325,据称 ， Trump   曾 与   其 律师 讨论 了 向 政府 官员 撒谎 的 可能性 ， 并 采取措施 私自 隐藏 和 防止 机密文件 被 发现 。,据称 ， Trump 曾 与 其 律师 讨论 了 向 政府 官员 撒谎 的 可能性 ， 并 采取 措施 私自 隐藏 和 防止 机密 文件 被 发现 。,据称 ， Trump 曾 与 其 律师 讨论 了 向 政府 官员 撒谎 的 可能 性 ， 并 采取 措施 私自 隐藏 和 防止 机密 文件 被 发现 。
1979,212,他为世界上所有的孩子准备了礼物，包括 Amy。,True,他 为 世界 上 所有 的 孩子 准备 了 礼物 ， 包括   Amy 。,他 为 世界 上 所有 的 孩子 准备 了 礼物 ， 包括 Amy 。,他 为 世界 上 所有 的 孩子 准备 了 礼物 ， 包括 Amy 。,False,False,True,False,True,1,0.5626,90011,9304,True,1,0.48428,90011,9304,True,1,0.48428,90011,9304,他 为 世界 上 所有 的 孩子 准备 了 礼物 ， 包括   Amy 。,他 为 世界 上 所有 的 孩子 准备 了 礼物 ， 包括 Amy 。,他 为 世界 上 所有 的 孩子 准备 了 礼物 ， 包括 Amy 。
816,208,尽管 Manchin 发表了声明，但包括 Sanders 和众议员 Adriano Espaillat（D-NY）在内的一些立法者周日表示，该法案应在明年 1 月份进行表决。,True,尽管   Manchin   发表 了 声明 ， 但 包括   Sanders   和 众议员   Adriano   Espaillat （ D - NY ） 在内 的 一些 立法者 周日 表示 ， 该 法案 应 在 明年   1   月份 进行 表决 。,尽管 Manchin 发表 了 声明 ， 但 包括 Sanders 和 众议员 Adrian o Espaillat （ D - NY ） 在内 的 一些 立法者 周日 表示 ， 该 法案 应 在 明年 1 月份 进行 表决 。,尽管 Manchin 发表 了 声明 ， 但 包括 Sanders 和众 议员 Adriano Espaillat （ D-NY ） 在内 的 一些 立法 者 周日 表示 ， 该 法案 应 在 明年 1 月份 进行 表决 。,False,False,False,False,False,0,0.57456,98168,11148,False,0,0.52374,106659,11981,False,0,0.0,0,0,尽管   Manchin   发表 了 声明 ， 但 包括   Sanders   和 众议员   Adriano   Espaillat （ D - NY ） 在内 的 一些 立法者 周日 表示 ， 该 法案 应 在 明年   1   月份 进行 表决 。,尽管 Manchin 发表 了 声明 ， 但 包括 Sanders 和 众议员 Adrian o Espaillat （ D - NY ） 在内 的 一些 立法者 周日 表示 ， 该 法案 应 在 明年 1 月份 进行 表决 。,尽管 Manchin 发表 了 声明 ， 但 包括 Sanders 和众 议员 Adriano Espaillat （ D-NY ） 在内 的 一些 立法 者 周日 表示 ， 该 法案 应 在 明年 1 月份 进行 表决 。
7497,730,在本季首播中，Rick 和他的团队帮助了一位伤心欲绝的朋友解决毒瘾问题。,True,在 本季 首播 中 ， Rick   和 他 的 团队 帮助 了 一位 伤心欲绝 的 朋友 解决 毒瘾 问题 。,在 本 季 首播 中 ， Rick 和 他 的 团队 帮助 了 一 位 伤心欲绝 的 朋友 解决 毒瘾 问题 。,在 本季 首播 中 ， Rick 和他 的 团队 帮助 了 一 位 伤心 欲绝 的 朋友 解决 毒瘾 问题 。,False,False,False,False,False,0,0.0,0,0,True,1,7.55253,767424,53206,False,0,0.0,0,0,在 本季 首播 中 ， Rick   和 他 的 团队 帮助 了 一位 伤心欲绝 的 朋友 解决 毒瘾 问题 。,在 本 季 首播 中 ， Rick 和 他 的 团队 帮助 了 一 位 伤心欲绝 的 朋友 解决 毒瘾 问题 。,在 本季 首播 中 ， Rick 和他 的 团队 帮助 了 一 位 伤心 欲绝 的 朋友 解决 毒瘾 问题 。
9549,858,蓝光波长短，更容易被散射，所以天空看起来是蓝色的。,False,蓝光 波长 短 ， 更 容易 被 散射 ， 所以 天空 看起来 是 蓝色 的 。,蓝光 波长 短 ， 更 容易 被 散射 ， 所以 天空 看起来 是 蓝色 的 。,蓝光 波长 短 ， 更 容易 被 散射 ， 所以 天空 看 起来 是 蓝色 的 。,True,False,False,False,False,0,0.11793,21559,2865,False,0,0.11793,21559,2865,False,0,0.2997,64295,7195,蓝光 波长 短 ， 更 容易 被 散射 ， 所以 天空 看起来 是 蓝色 的 。,蓝光 波长 短 ， 更 容易 被 散射 ， 所以 天空 看起来 是 蓝色 的 。,蓝光 波长 短 ， 更 容易 被 散射 ， 所以 天空 看 起来 是 蓝色 的 。
2343,341,另外，针对 2022 年美国经济增长的预期做出了大幅下调，预计 GDP 的增长从 3 月份的 2.8 % 下降至 1.7 %。,True,另外 ， 针对   2022   年 美国 经济 增长 的 预期 做出 了 大幅 下调 ， 预计   GDP   的 增长 从   3   月份 的   2.8   %   下降 至   1.7   % 。,另外 ， 针对 2022 年 美国 经济 增长 的 预期 做出 了 大幅 下调 ， 预计 GDP 的 增长 从 3 月份 的 2.8 % 下降 至 1.7 % 。,另外 ， 针对 2022 年 美国 经济 增长 的 预期 做出 了 大幅 下调 ， 预计 GDP 的 增长 从 3 月份 的 2.8 % 下降 至 1.7 % 。,False,False,True,False,False,0,1.0376,174650,17975,False,0,0.86544,174649,17975,False,0,0.86544,174649,17975,另外 ， 针对   2022   年 美国 经济 增长 的 预期 做出 了 大幅 下调 ， 预计   GDP   的 增长 从   3   月份 的   2.8   %   下降 至   1.7   % 。,另外 ， 针对 2022 年 美国 经济 增长 的 预期 做出 了 大幅 下调 ， 预计 GDP 的 增长 从 3 月份 的 2.8 % 下降 至 1.7 % 。,另外 ， 针对 2022 年 美国 经济 增长 的 预期 做出 了 大幅 下调 ， 预计 GDP 的 增长 从 3 月份 的 2.8 % 下降 至 1.7 % 。
7654,741,拜登对习近平的到访表示热烈欢迎，强调美中关系是全球最重要的关系之一，承诺美国不寻求新冷战、不改变中国体制、不 通过强化同盟反对中国、不 支持“台独”。,False,拜登 对 习近平 的 到访 表示 热烈欢迎 ， 强调 美中关系 是 全球 最 重要 的 关系 之一 ， 承诺 美国 不 寻求 新 冷战 、 不 改变 中国 体制 、 不   通过 强化 同盟 反对 中国 、 不   支持 “ 台独 ” 。,拜登 对习 近平 的 到访 表示 热烈 欢迎 ， 强调 美 中 关系 是 全球 最 重要 的 关系 之一 ， 承诺 美国 不 寻求 新 冷战 、 不 改变 中国 体制 、 不 通过 强化 同盟 反对 中国 、 不 支持 “ 台独 ” 。,拜登 对习 近平 的 到访 表示 热烈 欢迎 ， 强调 美中 关系 是 全球 最 重要 的 关系 之 一 ， 承诺 美国 不 寻求 新 冷战 、 不 改变 中国 体制 、 不 通过 强化 同盟 反对 中国 、 不 支持 “ 台独 ” 。,False,False,False,False,False,-1,10,0,0,False,0,0.0,0,0,False,0,0.0,0,0,拜登 对 习近平 的 到访 表示 热烈欢迎 ， 强调 美中关系 是 全球 最 重要 的 关系 之一 ， 承诺 美国 不 寻求 新 冷战 、 不 改变 中国 体制 、 不   通过 强化 同盟 反对 中国 、 不   支持 “ 台独 ” 。,拜登 对习 近平 的 到访 表示 热烈 欢迎 ， 强调 美 中 关系 是 全球 最 重要 的 关系 之一 ， 承诺 美国 不 寻求 新 冷战 、 不 改变 中国 体制 、 不 通过 强化 同盟 反对 中国 、 不 支持 “ 台独 ” 。,拜登 对习 近平 的 到访 表示 热烈 欢迎 ， 强调 美中 关系 是 全球 最 重要 的 关系 之 一 ， 承诺 美国 不 寻求 新 冷战 、 不 改变 中国 体制 、 不 通过 强化 同盟 反对 中国 、 不 支持 “ 台独 ” 。
3105,419,有许多皮肤上产生的化学 物质，包括某些酸，与吸引蚊子的气味相关。,False,有 许多 皮肤 上 产生 的 化学   物质 ， 包括 某些 酸 ， 与 吸引 蚊子 的 气味 相关 。,有 许多 皮肤 上 产生 的 化学 物质 ， 包括 某些 酸 ， 与 吸引 蚊子 的 气味 相关 。,有 许多 皮肤 上 产生 的 化学 物质 ， 包括 某些 酸 ， 与 吸引 蚊子 的 气味 相关 。,False,False,True,False,False,-1,10,0,0,False,-1,10,0,0,False,-1,10,0,0,有 许多 皮肤 上 产生 的 化学   物质 ， 包括 某些 酸 ， 与 吸引 蚊子 的 气味 相关 。,有 许多 皮肤 上 产生 的 化学 物质 ， 包括 某些 酸 ， 与 吸引 蚊子 的 气味 相关 。,有 许多 皮肤 上 产生 的 化学 物质 ， 包括 某些 酸 ， 与 吸引 蚊子 的 气味 相关 。
12273,1072,Isak Andic，71 岁，全球时尚品牌 Mango 的创始人，于 2024 年 12 月 14 日在西班牙巴塞罗那附近登山时遭遇意外不幸去世。,True,Isak   Andic ， 71   岁 ， 全球 时尚品牌   Mango   的 创始人 ， 于   2024   年   12   月   14   日 在 西班牙 巴塞罗那 附近 登山 时 遭遇 意外 不幸 去世 。,I sak Andic ， 71 岁 ， 全球 时尚 品牌 Mango 的 创始人 ， 于 2024 年 12 月 14 日 在 西班牙 巴塞罗那 附近 登山 时 遭遇 意外 不幸 去世 。,Isak Andic ， 71 岁 ， 全球 时尚 品牌 Mango 的 创始 人 ， 于 2024 年 12 月 14 日 在 西班牙 巴塞罗那 附近 登山 时 遭遇 意外 不幸 去世 。,False,False,False,False,False,-1,10,0,0,False,-1,10,0,0,False,-1,10,0,0,Isak   Andic ， 71   岁 ， 全球 时尚品牌   Mango   的 创始人 ， 于   2024   年   12   月   14   日 在 西班牙 巴塞罗那 附近 登山 时 遭遇 意外 不幸 去世 。,I sak Andic ， 71 岁 ， 全球 时尚 品牌 Mango 的 创始人 ， 于 2024 年 12 月 14 日 在 西班牙 巴塞罗那 附近 登山 时 遭遇 意外 不幸 去世 。,Isak Andic ， 71 岁 ， 全球 时尚 品牌 Mango 的 创始 人 ， 于 2024 年 12 月 14 日 在 西班牙 巴塞罗那 附近 登山 时 遭遇 意外 不幸 去世 。
9160,830,William A. Anders 少校是前宇航员，曾在 1968 年的阿波罗 8 号任务中绕月球飞行，并拍摄了著名的“地球升起”照片。,True,William   A .   Anders   少校 是 前 宇航员 ， 曾 在   1968   年 的 阿波罗   8   号 任务 中绕 月球 飞行 ， 并 拍摄 了 著名 的 “ 地球 升起 ” 照片 。,William A . Anders 少校 是 前 宇航员 ， 曾 在 1968 年 的 阿波罗 8 号 任务 中 绕 月球 飞行 ， 并 拍摄 了 著名 的 “ 地球 升起 ” 照片 。,William A. Anders 少校 是 前 宇航 员 ， 曾 在 1968 年 的 阿波罗 8 号 任务 中 绕 月球 飞行 ， 并 拍摄 了 著名 的 “ 地球 升起 ” 照片 。,False,False,False,False,False,0,0.0,0,0,False,0,2.67233,376492,35291,False,0,2.84132,314772,30037,William   A .   Anders   少校 是 前 宇航员 ， 曾 在   1968   年 的 阿波罗   8   号 任务 中绕 月球 飞行 ， 并 拍摄 了 著名 的 “ 地球 升起 ” 照片 。,William A . Anders 少校 是 前 宇航员 ， 曾 在 1968 年 的 阿波罗 8 号 任务 中 绕 月球 飞行 ， 并 拍摄 了 著名 的 “ 地球 升起 ” 照片 。,William A. Anders 少校 是 前 宇航 员 ， 曾 在 1968 年 的 阿波罗 8 号 任务 中 绕 月球 飞行 ， 并 拍摄 了 著名 的 “ 地球 升起 ” 照片 。
14624,1227,全国各地及海外多米尼加侨民社区纷纷举行悼念活动，全国正陷入深深的哀痛之中，并迫切希望找到事故的真相。,False,全国 各地 及 海外 多米尼加 侨民 社区 纷纷 举行 悼念 活动 ， 全国 正 陷入 深深 的 哀痛 之中 ， 并 迫切希望 找到 事故 的 真相 。,全国 各地 及 海外 多米尼加 侨民 社区 纷纷 举行 悼念 活动 ， 全国 正 陷入 深深 的 哀痛 之中 ， 并 迫切 希望 找到 事故 的 真相 。,全国 各地 及 海外 多米尼加 侨 民 社区 纷纷 举行 悼念 活动 ， 全国 正 陷入 深深 的 哀痛 之中 ， 并 迫切 希望 找到 事故 的 真相 。,False,False,False,False,False,0,0.0,0,0,False,0,0.35647,68774,8018,False,0,0.41847,78842,8936,全国 各地 及 海外 多米尼加 侨民 社区 纷纷 举行 悼念 活动 ， 全国 正 陷入 深深 的 哀痛 之中 ， 并 迫切希望 找到 事故 的 真相 。,全国 各地 及 海外 多米尼加 侨民 社区 纷纷 举行 悼念 活动 ， 全国 正 陷入 深深 的 哀痛 之中 ， 并 迫切 希望 找到 事故 的 真相 。,全国 各地 及 海外 多米尼加 侨 民 社区 纷纷 举行 悼念 活动 ， 全国 正 陷入 深深 的 哀痛 之中 ， 并 迫切 希望 找到 事故 的 真相 。
11816,1035,此前的封锁切断了食物和水供应，导致矿内条件恶劣，志愿者不得不展开救援。,False,此前 的 封锁 切断 了 食物 和 水 供应 ， 导致 矿内 条件 恶劣 ， 志愿者 不得不 展开 救援 。,此前 的 封锁 切断 了 食物 和 水 供应 ， 导致 矿内 条件 恶劣 ， 志愿者 不得不 展开 救援 。,此前 的 封锁 切断 了 食物 和 水 供应 ， 导致 矿内 条件 恶劣 ， 志愿 者 不得 不 展开 救援 。,True,False,False,False,False,0,0.17062,34708,4321,False,0,0.17062,34708,4321,False,0,0.18382,37327,4674,此前 的 封锁 切断 了 食物 和 水 供应 ， 导致 矿内 条件 恶劣 ， 志愿者 不得不 展开 救援 。,此前 的 封锁 切断 了 食物 和 水 供应 ， 导致 矿内 条件 恶劣 ， 志愿者 不得不 展开 救援 。,此前 的 封锁 切断 了 食物 和 水 供应 ， 导致 矿内 条件 恶劣 ， 志愿 者 不得 不 展开 救援 。
5257,574,从前有一只老虎，在森林里寻找食物时轻松地抓住了一只狐狸，准备吃掉它。,False,从前 有 一只 老虎 ， 在 森林 里 寻找 食物 时 轻松 地 抓住 了 一只 狐狸 ， 准备 吃掉 它 。,从前 有 一 只 老虎 ， 在 森林 里 寻找 食物 时 轻松 地 抓住 了 一 只 狐狸 ， 准备 吃掉 它 。,从前 有 一 只 老虎 ， 在 森林 里 寻找 食物 时 轻松 地 抓住 了 一 只 狐狸 ， 准备 吃掉 它 。,False,False,True,False,True,1,0.804,163259,16542,True,1,0.79156,163259,16542,True,1,0.79156,163259,16542,从前 有 一只 老虎 ， 在 森林 里 寻找 食物 时 轻松 地 抓住 了 一只 狐狸 ， 准备 吃掉 它 。,从前 有 一 只 老虎 ， 在 森林 里 寻找 食物 时 轻松 地 抓住 了 一 只 狐狸 ， 准备 吃掉 它 。,从前 有 一 只 老虎 ， 在 森林 里 寻找 食物 时 轻松 地 抓住 了 一 只 狐狸 ， 准备 吃掉 它 。
11981,1049,这些国家正在寻求就各国应对气候变化和应对其不利影响（例如威胁其生存的海平面上升）的法律义务提供咨询意见。,False,这些 国家 正在 寻求 就 各国 应对 气候变化 和 应对 其 不利 影响 （ 例如 威胁 其 生存 的 海平面 上升 ） 的 法律义务 提供 咨询 意见 。,这些 国家 正在 寻求 就 各国 应对 气候 变化 和 应对 其 不利 影响 （ 例如 威胁 其 生存 的 海平面 上升 ） 的 法律 义务 提供 咨询 意见 。,这些 国家 正 在 寻求 就 各国 应对 气候 变化 和 应对 其 不利 影响 （ 例如 威胁 其 生存 的 海 平面 上升 ） 的 法律 义务 提供 咨询 意见 。,False,False,False,False,False,0,0.21556,48987,6212,False,0,0.31167,76409,8711,False,0,0.44944,91918,10174,这些 国家 正在 寻求 就 各国 应对 气候变化 和 应对 其 不利 影响 （ 例如 威胁 其 生存 的 海平面 上升 ） 的 法律义务 提供 咨询 意见 。,这些 国家 正在 寻求 就 各国 应对 气候 变化 和 应对 其 不利 影响 （ 例如 威胁 其 生存 的 海平面 上升 ） 的 法律 义务 提供 咨询 意见 。,这些 国家 正 在 寻求 就 各国 应对 气候 变化 和 应对 其 不利 影响 （ 例如 威胁 其 生存 的 海 平面 上升 ） 的 法律 义务 提供 咨询 意见 。
11496,1014,尽管如此，美联储仍致力于在维持价格稳定与健康的就业市场之间取得平衡。,False,尽管如此 ， 美联储 仍 致力于 在 维持 价格 稳定 与 健康 的 就业 市场 之间 取得 平衡 。,尽管 如此 ， 美联储 仍 致力于 在 维持 价格 稳定 与 健康 的 就业 市场 之间 取得 平衡 。,尽管 如此 ， 美联 储 仍 致力 于 在 维持 价格 稳定 与 健康 的 就业 市场 之间 取得 平衡 。,False,False,False,False,False,0,1e-05,0,0,False,0,0.16551,30085,3855,False,0,0.1407,32655,4185,尽管如此 ， 美联储 仍 致力于 在 维持 价格 稳定 与 健康 的 就业 市场 之间 取得 平衡 。,尽管 如此 ， 美联储 仍 致力于 在 维持 价格 稳定 与 健康 的 就业 市场 之间 取得 平衡 。,尽管 如此 ， 美联 储 仍 致力 于 在 维持 价格 稳定 与 健康 的 就业 市场 之间 取得 平衡 。
6867,686,台风 Doksuri 袭击中国南部地区，带来大雨和强风天气。,True,台风   Doksuri   袭击 中国 南部 地区 ， 带来 大雨 和 强风 天气 。,台风 Doksuri 袭击 中国 南部 地区 ， 带来 大雨 和 强风 天气 。,台风 Doksuri 袭击 中国 南部 地区 ， 带来 大雨 和 强风 天气 。,False,False,True,False,False,0,0.08604,14666,2122,False,0,0.0568,14666,2122,False,0,0.0568,14666,2122,台风   Doksuri   袭击 中国 南部 地区 ， 带来 大雨 和 强风 天气 。,台风 Doksuri 袭击 中国 南部 地区 ， 带来 大雨 和 强风 天气 。,台风 Doksuri 袭击 中国 南部 地区 ， 带来 大雨 和 强风 天气 。
8768,810,日本央行做出这些改变是因为工资强劲增长的迹象，他们认为这将导致可持续的通胀。,False,日本央行 做出 这些 改变 是因为 工资 强劲 增长 的 迹象 ， 他们 认为 这 将 导致 可 持续 的 通胀 。,日本 央行 做出 这些 改变 是 因为 工资 强劲 增长 的 迹象 ， 他们 认为 这 将 导致 可持续 的 通胀 。,日本 央行 做出 这些 改变 是 因为 工资 强劲 增长 的 迹象 ， 他们 认为 这 将 导致 可 持续 的 通胀 。,False,False,False,False,False,0,0.0,0,0,True,1,1.15238,206772,20119,True,1,1.53294,273436,25425,日本央行 做出 这些 改变 是因为 工资 强劲 增长 的 迹象 ， 他们 认为 这 将 导致 可 持续 的 通胀 。,日本 央行 做出 这些 改变 是 因为 工资 强劲 增长 的 迹象 ， 他们 认为 这 将 导致 可持续 的 通胀 。,日本 央行 做出 这些 改变 是 因为 工资 强劲 增长 的 迹象 ， 他们 认为 这 将 导致 可 持续 的 通胀 。
2031,16,“嗨，公主！这些蔬菜你都买吗？” 小梅问道。,False,“ 嗨 ， 公主 ！ 这些 蔬菜 你 都 买 吗 ？ ”   小梅 问道 。,“ 嗨 ， 公主 ！ 这些 蔬菜 你 都 买 吗 ？ ” 小梅 问道 。,“ 嗨 ， 公主 ！ 这些 蔬菜 你 都 买 吗 ？ ” 小梅 问道 。,False,False,True,False,False,0,0.1114,13679,2139,False,0,0.04806,13679,2139,False,0,0.04806,13679,2139,“ 嗨 ， 公主 ！ 这些 蔬菜 你 都 买 吗 ？ ”   小梅 问道 。,“ 嗨 ， 公主 ！ 这些 蔬菜 你 都 买 吗 ？ ” 小梅 问道 。,“ 嗨 ， 公主 ！ 这些 蔬菜 你 都 买 吗 ？ ” 小梅 问道 。
5533,594,他爬到山顶，发现了一个美丽的花园。,False,他 爬 到 山顶 ， 发现 了 一个 美丽 的 花园 。,他 爬到 山顶 ， 发现 了 一个 美丽 的 花园 。,他 爬到 山顶 ， 发现 了 一 个 美丽 的 花园 。,False,False,False,False,True,1,0.61479,115910,11191,True,1,0.17731,42983,4630,True,1,0.19495,42996,4630,他 爬 到 山顶 ， 发现 了 一个 美丽 的 花园 。,他 爬到 山顶 ， 发现 了 一个 美丽 的 花园 。,他 爬到 山顶 ， 发现 了 一 个 美丽 的 花园 。
17144,1411,抗议者要求政府修改预算草案，不要削减福利，而是提高富人的税收。,False,抗议者 要求 政府 修改 预算 草案 ， 不要 削减 福利 ， 而是 提高 富人 的 税收 。,抗议者 要求 政府 修改 预算 草案 ， 不要 削减 福利 ， 而是 提高 富人 的 税收 。,抗议 者 要求 政府 修改 预算 草案 ， 不要 削减 福利 ， 而是 提高 富人 的 税收 。,True,False,False,False,True,1,0.69115,136367,13695,True,1,0.69115,136367,13695,True,1,0.82437,156841,15704,抗议者 要求 政府 修改 预算 草案 ， 不要 削减 福利 ， 而是 提高 富人 的 税收 。,抗议者 要求 政府 修改 预算 草案 ， 不要 削减 福利 ， 而是 提高 富人 的 税收 。,抗议 者 要求 政府 修改 预算 草案 ， 不要 削减 福利 ， 而是 提高 富人 的 税收 。
8038,766,再次让面团在温暖的地方进行二次发酵，大约需要 30-60 分钟。,False,再次 让 面团 在 温暖 的 地方 进行 二次 发酵 ， 大约 需要   30 - 60   分钟 。,再次 让 面团 在 温暖 的 地方 进行 二 次 发酵 ， 大约 需要 30 - 60 分钟 。,再次 让 面团 在 温暖 的 地方 进行 二 次 发酵 ， 大约 需要 30- 60 分钟 。,False,False,False,False,False,0,0.0,0,0,False,0,0.0,0,0,False,0,0.24953,61223,7076,再次 让 面团 在 温暖 的 地方 进行 二次 发酵 ， 大约 需要   30 - 60   分钟 。,再次 让 面团 在 温暖 的 地方 进行 二 次 发酵 ， 大约 需要 30 - 60 分钟 。,再次 让 面团 在 温暖 的 地方 进行 二 次 发酵 ， 大约 需要 30- 60 分钟 。
5275,575,国际妇女节始于 1911 年，是女性们庆祝成就、相互支持、挑战刻板印象、消除歧视的日子。,False,国际妇女节 始于   1911   年 ， 是 女性 们 庆祝 成就 、 相互支持 、 挑战 刻板 印象 、 消除 歧视 的 日子 。,国际 妇女 节始于 1911 年 ， 是 女性们 庆祝 成就 、 相互 支持 、 挑战 刻板印象 、 消除 歧视 的 日子 。,国际 妇女 节始 于 1911 年 ， 是 女性 们 庆祝 成就 、 相互 支持 、 挑战 刻板 印象 、 消除 歧视 的 日子 。,False,False,False,False,False,0,0.0,0,0,False,-1,10,0,0,False,-1,10,0,0,国际妇女节 始于   1911   年 ， 是 女性 们 庆祝 成就 、 相互支持 、 挑战 刻板 印象 、 消除 歧视 的 日子 。,国际 妇女 节始于 1911 年 ， 是 女性们 庆祝 成就 、 相互 支持 、 挑战 刻板印象 、 消除 歧视 的 日子 。,国际 妇女 节始 于 1911 年 ， 是 女性 们 庆祝 成就 、 相互 支持 、 挑战 刻板 印象 、 消除 歧视 的 日子 。
14880,1249,2025 年 4 月 28 日，西班牙和葡萄牙发生大规模停电，导致 Madrid、Barcelona、Lisbon 和 Seville 等主要城市严重受影响。,True,2025   年   4   月   28   日 ， 西班牙 和 葡萄牙 发生 大规模 停电 ， 导致   Madrid 、 Barcelona 、 Lisbon   和   Seville   等 主要 城市 严重 受 影响 。,2025 年 4 月 28 日 ， 西班牙 和 葡萄牙 发生 大规模 停电 ， 导致 Madrid 、 Barcelona 、 Lisbon 和 Seville 等 主要 城市 严重 受 影响 。,2025 年 4 月 28 日 ， 西班牙 和 葡萄牙 发生 大 规模 停电 ， 导致 Madrid 、 Barcelona 、 Lisbon 和 Seville 等 主要 城市 严重 受 影响 。,False,False,False,False,False,-1,10,0,0,True,1,8.01904,841448,65111,True,1,7.15187,840434,65120,2025   年   4   月   28   日 ， 西班牙 和 葡萄牙 发生 大规模 停电 ， 导致   Madrid 、 Barcelona 、 Lisbon   和   Seville   等 主要 城市 严重 受 影响 。,2025 年 4 月 28 日 ， 西班牙 和 葡萄牙 发生 大规模 停电 ， 导致 Madrid 、 Barcelona 、 Lisbon 和 Seville 等 主要 城市 严重 受 影响 。,2025 年 4 月 28 日 ， 西班牙 和 葡萄牙 发生 大 规模 停电 ， 导致 Madrid 、 Barcelona 、 Lisbon 和 Seville 等 主要 城市 严重 受 影响 。
12255,1067,"""你奶奶住在哪里呀，小红帽？""",False,""" 你 奶奶 住 在 哪里 呀 ， 小红帽 ？ """,""" 你 奶奶 住 在 哪里 呀 ， 小 红帽 ？ """,""" 你 奶奶 住 在 哪里 呀 ， 小 红帽 ？ """,False,False,True,False,False,0,0.09775,7640,1262,False,0,0.05656,8772,1418,False,0,0.05656,8772,1418,""" 你 奶奶 住 在 哪里 呀 ， 小红帽 ？ """,""" 你 奶奶 住 在 哪里 呀 ， 小 红帽 ？ """,""" 你 奶奶 住 在 哪里 呀 ， 小 红帽 ？ """
8860,816,在过去的几年里，他让女性和穆斯林也参与了仪式中来，打破了前几任 教皇的传统。,False,在 过去 的 几年 里 ， 他 让 女性 和 穆斯林 也 参与 了 仪式 中来 ， 打破 了 前 几任   教皇 的 传统 。,在 过去 的 几 年 里 ， 他 让 女性 和 穆斯林 也 参与 了 仪式 中 来 ， 打破 了 前 几 任 教皇 的 传统 。,在 过去 的 几 年 里 ， 他 让 女性 和 穆斯林 也 参与 了 仪式 中来 ， 打破 了 前 几 任 教皇 的 传统 。,False,False,False,False,False,0,0.0,0,0,False,0,5.91914,602473,54717,False,0,0.0,0,0,在 过去 的 几年 里 ， 他 让 女性 和 穆斯林 也 参与 了 仪式 中来 ， 打破 了 前 几任   教皇 的 传统 。,在 过去 的 几 年 里 ， 他 让 女性 和 穆斯林 也 参与 了 仪式 中 来 ， 打破 了 前 几 任 教皇 的 传统 。,在 过去 的 几 年 里 ， 他 让 女性 和 穆斯林 也 参与 了 仪式 中来 ， 打破 了 前 几 任 教皇 的 传统 。
18461,1461,近年来，该地区武装活动持续加剧，已在全国范围内造成数百人死亡。,False,近年来 ， 该 地区 武装 活动 持续 加剧 ， 已 在 全国 范围 内 造成 数百人 死亡 。,近年来 ， 该 地区 武装 活动 持续 加剧 ， 已 在 全国 范围 内 造成 数百 人 死亡 。,近年 来 ， 该 地区 武装 活动 持续 加剧 ， 已 在 全国 范围 内 造成 数百 人 死亡 。,False,False,False,False,False,0,0.23647,54378,6145,False,0,0.33474,78944,8779,True,1,1.17194,236213,22139,近年来 ， 该 地区 武装 活动 持续 加剧 ， 已 在 全国 范围 内 造成 数百人 死亡 。,近年来 ， 该 地区 武装 活动 持续 加剧 ， 已 在 全国 范围 内 造成 数百 人 死亡 。,近年 来 ， 该 地区 武装 活动 持续 加剧 ， 已 在 全国 范围 内 造成 数百 人 死亡 。
7215,709,尽管面临指控，他在 2024 年大选的共和党竞选中仍处于领先地位。,False,尽管 面临 指控 ， 他 在   2024   年 大选 的 共和党 竞选 中 仍 处于 领先地位 。,尽管 面临 指控 ， 他 在 2024 年 大选 的 共和党 竞选 中 仍 处于 领先 地位 。,尽管 面临 指控 ， 他 在 2024 年 大选 的 共和 党 竞选 中 仍 处 于 领先 地位 。,False,False,False,False,True,1,0.74604,160007,15034,False,0,0.88366,156436,15011,True,1,0.78045,172604,16570,尽管 面临 指控 ， 他 在   2024   年 大选 的 共和党 竞选 中 仍 处于 领先地位 。,尽管 面临 指控 ， 他 在 2024 年 大选 的 共和党 竞选 中 仍 处于 领先 地位 。,尽管 面临 指控 ， 他 在 2024 年 大选 的 共和 党 竞选 中 仍 处 于 领先 地位 。
10541,937,此次罢工加剧了波音面临的持续挑战，包括生产缺陷、供应链问题和联邦审查力度加大。,False,此次 罢工 加剧 了 波音 面临 的 持续 挑战 ， 包括 生产 缺陷 、 供应链 问题 和 联邦 审查 力度 加大 。,此次 罢工 加剧 了 波音 面临 的 持续 挑战 ， 包括 生产 缺陷 、 供应链 问题 和 联邦 审查 力度 加大 。,此次 罢工 加剧 了 波音 面临 的 持续 挑战 ， 包括 生产 缺陷 、 供应 链 问题 和 联邦 审查 力度 加大 。,True,False,False,False,False,0,2.69893,258120,25022,False,0,2.69893,258120,25022,False,0,5.86623,587775,53390,此次 罢工 加剧 了 波音 面临 的 持续 挑战 ， 包括 生产 缺陷 、 供应链 问题 和 联邦 审查 力度 加大 。,此次 罢工 加剧 了 波音 面临 的 持续 挑战 ， 包括 生产 缺陷 、 供应链 问题 和 联邦 审查 力度 加大 。,此次 罢工 加剧 了 波音 面临 的 持续 挑战 ， 包括 生产 缺陷 、 供应 链 问题 和 联邦 审查 力度 加大 。
1430,240,周四，社交媒体巨头 Facebook 发布了一份严峻的前景报告，并指责苹果公司改变隐私协议以及加剧的竞争关系。,True,周四 ， 社交 媒体 巨头   Facebook   发布 了 一份 严峻 的 前景 报告 ， 并 指责 苹果公司 改变 隐私 协议 以及 加剧 的 竞争 关系 。,周四 ， 社交 媒体 巨头 Facebook 发布 了 一 份 严峻 的 前景 报告 ， 并 指责 苹果 公司 改变 隐私 协议 以及 加剧 的 竞争 关系 。,周四 ， 社交 媒体 巨头 Facebook 发布 了 一 份 严峻 的 前景 报告 ， 并 指责 苹果 公司 改变 隐私 协议 以及 加剧 的 竞争 关系 。,False,False,True,False,False,-1,10,0,0,False,-1,10,0,0,False,-1,10,0,0,周四 ， 社交 媒体 巨头   Facebook   发布 了 一份 严峻 的 前景 报告 ， 并 指责 苹果公司 改变 隐私 协议 以及 加剧 的 竞争 关系 。,周四 ， 社交 媒体 巨头 Facebook 发布 了 一 份 严峻 的 前景 报告 ， 并 指责 苹果 公司 改变 隐私 协议 以及 加剧 的 竞争 关系 。,周四 ， 社交 媒体 巨头 Facebook 发布 了 一 份 严峻 的 前景 报告 ， 并 指责 苹果 公司 改变 隐私 协议 以及 加剧 的 竞争 关系 。
7545,735,当地时间下午 4 点 07 分，有紧急电话报告可能有人溺水。,False,当地 时间 下午   4   点   07   分 ， 有 紧急 电话 报告 可能 有人 溺水 。,当地 时间 下午 4 点 07 分 ， 有 紧急 电话 报告 可能 有人 溺水 。,当地 时间 下午 4 点 07 分 ， 有 紧急 电话 报告 可能 有 人 溺 水 。,False,False,False,False,True,1,0.79239,155829,14802,True,1,0.76443,155829,14802,False,0,0.73152,152717,15081,当地 时间 下午   4   点   07   分 ， 有 紧急 电话 报告 可能 有人 溺水 。,当地 时间 下午 4 点 07 分 ， 有 紧急 电话 报告 可能 有人 溺水 。,当地 时间 下午 4 点 07 分 ， 有 紧急 电话 报告 可能 有 人 溺 水 。
554,142,研究发现，由于气候变化，地球从太空反射的光减少了，地球云层覆盖没有以前那样多了。,False,研究 发现 ， 由于 气候变化 ， 地球 从 太空 反射 的 光 减少 了 ， 地球 云层 覆盖 没有 以前 那样 多 了 。,研究 发现 ， 由于 气候 变化 ， 地球 从 太空 反射 的 光 减少 了 ， 地球 云层 覆盖 没有 以前 那样 多 了 。,研究 发现 ， 由于 气候 变化 ， 地球 从 太空 反射 的 光 减少 了 ， 地球 云层 覆盖 没有 以前 那样 多 了 。,False,False,True,False,False,-1,10,0,0,False,-1,10,0,0,False,-1,10,0,0,研究 发现 ， 由于 气候变化 ， 地球 从 太空 反射 的 光 减少 了 ， 地球 云层 覆盖 没有 以前 那样 多 了 。,研究 发现 ， 由于 气候 变化 ， 地球 从 太空 反射 的 光 减少 了 ， 地球 云层 覆盖 没有 以前 那样 多 了 。,研究 发现 ， 由于 气候 变化 ， 地球 从 太空 反射 的 光 减少 了 ， 地球 云层 覆盖 没有 以前 那样 多 了 。
10295,917,目前他被按照成年人谋杀罪的标准进行了指控。,False,目前 他 被 按照 成年人 谋杀罪 的 标准 进行 了 指控 。,目前 他 被 按照 成年人 谋杀罪 的 标准 进行 了 指控 。,目前 他 被 按照 成年 人 谋杀 罪 的 标准 进行 了 指控 。,True,False,False,False,True,1,0.18924,22042,2668,True,1,0.18924,22042,2668,False,0,0.0994,20243,2630,目前 他 被 按照 成年人 谋杀罪 的 标准 进行 了 指控 。,目前 他 被 按照 成年人 谋杀罪 的 标准 进行 了 指控 。,目前 他 被 按照 成年 人 谋杀 罪 的 标准 进行 了 指控 。
12948,1111,"""哦，感谢上帝！""老太太双手合十说。""感谢上帝！感谢——""",False,""" 哦 ， 感谢上帝 ！ "" 老太太 双手 合十 说 。 "" 感谢上帝 ！ 感谢 — — """,""" 哦 ， 感谢 上帝 ！ ""老 太太 双手合十 说 。 "" 感谢 上帝 ！ 感谢 —— ""","""哦 ， 感谢 上帝 ！ "" 老 太太 双 手 合 十 说 。 "" 感谢 上帝 ！ 感谢 —— """,False,False,False,False,False,0,0.07267,9783,1836,False,0,0.05576,12580,2103,False,0,0.06986,14597,2422,""" 哦 ， 感谢上帝 ！ "" 老太太 双手 合十 说 。 "" 感谢上帝 ！ 感谢 — — """,""" 哦 ， 感谢 上帝 ！ ""老 太太 双手合十 说 。 "" 感谢 上帝 ！ 感谢 —— ""","""哦 ， 感谢 上帝 ！ "" 老 太太 双 手 合 十 说 。 "" 感谢 上帝 ！ 感谢 —— """
8793,811,近年来，中国在减少污染方面取得了进展，但 2023 年北京等城市的雾霾水平却有所上升。,False,近年来 ， 中国 在 减少 污染 方面 取得 了 进展 ， 但   2023   年 北京 等 城市 的 雾 霾 水平 却 有所 上升 。,近年来 ， 中国 在 减少 污染 方面 取得 了 进展 ， 但 2023 年 北京 等 城市 的 雾霾 水平 却 有所 上升 。,近年 来 ， 中国 在 减少 污染 方面 取得 了 进展 ， 但 2023 年 北京 等 城市 的 雾霾 水平 却 有 所 上升 。,False,False,False,False,False,0,0.84015,175260,17216,False,0,0.7034,143829,14485,False,0,1.28903,211804,20862,近年来 ， 中国 在 减少 污染 方面 取得 了 进展 ， 但   2023   年 北京 等 城市 的 雾 霾 水平 却 有所 上升 。,近年来 ， 中国 在 减少 污染 方面 取得 了 进展 ， 但 2023 年 北京 等 城市 的 雾霾 水平 却 有所 上升 。,近年 来 ， 中国 在 减少 污染 方面 取得 了 进展 ， 但 2023 年 北京 等 城市 的 雾霾 水平 却 有 所 上升 。
1831,312,他环顾着聚集在他周围的人群，大家也看着他与街对面想要抢劫银行的歹徒展开的对峙。,False,他 环顾 着 聚集 在 他 周围 的 人群 ， 大家 也 看着 他 与 街 对面 想要 抢劫 银行 的 歹徒 展开 的 对峙 。,他 环顾 着 聚集 在 他 周围 的 人群 ， 大家 也 看 着 他 与 街对面 想要 抢劫 银行 的 歹徒 展开 的 对峙 。,他 环 顾 着 聚集 在 他 周围 的 人群 ， 大家 也 看 着 他 与 街 对面 想 要 抢劫 银行 的 歹徒 展开 的 对峙 。,False,False,False,False,False,0,4.64136,623543,56896,False,0,3.15181,400348,37645,False,0,4.48738,529487,50526,他 环顾 着 聚集 在 他 周围 的 人群 ， 大家 也 看着 他 与 街 对面 想要 抢劫 银行 的 歹徒 展开 的 对峙 。,他 环顾 着 聚集 在 他 周围 的 人群 ， 大家 也 看 着 他 与 街对面 想要 抢劫 银行 的 歹徒 展开 的 对峙 。,他 环 顾 着 聚集 在 他 周围 的 人群 ， 大家 也 看 着 他 与 街 对面 想 要 抢劫 银行 的 歹徒 展开 的 对峙 。
6907,689,异常的强降雨和洪涝也导致北京的航班被取消，各类服务中断，旅游景点也被迫关闭。,False,异常 的 强降雨 和 洪涝 也 导致 北京 的 航班 被 取消 ， 各类 服务 中断 ， 旅游景点 也 被迫 关闭 。,异常 的 强降雨 和 洪涝 也 导致 北京 的 航班 被 取消 ， 各类 服务 中断 ， 旅游 景点 也 被迫 关闭 。,异常 的 强 降雨 和 洪涝 也 导致 北京 的 航班 被 取消 ， 各类 服务 中断 ， 旅游 景点 也 被 迫 关闭 。,False,False,False,False,False,0,0.47331,66923,7191,False,0,0.30818,69625,7504,False,0,0.21792,51347,6049,异常 的 强降雨 和 洪涝 也 导致 北京 的 航班 被 取消 ， 各类 服务 中断 ， 旅游景点 也 被迫 关闭 。,异常 的 强降雨 和 洪涝 也 导致 北京 的 航班 被 取消 ， 各类 服务 中断 ， 旅游 景点 也 被迫 关闭 。,异常 的 强 降雨 和 洪涝 也 导致 北京 的 航班 被 取消 ， 各类 服务 中断 ， 旅游 景点 也 被 迫 关闭 。
18978,1479,人们把茶叶压成茶饼，喝的时候先磨成粉，再用热水冲泡搅打出泡沫。,False,人们 把 茶叶 压成 茶 饼 ， 喝 的 时候 先 磨成 粉 ， 再用 热水 冲泡 搅 打出 泡沫 。,人们 把 茶叶 压成 茶饼 ， 喝 的 时候 先 磨 成粉 ， 再 用 热水 冲泡 搅 打出 泡沫 。,人们 把 茶叶 压成 茶饼 ， 喝 的 时候 先磨 成粉 ， 再用 热水 冲 泡搅 打出 泡沫 。,False,False,False,False,False,0,0.0,0,0,True,1,9.45639,733476,68552,False,0,0.0,0,0,人们 把 茶叶 压成 茶 饼 ， 喝 的 时候 先 磨成 粉 ， 再用 热水 冲泡 搅 打出 泡沫 。,人们 把 茶叶 压成 茶饼 ， 喝 的 时候 先 磨 成粉 ， 再 用 热水 冲泡 搅 打出 泡沫 。,人们 把 茶叶 压成 茶饼 ， 喝 的 时候 先磨 成粉 ， 再用 热水 冲 泡搅 打出 泡沫 。
10273,915,De Moraes 还冻结了 Musk 在巴西的卫星互联网提供商 Starlink 的银行账户。,True,De   Moraes   还 冻结 了   Musk   在 巴西 的 卫星 互联网 提供商   Starlink   的 银行 账户 。,De Moraes 还 冻结 了 Musk 在 巴西 的 卫星 互联网 提供 商 Starlink 的 银行 账户 。,De Moraes 还冻结 了 Musk 在 巴西 的 卫星 互联 网 提供 商 Starlink 的 银行 账户 。,False,False,False,False,True,1,0.42947,84590,8231,True,1,0.40842,97122,9302,True,1,0.58667,111258,10682,De   Moraes   还 冻结 了   Musk   在 巴西 的 卫星 互联网 提供商   Starlink   的 银行 账户 。,De Moraes 还 冻结 了 Musk 在 巴西 的 卫星 互联网 提供 商 Starlink 的 银行 账户 。,De Moraes 还冻结 了 Musk 在 巴西 的 卫星 互联 网 提供 商 Starlink 的 银行 账户 。
6981,694,娜娜今年 5 岁，很喜欢听妈妈讲故事。,False,娜娜 今年   5   岁 ， 很 喜欢 听 妈妈 讲故事 。,娜娜 今年 5 岁 ， 很 喜欢 听 妈妈 讲 故事 。,娜娜 今年 5 岁 ， 很 喜欢 听 妈妈 讲 故事 。,False,False,True,False,True,1,0.23134,54963,6090,False,0,0.1633,40836,4715,False,0,0.1633,40836,4715,娜娜 今年   5   岁 ， 很 喜欢 听 妈妈 讲故事 。,娜娜 今年 5 岁 ， 很 喜欢 听 妈妈 讲 故事 。,娜娜 今年 5 岁 ， 很 喜欢 听 妈妈 讲 故事 。
16113,1333,虽然这种变化人类无法察觉，但可能需要在 2029 年左右进行一次罕见的负闰秒调整，也就是让原子钟“少跳一秒”。,False,虽然 这种 变化 人类 无法 察觉 ， 但 可能 需要 在   2029   年 左右 进行 一次 罕见 的 负 闰秒 调整 ， 也 就是 让 原子钟 “ 少 跳 一秒 ” 。,虽然 这种 变化 人类 无法 察觉 ， 但 可能 需要 在 2029 年 左右 进行 一 次 罕见 的 负闰 秒 调整 ， 也 就是 让 原子钟 “ 少 跳 一 秒 ” 。,虽然 这 种 变化 人类 无法 察觉 ， 但 可能 需要 在 2029 年 左右 进行 一 次 罕见 的 负 闰秒 调整 ， 也 就是 让 原子 钟 “ 少 跳 一 秒 ” 。,False,False,False,False,False,-1,10,0,0,False,-1,10,0,0,False,-1,10,0,0,虽然 这种 变化 人类 无法 察觉 ， 但 可能 需要 在   2029   年 左右 进行 一次 罕见 的 负 闰秒 调整 ， 也 就是 让 原子钟 “ 少 跳 一秒 ” 。,虽然 这种 变化 人类 无法 察觉 ， 但 可能 需要 在 2029 年 左右 进行 一 次 罕见 的 负闰 秒 调整 ， 也 就是 让 原子钟 “ 少 跳 一 秒 ” 。,虽然 这 种 变化 人类 无法 察觉 ， 但 可能 需要 在 2029 年 左右 进行 一 次 罕见 的 负 闰秒 调整 ， 也 就是 让 原子 钟 “ 少 跳 一 秒 ” 。
12778,1101,此外，Zeli 的丈夫于 2024 年 9 月因疑似食物中毒去世，相关案件正在重新审查，调查人员计划对其遗体进行验尸，以检测是否存在砷中毒。,True,此外 ， Zeli   的 丈夫 于   2024   年   9   月 因 疑似 食物中毒 去世 ， 相关 案件 正在 重新 审查 ， 调查 人员 计划 对 其 遗体 进行 验尸 ， 以 检测 是否 存在 砷中毒 。,此外 ， Zeli 的 丈夫 于 2024 年 9 月 因 疑似 食物 中毒 去世 ， 相关 案件 正在 重新 审查 ， 调查 人员 计划 对 其 遗体 进行 验尸 ， 以 检测 是否 存在 砷 中毒 。,此外 ， Zeli 的 丈夫 于 2024 年 9 月 因 疑似 食物 中毒 去世 ， 相关 案件 正 在 重新 审查 ， 调查 人员 计划 对 其 遗体 进行 验尸 ， 以 检测 是否 存在 砷 中毒 。,False,False,False,False,False,0,1.00306,154611,16008,False,0,0.58447,133596,14232,False,0,0.7855,135917,14506,此外 ， Zeli   的 丈夫 于   2024   年   9   月 因 疑似 食物中毒 去世 ， 相关 案件 正在 重新 审查 ， 调查 人员 计划 对 其 遗体 进行 验尸 ， 以 检测 是否 存在 砷中毒 。,此外 ， Zeli 的 丈夫 于 2024 年 9 月 因 疑似 食物 中毒 去世 ， 相关 案件 正在 重新 审查 ， 调查 人员 计划 对 其 遗体 进行 验尸 ， 以 检测 是否 存在 砷 中毒 。,此外 ， Zeli 的 丈夫 于 2024 年 9 月 因 疑似 食物 中毒 去世 ， 相关 案件 正 在 重新 审查 ， 调查 人员 计划 对 其 遗体 进行 验尸 ， 以 检测 是否 存在 砷 中毒 。
14777,1240,他那句著名的——“Who am I to judge?”（我有什么资格评判？）成为其改革精神的代表，尽管他的现代化改革在 教会内部引发了不同声音。,True,他 那句 著名 的 — — “ Who   am   I   to   judge ? ” （ 我 有 什么 资格 评判 ？ ） 成为 其 改革 精神 的 代表 ， 尽管 他 的 现代化 改革 在   教会 内部 引发 了 不同 声音 。,他 那 句 著名 的 —— “ Who am I to judge ? ” （ 我 有 什么 资格 评判 ？ ） 成为 其 改革 精神 的 代表 ， 尽管 他 的 现代化 改革 在 教会 内部 引发 了 不同 声音 。,他 那 句 著名 的 —— “ Who am I to judge? ” （ 我 有 什么 资格 评判 ？ ） 成 为 其 改革 精神 的 代表 ， 尽管 他 的 现代 化 改革 在 教会 内部 引发 了 不同 声音 。,False,False,False,False,False,0,0.0,0,0,False,0,0.0,0,0,False,0,0.0,0,0,他 那句 著名 的 — — “ Who   am   I   to   judge ? ” （ 我 有 什么 资格 评判 ？ ） 成为 其 改革 精神 的 代表 ， 尽管 他 的 现代化 改革 在   教会 内部 引发 了 不同 声音 。,他 那 句 著名 的 —— “ Who am I to judge ? ” （ 我 有 什么 资格 评判 ？ ） 成为 其 改革 精神 的 代表 ， 尽管 他 的 现代化 改革 在 教会 内部 引发 了 不同 声音 。,他 那 句 著名 的 —— “ Who am I to judge? ” （ 我 有 什么 资格 评判 ？ ） 成 为 其 改革 精神 的 代表 ， 尽管 他 的 现代 化 改革 在 教会 内部 引发 了 不同 声音 。
4548,519,从前，在一个遥远的王国里，有一位勇敢而坚强的武士，名叫世杰。,False,从前 ， 在 一个 遥远 的 王国里 ， 有 一位 勇敢 而 坚强 的 武士 ， 名叫 世杰 。,从前 ， 在 一个 遥远 的 王国 里 ， 有 一 位 勇敢 而 坚强 的 武士 ， 名叫 世杰 。,从前 ， 在 一 个 遥远 的 王国 里 ， 有 一 位 勇敢 而 坚强 的 武士 ， 名 叫 世杰 。,False,False,False,False,True,1,3.698,407488,37653,True,1,3.17625,358088,32468,True,1,7.5552,629592,55764,从前 ， 在 一个 遥远 的 王国里 ， 有 一位 勇敢 而 坚强 的 武士 ， 名叫 世杰 。,从前 ， 在 一个 遥远 的 王国 里 ， 有 一 位 勇敢 而 坚强 的 武士 ， 名叫 世杰 。,从前 ， 在 一 个 遥远 的 王国 里 ， 有 一 位 勇敢 而 坚强 的 武士 ， 名 叫 世杰 。
8701,806,该图片中，人们发现凯特没有戴结婚戒指，而且背景对于三月份的英国来说很不寻常。,False,该 图片 中 ， 人们 发现 凯特 没有 戴 结婚戒指 ， 而且 背景 对于 三月份 的 英国 来说 很 不 寻常 。,该 图片 中 ， 人们 发现 凯特 没有 戴 结婚 戒指 ， 而且 背景 对于 三月份 的 英国 来说 很 不 寻常 。,该 图片 中 ， 人们 发现 凯特 没有 戴 结婚 戒指 ， 而且 背景 对于 三 月 份 的 英国 来 说 很 不 寻常 。,False,False,False,False,False,0,0.47032,91802,9539,False,0,0.22689,65901,7320,False,0,0.27887,74296,8286,该 图片 中 ， 人们 发现 凯特 没有 戴 结婚戒指 ， 而且 背景 对于 三月份 的 英国 来说 很 不 寻常 。,该 图片 中 ， 人们 发现 凯特 没有 戴 结婚 戒指 ， 而且 背景 对于 三月份 的 英国 来说 很 不 寻常 。,该 图片 中 ， 人们 发现 凯特 没有 戴 结婚 戒指 ， 而且 背景 对于 三 月 份 的 英国 来 说 很 不 寻常 。
4459,513,Emily 这才知道，原来她就是水晶所选定的守护者。,True,Emily   这才 知道 ， 原来 她 就是 水晶 所 选定 的 守护者 。,Emily   这才 知道 ， 原来 她 就是 水晶所 选定 的 守护者 。,Emily 这 才 知道 ， 原来 她 就是 水晶 所 选定 的 守护 者 。,False,False,False,False,False,0,0.0,0,0,False,0,0.0,0,0,True,1,0.10577,28367,3542,Emily   这才 知道 ， 原来 她 就是 水晶 所 选定 的 守护者 。,Emily   这才 知道 ， 原来 她 就是 水晶所 选定 的 守护者 。,Emily 这 才 知道 ， 原来 她 就是 水晶 所 选定 的 守护 者 。
8098,770,目前尚未有人声称对此次爆炸事件负责，但伊朗誓言将惩罚责任人。,False,目前 尚未 有人 声称 对 此次 爆炸事件 负责 ， 但 伊朗 誓言 将 惩罚 责任人 。,目前 尚未 有人 声称 对此 次 爆炸 事件 负责 ， 但 伊朗 誓言 将 惩罚 责任人 。,目前 尚 未 有 人 声称 对 此次 爆炸 事件 负责 ， 但 伊朗 誓言 将 惩罚 责任 人 。,False,False,False,False,False,0,0.19742,49663,5789,False,0,0.17516,49057,5773,False,0,0.22116,61755,7045,目前 尚未 有人 声称 对 此次 爆炸事件 负责 ， 但 伊朗 誓言 将 惩罚 责任人 。,目前 尚未 有人 声称 对此 次 爆炸 事件 负责 ， 但 伊朗 誓言 将 惩罚 责任人 。,目前 尚 未 有 人 声称 对 此次 爆炸 事件 负责 ， 但 伊朗 誓言 将 惩罚 责任 人 。
18712,1470,而南半球的智利、新西兰、南非等地封斋时间则长达 14 至 15 小时。,False,而 南半球 的 智利 、 新西兰 、 南非 等 地 封斋 时间 则 长达   14   至   15   小时 。,而 南半球 的 智利 、 新西兰 、 南非 等 地 封斋 时间 则 长 达 14 至 15 小时 。,而 南 半球 的 智利 、 新 西兰 、 南非 等 地 封 斋 时间 则 长达 14 至 15 小时 。,False,False,False,False,True,1,1.99099,486742,12866,True,1,0.87373,176868,12337,False,0,0.16402,46433,5518,而 南半球 的 智利 、 新西兰 、 南非 等 地 封斋 时间 则 长达   14   至   15   小时 。,而 南半球 的 智利 、 新西兰 、 南非 等 地 封斋 时间 则 长 达 14 至 15 小时 。,而 南 半球 的 智利 、 新 西兰 、 南非 等 地 封 斋 时间 则 长达 14 至 15 小时 。
17316,1420,阿聪： 我饿的时候判断力不好嘛！,False,阿聪 ：   我 饿 的 时候 判断力 不好 嘛 ！,阿聪 ： 我 饿 的 时候 判断力 不 好 嘛 ！,阿聪 ： 我饿 的 时候 判断 力 不好 嘛 ！,False,False,False,False,False,0,0.06372,9872,1397,False,0,0.08503,16564,2099,False,0,0.0,0,0,阿聪 ：   我 饿 的 时候 判断力 不好 嘛 ！,阿聪 ： 我 饿 的 时候 判断力 不 好 嘛 ！,阿聪 ： 我饿 的 时候 判断 力 不好 嘛 ！
8621,801,包括国王 Charles III 在内的王室成员目前因健康问题而受到媒体的密切关注。,True,包括 国王   Charles   III   在内 的 王室 成员 目前 因 健康 问题 而 受到 媒体 的 密切 关注 。,包括 国王 Charles III 在内 的 王室 成员 目前 因 健康 问题 而 受到 媒体 的 密切 关注 。,包括 国王 Charles III 在内 的 王室 成员 目前 因 健康 问题 而 受到 媒体 的 密切 关注 。,False,False,True,False,False,0,0.11885,31346,3969,False,0,0.09543,31346,3969,False,0,0.09543,31346,3969,包括 国王   Charles   III   在内 的 王室 成员 目前 因 健康 问题 而 受到 媒体 的 密切 关注 。,包括 国王 Charles III 在内 的 王室 成员 目前 因 健康 问题 而 受到 媒体 的 密切 关注 。,包括 国王 Charles III 在内 的 王室 成员 目前 因 健康 问题 而 受到 媒体 的 密切 关注 。
19972,1495,中国跳水奥运冠军全红婵最近接受《人物》杂志采访时流下了眼泪，坦言自己曾在 2024 年巴黎奥运会后认真考虑过退役。,False,中国 跳水 奥运冠军 全红婵 最近 接受 《 人物 》 杂志 采访 时 流下 了 眼泪 ， 坦言 自己 曾 在   2024   年 巴黎 奥运会 后 认真 考虑 过 退役 。,中国 跳水 奥运 冠军 全 红婵 最近 接受 《 人物 》 杂志 采访 时 流下 了 眼泪 ， 坦言 自己 曾 在 2024 年 巴黎 奥运会 后 认真 考虑 过 退役 。,中国 跳水 奥运 冠军 全红 婵 最近 接受 《 人物 》 杂志 采访 时 流下 了 眼泪 ， 坦言 自己 曾 在 2024 年 巴黎 奥运 会 后 认真 考虑 过 退役 。,False,False,False,False,False,0,0.0,0,0,False,0,2.26752,436547,41835,False,0,0.0,0,0,中国 跳水 奥运冠军 全红婵 最近 接受 《 人物 》 杂志 采访 时 流下 了 眼泪 ， 坦言 自己 曾 在   2024   年 巴黎 奥运会 后 认真 考虑 过 退役 。,中国 跳水 奥运 冠军 全 红婵 最近 接受 《 人物 》 杂志 采访 时 流下 了 眼泪 ， 坦言 自己 曾 在 2024 年 巴黎 奥运会 后 认真 考虑 过 退役 。,中国 跳水 奥运 冠军 全红 婵 最近 接受 《 人物 》 杂志 采访 时 流下 了 眼泪 ， 坦言 自己 曾 在 2024 年 巴黎 奥运 会 后 认真 考虑 过 退役 。
13794,1168,这对夫妇的遗体已出现腐烂迹象，表明他们在被一名维修工人发现之前已去世一段时间。,False,这 对 夫妇 的 遗体 已 出现 腐烂 迹象 ， 表明 他们 在 被 一名 维修 工人 发现 之前 已 去世 一段时间 。,这 对 夫妇 的 遗体 已 出现 腐烂 迹象 ， 表明 他们 在 被 一 名 维修 工人 发现 之前 已 去世 一 段 时间 。,这 对 夫妇 的 遗体 已 出现 腐烂 迹象 ， 表明 他们 在 被 一 名 维修 工人 发现 之前 已 去世 一 段 时间 。,False,False,True,False,False,0,0.15841,33584,4360,False,0,0.29007,58731,7173,False,0,0.29007,58731,7173,这 对 夫妇 的 遗体 已 出现 腐烂 迹象 ， 表明 他们 在 被 一名 维修 工人 发现 之前 已 去世 一段时间 。,这 对 夫妇 的 遗体 已 出现 腐烂 迹象 ， 表明 他们 在 被 一 名 维修 工人 发现 之前 已 去世 一 段 时间 。,这 对 夫妇 的 遗体 已 出现 腐烂 迹象 ， 表明 他们 在 被 一 名 维修 工人 发现 之前 已 去世 一 段 时间 。
19932,1494,"乐乐站在 后面，小声对旁边的同学说：""他们两个每次都这样。""",False,"乐乐 站 在   后面 ， 小声 对 旁边 的 同学 说 ： "" 他们 两个 每次 都 这样 。 ""","乐乐站 在 后面 ， 小声 对 旁边 的 同学 说 ： "" 他们 两 个 每次 都 这样 。 ""","乐乐 站 在 后面 ， 小声 对 旁边 的 同学 说 ： "" 他们 两 个 每次 都 这样 。 """,False,False,False,False,False,0,0.22561,45804,5309,False,0,0.18625,39541,4705,False,0,0.18605,45804,5309,"乐乐 站 在   后面 ， 小声 对 旁边 的 同学 说 ： "" 他们 两个 每次 都 这样 。 ""","乐乐站 在 后面 ， 小声 对 旁边 的 同学 说 ： "" 他们 两 个 每次 都 这样 。 ""","乐乐 站 在 后面 ， 小声 对 旁边 的 同学 说 ： "" 他们 两 个 每次 都 这样 。 """
12904,1108,现任总统 Joe Biden 发表了深情的悼词，称赞 Jimmy Carter 在恢复公众对政府信任、推动人道主义事业以及坚持正直品格方面的巨大贡献。,True,现任 总统   Joe   Biden   发表 了 深情 的 悼词 ， 称赞   Jimmy   Carter   在 恢复 公众 对 政府 信任 、 推动 人道主义 事业 以及 坚持 正直 品格 方面 的 巨大贡献 。,现任 总统 Joe Biden 发表 了 深情 的 悼词 ， 称赞 Jimmy Carter 在 恢复 公众 对 政府 信任 、 推动 人道主义 事业 以及 坚持 正直 品格 方面 的 巨大 贡献 。,现任 总统 Joe Biden 发表 了 深情 的 悼词 ， 称赞 Jimmy Carter 在 恢复 公众 对 政府 信任 、 推动 人道 主义 事业 以及 坚持 正直 品格 方面 的 巨大 贡献 。,False,False,False,False,False,0,0.33667,72791,8397,False,0,0.43667,77148,8827,False,0,0.40194,84794,9602,现任 总统   Joe   Biden   发表 了 深情 的 悼词 ， 称赞   Jimmy   Carter   在 恢复 公众 对 政府 信任 、 推动 人道主义 事业 以及 坚持 正直 品格 方面 的 巨大贡献 。,现任 总统 Joe Biden 发表 了 深情 的 悼词 ， 称赞 Jimmy Carter 在 恢复 公众 对 政府 信任 、 推动 人道主义 事业 以及 坚持 正直 品格 方面 的 巨大 贡献 。,现任 总统 Joe Biden 发表 了 深情 的 悼词 ， 称赞 Jimmy Carter 在 恢复 公众 对 政府 信任 、 推动 人道 主义 事业 以及 坚持 正直 品格 方面 的 巨大 贡献 。
11720,1028,创纪录的有毒雾霾笼罩了巴基斯坦东部和印度北部，卫星图像清晰显示了这一现象。,False,创纪录 的 有 毒雾 霾 笼罩 了 巴基斯坦 东部 和 印度 北部 ， 卫星 图像 清晰 显示 了 这 一 现象 。,创纪录 的 有毒 雾霾 笼罩 了 巴基斯坦 东部 和 印度 北部 ， 卫星 图像 清晰 显示 了 这 一 现象 。,创 纪录 的 有毒 雾 霾笼罩 了 巴基斯坦 东部 和 印度 北部 ， 卫星 图像 清 晰 显示 了 这 一 现象 。,False,False,False,False,False,0,0.12478,27297,3576,False,0,0.09845,22199,3039,False,0,0.0,0,0,创纪录 的 有 毒雾 霾 笼罩 了 巴基斯坦 东部 和 印度 北部 ， 卫星 图像 清晰 显示 了 这 一 现象 。,创纪录 的 有毒 雾霾 笼罩 了 巴基斯坦 东部 和 印度 北部 ， 卫星 图像 清晰 显示 了 这 一 现象 。,创 纪录 的 有毒 雾 霾笼罩 了 巴基斯坦 东部 和 印度 北部 ， 卫星 图像 清 晰 显示 了 这 一 现象 。
7183,707,印度计划未来将进行更多太空任务，包括太阳能研究和最终的载人太空飞行。,False,印度 计划 未来 将 进行 更 多 太空 任务 ， 包括 太阳能 研究 和 最终 的 载人 太空飞行 。,印度 计划 未来 将 进行 更 多 太空 任务 ， 包括 太阳能 研究 和 最终 的 载人 太空 飞行 。,印度 计划 未来 将 进行 更多 太空 任务 ， 包括 太阳 能 研究 和 最终 的 载人 太空 飞行 。,False,False,False,False,False,0,0.27401,51337,5985,False,0,0.3602,70218,7756,False,0,0.63613,124198,12299,印度 计划 未来 将 进行 更 多 太空 任务 ， 包括 太阳能 研究 和 最终 的 载人 太空飞行 。,印度 计划 未来 将 进行 更 多 太空 任务 ， 包括 太阳能 研究 和 最终 的 载人 太空 飞行 。,印度 计划 未来 将 进行 更多 太空 任务 ， 包括 太阳 能 研究 和 最终 的 载人 太空 飞行 。
4390,508,随着她慢慢深入这座黑暗的山洞，她的心脏也跟着加速跳动。,False,随着 她 慢慢 深入 这座 黑暗 的 山洞 ， 她 的 心脏 也 跟着 加速 跳动 。,随着 她 慢慢 深入 这 座 黑暗 的 山洞 ， 她 的 心脏 也 跟着 加速 跳动 。,随 着 她 慢慢 深入 这 座 黑暗 的 山洞 ， 她 的 心脏 也 跟 着 加速 跳动 。,False,False,False,False,False,0,0.53516,107670,9866,False,0,0.52481,107671,9866,False,0,0.48367,106895,10361,随着 她 慢慢 深入 这座 黑暗 的 山洞 ， 她 的 心脏 也 跟着 加速 跳动 。,随着 她 慢慢 深入 这 座 黑暗 的 山洞 ， 她 的 心脏 也 跟着 加速 跳动 。,随 着 她 慢慢 深入 这 座 黑暗 的 山洞 ， 她 的 心脏 也 跟 着 加速 跳动 。
16415,1357,父亲又问：“可你弟弟更小啊？”,False,父亲 又 问 ： “ 可 你 弟弟 更 小 啊 ？ ”,父亲 又 问 ： “ 可 你 弟弟 更 小 啊 ？ ”,父亲 又 问 ： “ 可 你 弟弟 更小 啊 ？ ”,True,False,False,False,False,0,0.07873,12810,1830,False,0,0.07873,12810,1830,False,0,0.0,0,0,父亲 又 问 ： “ 可 你 弟弟 更 小 啊 ？ ”,父亲 又 问 ： “ 可 你 弟弟 更 小 啊 ？ ”,父亲 又 问 ： “ 可 你 弟弟 更小 啊 ？ ”
15866,1321,一些人权组织正在呼吁展开独立调查，并要求对受害者进行尸检和医疗记录保存。,False,一些 人权 组织 正在 呼吁 展开 独立 调查 ， 并 要求 对 受害者 进行 尸检 和 医疗 记录 保存 。,一些 人权 组织 正在 呼吁 展开 独立 调查 ， 并 要求 对 受害者 进行 尸检 和 医疗 记录 保存 。,一些 人权 组织 正 在 呼吁 展开 独立 调查 ， 并 要求 对 受害 者 进行 尸检 和 医疗 记录 保存 。,True,False,False,False,False,0,0.26494,49180,5914,False,0,0.26494,49180,5914,False,0,0.31061,54503,6498,一些 人权 组织 正在 呼吁 展开 独立 调查 ， 并 要求 对 受害者 进行 尸检 和 医疗 记录 保存 。,一些 人权 组织 正在 呼吁 展开 独立 调查 ， 并 要求 对 受害者 进行 尸检 和 医疗 记录 保存 。,一些 人权 组织 正 在 呼吁 展开 独立 调查 ， 并 要求 对 受害 者 进行 尸检 和 医疗 记录 保存 。
2738,385,很快，Cecil 就被人们拥戴为青蛙骑士，当他们遇到麻烦时，人们会纷纷上门寻求 Cecil 的帮助。,True,很快 ， Cecil   就 被 人们 拥戴 为 青蛙 骑士 ， 当 他们 遇到 麻烦 时 ， 人们 会 纷纷 上门 寻求   Cecil   的 帮助 。,很快 ， Cecil 就 被 人们 拥戴 为 青蛙 骑士 ， 当 他们 遇到 麻烦 时 ， 人们 会 纷纷 上门 寻求 Cecil 的 帮助 。,很快 ， Cecil 就被 人们 拥戴 为 青蛙 骑士 ， 当 他们 遇到 麻烦 时 ， 人们 会 纷纷 上门 寻求 Cecil 的 帮助 。,False,False,False,False,True,1,1.29159,221014,21838,True,1,1.21628,221012,21838,True,1,1.20684,221013,21838,很快 ， Cecil   就 被 人们 拥戴 为 青蛙 骑士 ， 当 他们 遇到 麻烦 时 ， 人们 会 纷纷 上门 寻求   Cecil   的 帮助 。,很快 ， Cecil 就 被 人们 拥戴 为 青蛙 骑士 ， 当 他们 遇到 麻烦 时 ， 人们 会 纷纷 上门 寻求 Cecil 的 帮助 。,很快 ， Cecil 就被 人们 拥戴 为 青蛙 骑士 ， 当 他们 遇到 麻烦 时 ， 人们 会 纷纷 上门 寻求 Cecil 的 帮助 。
843,214,"她因在 ""The Golden Girls,"" ""Boston Legal"" and ""Hot in Cleveland"" 等电视、电影中饰演亲切又犀利的老年人角色而广为 人知并深受爱戴。",True,"她 因 在   "" The   Golden   Girls , ""   "" Boston   Legal ""   and   "" Hot   in   Cleveland ""   等 电视 、 电影 中 饰演 亲切 又 犀利 的 老年人 角色 而 广为   人知 并 深受 爱戴 。","她 因 在 "" The Golden Girls , "" ""Boston Legal "" and ""Hot in Clevelan d"" 等 电视 、 电影 中 饰演 亲切 又 犀利 的 老年人 角色 而 广为 人知 并 深受 爱戴 。","她 因 在 "" The Golden Girls, "" "" Boston Legal "" and ""Hot in Cleveland "" 等 电视 、 电影 中 饰演 亲切 又 犀利 的 老年 人 角色 而 广 为 人知 并 深受 爱 戴 。",False,False,False,False,False,0,0.0,0,0,False,0,0.0,0,0,False,0,0.0,0,0,"她 因 在   "" The   Golden   Girls , ""   "" Boston   Legal ""   and   "" Hot   in   Cleveland ""   等 电视 、 电影 中 饰演 亲切 又 犀利 的 老年人 角色 而 广为   人知 并 深受 爱戴 。","她 因 在 "" The Golden Girls , "" ""Boston Legal "" and ""Hot in Clevelan d"" 等 电视 、 电影 中 饰演 亲切 又 犀利 的 老年人 角色 而 广为 人知 并 深受 爱戴 。","她 因 在 "" The Golden Girls, "" "" Boston Legal "" and ""Hot in Cleveland "" 等 电视 、 电影 中 饰演 亲切 又 犀利 的 老年 人 角色 而 广 为 人知 并 深受 爱 戴 。"
3404,438,不久之后，警员以谋杀 Davenport 伯爵的罪名逮捕了 John。,True,不久 之后 ， 警员 以 谋杀   Davenport   伯爵 的 罪名 逮捕 了   John 。,不久 之后 ， 警员 以 谋杀 Davenport 伯爵 的 罪名 逮捕 了 John 。,不久 之后 ， 警员 以 谋杀 Davenport 伯爵 的 罪名 逮捕 了 John 。,False,False,True,False,True,1,0.17814,32125,3858,True,1,0.12591,32123,3858,True,1,0.12591,32123,3858,不久 之后 ， 警员 以 谋杀   Davenport   伯爵 的 罪名 逮捕 了   John 。,不久 之后 ， 警员 以 谋杀 Davenport 伯爵 的 罪名 逮捕 了 John 。,不久 之后 ， 警员 以 谋杀 Davenport 伯爵 的 罪名 逮捕 了 John 。
4882,549,尽管脚踝受伤，Patrick Mahomes 还是 27 投 21 中 182 码，3 次达阵，零拦截，成为了本场比赛的 MVP。,True,尽管 脚踝 受伤 ， Patrick   Mahomes   还是   27   投   21   中   182   码 ， 3   次达阵 ， 零 拦截 ， 成为 了 本场 比赛 的   MVP 。,尽管 脚踝 受伤 ， Patrick Mahomes 还是 27 投 21 中 182 码 ， 3 次 达阵 ， 零 拦截 ， 成为 了 本场 比赛 的 MVP 。,尽管 脚踝 受伤 ， Patrick Mahomes 还是 27 投 21 中 182 码 ， 3 次 达阵 ， 零 拦截 ， 成 为 了 本场 比赛 的 MVP 。,False,False,False,False,False,-1,10,0,0,False,-1,10,0,0,False,-1,10,0,0,尽管 脚踝 受伤 ， Patrick   Mahomes   还是   27   投   21   中   182   码 ， 3   次达阵 ， 零 拦截 ， 成为 了 本场 比赛 的   MVP 。,尽管 脚踝 受伤 ， Patrick Mahomes 还是 27 投 21 中 182 码 ， 3 次 达阵 ， 零 拦截 ， 成为 了 本场 比赛 的 MVP 。,尽管 脚踝 受伤 ， Patrick Mahomes 还是 27 投 21 中 182 码 ， 3 次 达阵 ， 零 拦截 ， 成 为 了 本场 比赛 的 MVP 。
5106,567,在 Escobar 死后，这些河马被留下，经过多年繁殖，现在 Colombia 国内已有约 130 只河马。,True,在   Escobar   死后 ， 这些 河马 被 留下 ， 经过 多年 繁殖 ， 现在   Colombia   国内 已有 约   130   只 河马 。,在 Escobar 死 后 ， 这些 河马 被 留下 ， 经过 多年 繁殖 ， 现在 Colombia 国内 已 有约 130 只 河马 。,在 Escobar 死后 ， 这些 河马 被 留下 ， 经过 多 年 繁殖 ， 现在 Colombia 国内 已有 约 130 只河马 。,False,False,False,False,False,0,0.0,0,0,False,0,0.0,0,0,False,0,0.0,0,0,在   Escobar   死后 ， 这些 河马 被 留下 ， 经过 多年 繁殖 ， 现在   Colombia   国内 已有 约   130   只 河马 。,在 Escobar 死 后 ， 这些 河马 被 留下 ， 经过 多年 繁殖 ， 现在 Colombia 国内 已 有约 130 只 河马 。,在 Escobar 死后 ， 这些 河马 被 留下 ， 经过 多 年 繁殖 ， 现在 Colombia 国内 已有 约 130 只河马 。
13645,1152,当时 Adrián 正与他的父亲 Dell 一起划皮划艇，Dell 无意间用视频记录下了这一幕。,True,当时   Adri á n   正 与 他 的 父亲   Dell   一起 划 皮划艇 ， Dell   无意间 用 视频 记录 下 了 这 一幕 。,当时 Adrián 正 与 他 的 父亲 Dell 一起 划皮 划艇 ， Dell 无意间 用 视频 记录 下 了 这 一 幕 。,当时 Adrián 正与 他 的 父亲 Dell 一起 划皮 划艇 ， Dell 无意 间 用 视频 记录 下 了 这 一 幕 。,False,False,False,False,False,0,0.373,96673,10447,True,1,6.49371,636904,56933,False,0,0.0,0,0,当时   Adri á n   正 与 他 的 父亲   Dell   一起 划 皮划艇 ， Dell   无意间 用 视频 记录 下 了 这 一幕 。,当时 Adrián 正 与 他 的 父亲 Dell 一起 划皮 划艇 ， Dell 无意间 用 视频 记录 下 了 这 一 幕 。,当时 Adrián 正与 他 的 父亲 Dell 一起 划皮 划艇 ， Dell 无意 间 用 视频 记录 下 了 这 一 幕 。
1688,298,Musk 表示，该封禁账号的行为疏远了美国的大部分地区，并且也没有最终使 Trump 无处发声。,True,Musk   表示 ， 该 封禁 账号 的 行为 疏远 了 美国 的 大部分 地区 ， 并且 也 没有 最终 使   Trump   无处 发声 。,Musk 表示 ， 该 封禁 账号 的 行为 疏远 了 美国 的 大部分 地区 ， 并且 也 没有 最终 使 Trump 无处 发声 。,Musk 表示 ， 该 封禁账 号 的 行为 疏远 了 美国 的 大 部分 地区 ， 并且 也 没有 最终 使 Trump 无处 发声 。,False,False,False,False,False,0,1.28579,203823,20064,False,0,1.31229,203823,20064,False,0,0.15092,41841,5347,Musk   表示 ， 该 封禁 账号 的 行为 疏远 了 美国 的 大部分 地区 ， 并且 也 没有 最终 使   Trump   无处 发声 。,Musk 表示 ， 该 封禁 账号 的 行为 疏远 了 美国 的 大部分 地区 ， 并且 也 没有 最终 使 Trump 无处 发声 。,Musk 表示 ， 该 封禁账 号 的 行为 疏远 了 美国 的 大 部分 地区 ， 并且 也 没有 最终 使 Trump 无处 发声 。
12470,1082,Della 看着镜子里自己的长发，突然有 了主意。,True,Della   看着 镜子 里 自己 的 长发 ， 突然 有   了 主意 。,Della 看 着 镜子 里 自己 的 长发 ， 突然 有 了 主意 。,Della 看着 镜子 里 自己 的 长发 ， 突然 有 了 主意 。,False,False,False,False,True,1,0.39359,95045,9846,True,1,0.39678,95045,9846,True,1,0.40667,95045,9846,Della   看着 镜子 里 自己 的 长发 ， 突然 有   了 主意 。,Della 看 着 镜子 里 自己 的 长发 ， 突然 有 了 主意 。,Della 看着 镜子 里 自己 的 长发 ， 突然 有 了 主意 。
12321,1076,公主马上便醒了过来，同时国王、王后和城堡里的其他人也都一起醒来了。,False,公主 马上 便醒 了 过来 ， 同时 国王 、 王后 和 城堡 里 的 其他人 也 都 一起 醒来 了 。,公主 马上 便醒 了 过来 ， 同时 国王 、 王后 和 城堡 里 的 其他人 也 都 一起 醒来 了 。,公主 马上 便 醒 了 过来 ， 同时 国王 、 王后 和 城堡 里 的 其他 人 也 都 一起 醒来 了 。,True,False,False,False,False,0,0.0,0,0,False,0,0.0,0,0,False,0,0.4551,81649,8115,公主 马上 便醒 了 过来 ， 同时 国王 、 王后 和 城堡 里 的 其他人 也 都 一起 醒来 了 。,公主 马上 便醒 了 过来 ， 同时 国王 、 王后 和 城堡 里 的 其他人 也 都 一起 醒来 了 。,公主 马上 便 醒 了 过来 ， 同时 国王 、 王后 和 城堡 里 的 其他 人 也 都 一起 醒来 了 。
15061,1263,这些页边画不只是装饰，还有评论和幽默的作用。,False,这些 页 边 画 不 只是 装饰 ， 还有 评论 和 幽默 的 作用 。,这些 页边 画 不只 是 装饰 ， 还有 评论 和 幽默 的 作用 。,这些 页 边 画 不 只 是 装饰 ， 还 有 评论 和 幽默 的 作用 。,False,False,False,False,False,0,0.20673,52769,6169,True,1,0.62427,110043,11060,True,1,0.72774,110111,11248,这些 页 边 画 不 只是 装饰 ， 还有 评论 和 幽默 的 作用 。,这些 页边 画 不只 是 装饰 ， 还有 评论 和 幽默 的 作用 。,这些 页 边 画 不 只 是 装饰 ， 还 有 评论 和 幽默 的 作用 。
17001,1401,该措施将于 2025 年 9 月 21 日生效，仅适用于新申请，不影响现有 H-1B 签证持有人、续签申请或已获批准的案件。,True,该 措施 将 于   2025   年   9   月   21   日 生效 ， 仅 适用 于 新 申请 ， 不 影响 现有   H - 1B   签证 持有人 、 续签 申请 或 已 获 批准 的 案件 。,该 措施 将 于 2025 年 9 月 21 日 生效 ， 仅 适用 于 新 申请 ， 不 影响 现有 H - 1 B 签证 持有人 、 续签 申请 或 已 获 批准 的 案件 。,该 措施 将 于 2025 年 9 月 21 日 生效 ， 仅 适用 于 新 申请 ， 不 影响 现有 H-1B 签证 持有 人 、 续签 申请 或 已 获 批准 的 案件 。,False,False,False,False,False,0,8.60829,805990,64583,False,0,4.54064,564595,46445,False,0,4.45938,517964,42986,该 措施 将 于   2025   年   9   月   21   日 生效 ， 仅 适用 于 新 申请 ， 不 影响 现有   H - 1B   签证 持有人 、 续签 申请 或 已 获 批准 的 案件 。,该 措施 将 于 2025 年 9 月 21 日 生效 ， 仅 适用 于 新 申请 ， 不 影响 现有 H - 1 B 签证 持有人 、 续签 申请 或 已 获 批准 的 案件 。,该 措施 将 于 2025 年 9 月 21 日 生效 ， 仅 适用 于 新 申请 ， 不 影响 现有 H-1B 签证 持有 人 、 续签 申请 或 已 获 批准 的 案件 。
8242,780,微软正在调查其图像生成工具是否被滥用。,False,微软 正在 调查 其 图像 生成 工具 是否 被 滥用 。,微软 正在 调查 其 图像 生成 工具 是否 被 滥用 。,微软 正 在 调查 其 图像 生成 工具 是否 被 滥用 。,True,False,False,False,False,0,0.13379,9290,1452,False,0,0.13379,9290,1452,False,0,0.0449,11041,1677,微软 正在 调查 其 图像 生成 工具 是否 被 滥用 。,微软 正在 调查 其 图像 生成 工具 是否 被 滥用 。,微软 正 在 调查 其 图像 生成 工具 是否 被 滥用 。
18301,1457,EU 已启动紧急磋商，讨论协调立场及潜在反制措施，同时重申对 Denmark 及 Greenland 主权的支持。,True,EU   已 启动 紧急 磋商 ， 讨论 协调 立场 及 潜在 反制 措施 ， 同时 重申 对   Denmark   及   Greenland   主权 的 支持 。,EU 已 启动 紧急 磋商 ， 讨论 协调 立场 及 潜在 反制 措施 ， 同时 重申 对 Denmark 及 Greenland 主权 的 支持 。,EU 已 启动 紧急 磋商 ， 讨论 协调 立场 及 潜在 反制 措施 ， 同时 重申 对 Denmark 及 Greenland 主权 的 支持 。,False,False,True,False,False,-1,10,0,0,False,-1,10,0,0,False,-1,10,0,0,EU   已 启动 紧急 磋商 ， 讨论 协调 立场 及 潜在 反制 措施 ， 同时 重申 对   Denmark   及   Greenland   主权 的 支持 。,EU 已 启动 紧急 磋商 ， 讨论 协调 立场 及 潜在 反制 措施 ， 同时 重申 对 Denmark 及 Greenland 主权 的 支持 。,EU 已 启动 紧急 磋商 ， 讨论 协调 立场 及 潜在 反制 措施 ， 同时 重申 对 Denmark 及 Greenland 主权 的 支持 。
217,47,五角大楼官员首次承认，在喀布尔机场的这次自杀式炸弹袭击中，一些被杀的人可能死于一名美国官员的枪击而非自杀式炸弹袭击。,False,五角大楼 官员 首次 承认 ， 在 喀布尔 机场 的 这次 自杀式 炸弹 袭击 中 ， 一些 被 杀 的 人 可能 死 于 一名 美国 官员 的 枪击 而 非 自杀式 炸弹 袭击 。,五角大楼 官员 首次 承认 ， 在 喀布尔 机场 的 这次 自杀式 炸弹 袭击 中 ， 一些 被 杀 的 人 可能 死于 一 名 美国 官员 的 枪击 而 非 自杀式 炸弹 袭击 。,五角 大楼 官员 首次 承认 ， 在 喀布尔 机场 的 这 次 自杀 式 炸弹 袭击 中 ， 一些 被 杀 的 人 可能 死 于 一 名 美国 官员 的 枪击 而非 自杀 式 炸弹 袭击 。,False,False,False,False,False,0,0.83696,144032,14927,False,0,4.78628,523406,46383,False,0,0.0,0,0,五角大楼 官员 首次 承认 ， 在 喀布尔 机场 的 这次 自杀式 炸弹 袭击 中 ， 一些 被 杀 的 人 可能 死 于 一名 美国 官员 的 枪击 而 非 自杀式 炸弹 袭击 。,五角大楼 官员 首次 承认 ， 在 喀布尔 机场 的 这次 自杀式 炸弹 袭击 中 ， 一些 被 杀 的 人 可能 死于 一 名 美国 官员 的 枪击 而 非 自杀式 炸弹 袭击 。,五角 大楼 官员 首次 承认 ， 在 喀布尔 机场 的 这 次 自杀 式 炸弹 袭击 中 ， 一些 被 杀 的 人 可能 死 于 一 名 美国 官员 的 枪击 而非 自杀 式 炸弹 袭击 。
3559,449,他们不能呆在一起。,False,他们 不能 呆 在 一起 。,他们 不 能 呆在 一起 。,他们 不能 呆 在 一起 。,False,True,False,False,True,1,0.02966,4600,717,True,1,0.06407,15912,1816,True,1,0.02966,4600,717,他们 不能 呆 在 一起 。,他们 不 能 呆在 一起 。,他们 不能 呆 在 一起 。
17222,1419,连续的强降雨和 风暴天气正在重创东南亚地区，造成严重的洪水和山体滑坡，已导致超过 400 人死亡。,False,连续 的 强降雨 和   风暴 天气 正在 重创 东南亚地区 ， 造成 严重 的 洪水 和 山体 滑坡 ， 已 导致 超过   400   人 死亡 。,连续 的 强降雨 和 风暴 天气 正在 重创 东南亚 地区 ， 造成 严重 的 洪水 和 山体 滑坡 ， 已 导致 超过 400 人 死亡 。,连续 的 强 降雨 和 风暴 天气 正 在 重创 东南 亚 地区 ， 造成 严重 的 洪水 和 山体 滑坡 ， 已 导致 超过 400 人死亡 。,False,False,False,False,True,1,6.81654,776329,57375,True,1,8.07949,1038649,61350,False,0,1.24256,210047,20006,连续 的 强降雨 和   风暴 天气 正在 重创 东南亚地区 ， 造成 严重 的 洪水 和 山体 滑坡 ， 已 导致 超过   400   人 死亡 。,连续 的 强降雨 和 风暴 天气 正在 重创 东南亚 地区 ， 造成 严重 的 洪水 和 山体 滑坡 ， 已 导致 超过 400 人 死亡 。,连续 的 强 降雨 和 风暴 天气 正 在 重创 东南 亚 地区 ， 造成 严重 的 洪水 和 山体 滑坡 ， 已 导致 超过 400 人死亡 。
8765,810,日本央行还停止了控制10年期日本政府债券收益率曲线的激进政策。,False,日本央行 还 停止 了 控制 10 年期 日本政府 债券 收益率 曲线 的 激进 政策 。,日本 央行 还 停止 了 控制 10年 期 日本 政府 债券 收益率 曲线 的 激进 政策 。,日本 央行 还 停止 了 控制 10 年期 日本 政府 债券 收益 率 曲线 的 激进 政策 。,False,False,False,False,False,0,0.18269,46681,5179,False,0,0.37661,85423,8896,False,0,0.25827,72963,7811,日本央行 还 停止 了 控制 10 年期 日本政府 债券 收益率 曲线 的 激进 政策 。,日本 央行 还 停止 了 控制 10年 期 日本 政府 债券 收益率 曲线 的 激进 政策 。,日本 央行 还 停止 了 控制 10 年期 日本 政府 债券 收益 率 曲线 的 激进 政策 。
11018,975,在他领导下，Tata 集团于 2008 年收购了 Jaguar 和 Land Rover，并推出了低价的 Tata Nano 汽车，虽然这款车在 2018 年停产。,True,在 他 领导 下 ， Tata   集团 于   2008   年 收购 了   Jaguar   和   Land   Rover ， 并 推出 了 低价 的   Tata   Nano   汽车 ， 虽然 这款 车 在   2018   年 停产 。,在 他 领导 下 ， Tata 集团 于 2008 年 收购 了 Jaguar 和 Land Rover ， 并 推出 了 低价 的 Tata Nano 汽车 ， 虽然 这 款车 在 2018 年 停产 。,在 他 领导 下 ， Tata 集团 于 2008 年 收购 了 Jaguar 和 Land Rover ， 并 推出 了 低价 的 Tata Nano 汽车 ， 虽然 这 款车 在 2018 年停产 。,False,False,False,False,False,0,0.0,0,0,False,-1,10,0,0,False,-1,10,0,0,在 他 领导 下 ， Tata   集团 于   2008   年 收购 了   Jaguar   和   Land   Rover ， 并 推出 了 低价 的   Tata   Nano   汽车 ， 虽然 这款 车 在   2018   年 停产 。,在 他 领导 下 ， Tata 集团 于 2008 年 收购 了 Jaguar 和 Land Rover ， 并 推出 了 低价 的 Tata Nano 汽车 ， 虽然 这 款车 在 2018 年 停产 。,在 他 领导 下 ， Tata 集团 于 2008 年 收购 了 Jaguar 和 Land Rover ， 并 推出 了 低价 的 Tata Nano 汽车 ， 虽然 这 款车 在 2018 年停产 。
3471,442,科学家们确定，这里的新能源足以为一整个星球提供能量，有 了它，人类就有 了无限的可能性。,False,科学家 们 确定 ， 这里 的 新能源 足以 为 一 整个 星球 提供 能量 ， 有   了 它 ， 人类 就 有   了 无限 的 可能性 。,科学家们 确定 ， 这里 的 新 能源 足以 为 一 整个 星球 提供 能量 ， 有 了 它 ， 人类 就 有 了 无限 的 可能性 。,科学 家 们 确定 ， 这里 的 新 能源 足 以 为 一 整个 星球 提供 能量 ， 有 了 它 ， 人类 就 有 了 无限 的 可能 性 。,False,False,False,False,True,1,2.80944,338723,31637,True,1,2.69799,345598,32030,False,0,5.50762,764245,48140,科学家 们 确定 ， 这里 的 新能源 足以 为 一 整个 星球 提供 能量 ， 有   了 它 ， 人类 就 有   了 无限 的 可能性 。,科学家们 确定 ， 这里 的 新 能源 足以 为 一 整个 星球 提供 能量 ， 有 了 它 ， 人类 就 有 了 无限 的 可能性 。,科学 家 们 确定 ， 这里 的 新 能源 足 以 为 一 整个 星球 提供 能量 ， 有 了 它 ， 人类 就 有 了 无限 的 可能 性 。
9671,867,它的起源可以追溯到 1982 年，当时美国计算机科学家 Scott Fahlman 首次提出使用:-)来表示笑脸。,True,它 的 起源 可以 追溯到   1982   年 ， 当时 美国 计算机 科学家   Scott   Fahlman   首次 提出 使用 : - ) 来 表示 笑脸 。,它 的 起源 可以 追溯 到 1982 年 ， 当时 美国 计算机 科学家 Scott Fahlman 首次 提出 使用 :- )来 表示 笑脸 。,它 的 起源 可以 追溯 到 1982 年 ， 当时 美国 计算 机 科学 家 Scott Fahlman 首次 提出 使用 :-) 来 表示 笑脸 。,False,False,False,False,False,0,0.54032,94987,9773,False,0,0.84599,182384,17632,False,0,1.34411,263520,25455,它 的 起源 可以 追溯到   1982   年 ， 当时 美国 计算机 科学家   Scott   Fahlman   首次 提出 使用 : - ) 来 表示 笑脸 。,它 的 起源 可以 追溯 到 1982 年 ， 当时 美国 计算机 科学家 Scott Fahlman 首次 提出 使用 :- )来 表示 笑脸 。,它 的 起源 可以 追溯 到 1982 年 ， 当时 美国 计算 机 科学 家 Scott Fahlman 首次 提出 使用 :-) 来 表示 笑脸 。
13989,1183,很多人呼吁抵制 Tesla 汽车和股票。,True,很多 人 呼吁 抵制   Tesla   汽车 和 股票 。,很多 人 呼吁 抵制 Tesla 汽车 和 股票 。,很多 人 呼吁 抵制 Tesla 汽车 和 股票 。,False,False,True,False,True,1,0.08409,15070,1848,True,1,0.07247,15070,1848,True,1,0.07247,15070,1848,很多 人 呼吁 抵制   Tesla   汽车 和 股票 。,很多 人 呼吁 抵制 Tesla 汽车 和 股票 。,很多 人 呼吁 抵制 Tesla 汽车 和 股票 。
5058,562,日子一天天过去，Marla 变得越来越绝望。,True,日子 一天天 过去 ， Marla   变得 越来越 绝望 。,日子 一天天 过去 ， Marla 变得 越来越 绝望 。,日子 一 天 天 过去 ， Marla 变得 越来越 绝望 。,False,False,False,False,False,0,0.32145,55847,5528,False,0,0.30964,55847,5528,False,0,0.76159,122724,11493,日子 一天天 过去 ， Marla   变得 越来越 绝望 。,日子 一天天 过去 ， Marla 变得 越来越 绝望 。,日子 一 天 天 过去 ， Marla 变得 越来越 绝望 。
14636,1228,这起罕见事件在澳大利亚引发了有关父母身份的复杂法律与伦理问题。,False,这起 罕见 事件 在 澳大利亚 引发 了 有关 父母 身份 的 复杂 法律 与 伦理 问题 。,这 起 罕见 事件 在 澳大利亚 引发 了 有关 父母 身份 的 复杂 法律 与 伦理 问题 。,这起 罕见 事件 在 澳大利亚 引发 了 有关 父母 身份 的 复杂 法律 与 伦理 问题 。,False,True,False,False,False,0,0.0,0,0,False,0,0.08756,25035,3284,False,0,0.0,0,0,这起 罕见 事件 在 澳大利亚 引发 了 有关 父母 身份 的 复杂 法律 与 伦理 问题 。,这 起 罕见 事件 在 澳大利亚 引发 了 有关 父母 身份 的 复杂 法律 与 伦理 问题 。,这起 罕见 事件 在 澳大利亚 引发 了 有关 父母 身份 的 复杂 法律 与 伦理 问题 。
54,10,报告发布时，该公司股价上涨 5.8 ％，至 32.40 美元，该公司报告第三季度每股收益约为 70 美分，部分产品除外。,False,报告 发布 时 ， 该 公司 股价 上涨   5.8   ％ ， 至   32.40   美元 ， 该 公司 报告 第三季度 每股 收益 约 为   70   美分 ， 部分 产品 除外 。,报告 发布 时 ， 该 公司 股价 上涨 5. 8 ％ ， 至 32 . 40 美元 ， 该 公司 报告 第三 季度 每股 收益 约 为 70 美分 ， 部分 产品 除外 。,报告 发布 时 ， 该 公司 股价 上涨 5.8 ％ ， 至 32.40 美元 ， 该 公司 报告 第三 季 度 每股 收益 约 为 70 美分 ， 部分 产品 除外 。,False,False,False,False,False,0,1.17178,218017,22417,False,0,0.59658,136540,14679,False,0,0.64762,118936,13115,报告 发布 时 ， 该 公司 股价 上涨   5.8   ％ ， 至   32.40   美元 ， 该 公司 报告 第三季度 每股 收益 约 为   70   美分 ， 部分 产品 除外 。,报告 发布 时 ， 该 公司 股价 上涨 5. 8 ％ ， 至 32 . 40 美元 ， 该 公司 报告 第三 季度 每股 收益 约 为 70 美分 ， 部分 产品 除外 。,报告 发布 时 ， 该 公司 股价 上涨 5.8 ％ ， 至 32.40 美元 ， 该 公司 报告 第三 季 度 每股 收益 约 为 70 美分 ， 部分 产品 除外 。
8641,802,灰鲸以其斑驳的灰白色皮肤和缺乏背鳍而闻名，通常出现在北太平洋。,False,灰鲸 以 其 斑驳 的 灰白色 皮肤 和 缺乏 背鳍 而 闻名 ， 通常 出现 在 北 太平洋 。,灰鲸 以 其 斑驳 的 灰白色 皮肤 和 缺乏 背鳍 而 闻名 ， 通常 出现 在 北 太平洋 。,灰鲸 以 其 斑驳 的 灰 白色 皮肤 和 缺乏 背鳍 而 闻名 ， 通常 出现 在 北 太平 洋 。,True,False,False,False,False,0,0.14137,24314,3270,False,0,0.14137,24314,3270,False,0,0.12355,25776,3512,灰鲸 以 其 斑驳 的 灰白色 皮肤 和 缺乏 背鳍 而 闻名 ， 通常 出现 在 北 太平洋 。,灰鲸 以 其 斑驳 的 灰白色 皮肤 和 缺乏 背鳍 而 闻名 ， 通常 出现 在 北 太平洋 。,灰鲸 以 其 斑驳 的 灰 白色 皮肤 和 缺乏 背鳍 而 闻名 ， 通常 出现 在 北 太平 洋 。
16147,1337,Coca‑Cola 虽然回应称“感谢 Trump 的热情”，但并未证实任何配方变更，并强调 HFCS 是安全的，与蔗糖在营养上没有明显区别。,True,Coca ‑ Cola   虽然 回应 称 “ 感谢   Trump   的 热情 ” ， 但 并未 证实 任何 配方 变更 ， 并 强调   HFCS   是 安全 的 ， 与 蔗糖 在 营养 上 没有 明显 区别 。,Coca‑ Cola 虽然 回应 称 “ 感谢 Trump 的 热情 ” ， 但 并 未 证实 任何 配方 变更 ， 并 强调 HFCS 是 安全 的 ， 与 蔗糖 在 营养 上 没有 明显 区别 。,Coca‑ Cola 虽然 回应 称 “ 感谢 Trump 的热情 ” ， 但 并 未 证实 任何 配方 变更 ， 并 强调 HFCS 是 安全 的 ， 与 蔗糖 在 营养 上 没有 明显 区别 。,False,False,False,False,False,0,0.0,0,0,False,-1,10,0,0,False,-1,10,0,0,Coca ‑ Cola   虽然 回应 称 “ 感谢   Trump   的 热情 ” ， 但 并未 证实 任何 配方 变更 ， 并 强调   HFCS   是 安全 的 ， 与 蔗糖 在 营养 上 没有 明显 区别 。,Coca‑ Cola 虽然 回应 称 “ 感谢 Trump 的 热情 ” ， 但 并 未 证实 任何 配方 变更 ， 并 强调 HFCS 是 安全 的 ， 与 蔗糖 在 营养 上 没有 明显 区别 。,Coca‑ Cola 虽然 回应 称 “ 感谢 Trump 的热情 ” ， 但 并 未 证实 任何 配方 变更 ， 并 强调 HFCS 是 安全 的 ， 与 蔗糖 在 营养 上 没有 明显 区别 。
5801,616,豆腐在不同地区有不同的制作方法和口味。,False,豆腐 在 不同 地区 有 不同 的 制作方法 和 口味 。,豆腐 在 不同 地区 有 不同 的 制作 方法 和 口味 。,豆腐 在 不同 地区 有 不同 的 制作 方法 和 口味 。,False,False,True,False,True,1,0.29182,54304,5732,True,1,0.16264,40437,4565,True,1,0.16264,40437,4565,豆腐 在 不同 地区 有 不同 的 制作方法 和 口味 。,豆腐 在 不同 地区 有 不同 的 制作 方法 和 口味 。,豆腐 在 不同 地区 有 不同 的 制作 方法 和 口味 。
16337,1354,这场内部斗争，加上外部的政治压力，已导致包括人工智能收购和芯片工厂扩建在内的多项关键计划被推迟。,False,这场 内部 斗争 ， 加上 外部 的 政治 压力 ， 已 导致 包括 人工智能 收购 和 芯片 工厂 扩建 在内 的 多项 关键 计划 被 推迟 。,这 场 内部 斗争 ， 加上 外部 的 政治 压力 ， 已 导致 包括 人工 智能 收购 和 芯片 工厂 扩建 在内 的 多 项 关键 计划 被 推迟 。,这 场 内部 斗争 ， 加上 外部 的 政治 压力 ， 已 导致 包括 人工 智能 收购 和 芯片 工厂 扩建 在内 的 多 项 关键 计划 被 推迟 。,False,False,True,False,False,0,0.25385,49977,6341,False,0,0.14735,47268,6097,False,0,0.14735,47268,6097,这场 内部 斗争 ， 加上 外部 的 政治 压力 ， 已 导致 包括 人工智能 收购 和 芯片 工厂 扩建 在内 的 多项 关键 计划 被 推迟 。,这 场 内部 斗争 ， 加上 外部 的 政治 压力 ， 已 导致 包括 人工 智能 收购 和 芯片 工厂 扩建 在内 的 多 项 关键 计划 被 推迟 。,这 场 内部 斗争 ， 加上 外部 的 政治 压力 ， 已 导致 包括 人工 智能 收购 和 芯片 工厂 扩建 在内 的 多 项 关键 计划 被 推迟 。
3296,431,Artemis I 任务代表了美国宇航局月球计划的一个关键转折点，该计划已被推迟多年并且超出预算数十亿美元。,True,Artemis   I   任务 代表 了 美国宇航局 月球 计划 的 一个 关键 转折点 ， 该 计划 已 被 推迟 多年 并且 超出预算 数十亿美元 。,Artemis I 任务 代表 了 美国 宇航局 月球 计划 的 一个 关键 转折点 ， 该 计划 已 被 推迟 多年 并且 超出 预算 数十亿 美元 。,Artemis I 任务 代表 了 美国 宇航 局 月球 计划 的 一 个 关键 转折 点 ， 该 计划 已 被 推迟 多 年 并且 超出 预算 数十亿 美 元 。,False,False,False,False,False,0,0.62126,158886,15676,False,0,0.85596,205565,19786,False,0,2.30543,460686,41542,Artemis   I   任务 代表 了 美国宇航局 月球 计划 的 一个 关键 转折点 ， 该 计划 已 被 推迟 多年 并且 超出预算 数十亿美元 。,Artemis I 任务 代表 了 美国 宇航局 月球 计划 的 一个 关键 转折点 ， 该 计划 已 被 推迟 多年 并且 超出 预算 数十亿 美元 。,Artemis I 任务 代表 了 美国 宇航 局 月球 计划 的 一 个 关键 转折 点 ， 该 计划 已 被 推迟 多 年 并且 超出 预算 数十亿 美 元 。
9806,877,另外，这场比赛也可能是 Lionel Messi 最后一次参加美洲杯。,True,另外 ， 这场 比赛 也 可能 是   Lionel   Messi   最后 一次 参加 美洲杯 。,另外 ， 这 场 比赛 也 可能 是 Lionel Messi 最后 一 次 参加 美洲杯 。,另外 ， 这 场 比赛 也 可能 是 Lionel Messi 最后 一 次 参加 美洲 杯 。,False,False,False,False,False,0,0.21554,22968,2988,False,0,0.10813,26418,3357,False,0,0.146,29329,3693,另外 ， 这场 比赛 也 可能 是   Lionel   Messi   最后 一次 参加 美洲杯 。,另外 ， 这 场 比赛 也 可能 是 Lionel Messi 最后 一 次 参加 美洲杯 。,另外 ， 这 场 比赛 也 可能 是 Lionel Messi 最后 一 次 参加 美洲 杯 。
6504,661,它们都只看到了眼前的好处，却没有意识到身后的危险。,False,它们 都 只 看到 了 眼前 的 好处 ， 却 没有 意识 到 身后 的 危险 。,它们 都 只 看到 了 眼前 的 好处 ， 却 没有 意识 到 身后 的 危险 。,它们 都 只 看到 了 眼前 的 好 处 ， 却 没有 意识 到 身后 的 危险 。,True,False,False,False,True,1,1.82217,302180,27838,True,1,1.82217,302180,27838,True,1,6.89722,778890,67342,它们 都 只 看到 了 眼前 的 好处 ， 却 没有 意识 到 身后 的 危险 。,它们 都 只 看到 了 眼前 的 好处 ， 却 没有 意识 到 身后 的 危险 。,它们 都 只 看到 了 眼前 的 好 处 ， 却 没有 意识 到 身后 的 危险 。
12068,1057,当 Carr-Gomm 病情恶化时，他未 及时寻求医疗帮助，而是将其症状归因于所谓的“排毒反应”。,True,当   Carr - Gomm   病情恶化 时 ， 他 未   及时 寻求 医疗 帮助 ， 而是 将 其 症状 归因于 所谓 的 “ 排毒 反应 ” 。,当 Carr - Gom m 病情 恶化 时 ， 他 未 及时 寻求 医疗 帮助 ， 而是 将 其 症状 归因于 所谓 的 “ 排毒 反应 ” 。,当 Carr- Gomm 病情 恶化 时 ， 他 未 及时 寻求 医疗 帮助 ， 而是 将 其 症状 归 因 于 所 谓 的 “ 排毒 反应 ” 。,False,False,False,False,False,0,0.40985,72599,7987,False,0,0.12421,37219,4915,False,0,0.1374,35007,4746,当   Carr - Gomm   病情恶化 时 ， 他 未   及时 寻求 医疗 帮助 ， 而是 将 其 症状 归因于 所谓 的 “ 排毒 反应 ” 。,当 Carr - Gom m 病情 恶化 时 ， 他 未 及时 寻求 医疗 帮助 ， 而是 将 其 症状 归因于 所谓 的 “ 排毒 反应 ” 。,当 Carr- Gomm 病情 恶化 时 ， 他 未 及时 寻求 医疗 帮助 ， 而是 将 其 症状 归 因 于 所 谓 的 “ 排毒 反应 ” 。
5175,570,公元前 210 年，秦始皇在巡游途中去世。,False,公元前   210   年 ， 秦始皇 在 巡游 途中 去世 。,公元前 210 年 ， 秦始皇 在 巡游 途中 去世 。,公元 前 210 年 ， 秦 始皇 在 巡游 途中 去世 。,False,False,False,False,False,0,0.12738,24580,2684,False,0,0.11593,24580,2684,False,0,0.09618,24732,2801,公元前   210   年 ， 秦始皇 在 巡游 途中 去世 。,公元前 210 年 ， 秦始皇 在 巡游 途中 去世 。,公元 前 210 年 ， 秦 始皇 在 巡游 途中 去世 。
17323,1421,可心： 好，我们现在认真一点。晚餐要吃炒菜，所以需要青菜、鸡蛋、豆腐，拿这些就好。,False,可 心 ：   好 ， 我们 现在 认真 一点 。 晚餐 要 吃 炒菜 ， 所以 需要 青菜 、 鸡蛋 、 豆腐 ， 拿 这些 就 好 。,可心 ： 好 ， 我们 现在 认真 一点 。 晚餐 要 吃 炒菜 ， 所以 需要 青菜 、 鸡蛋 、 豆腐 ， 拿 这些 就 好 。,可心 ： 好 ， 我们 现在 认真 一点 。 晚 餐 要 吃 炒 菜 ， 所以 需要 青菜 、 鸡 蛋 、 豆腐 ， 拿 这些 就 好 。,False,False,False,False,False,0,0.0,0,0,False,0,0.0,0,0,False,0,0.0,0,0,可 心 ：   好 ， 我们 现在 认真 一点 。 晚餐 要 吃 炒菜 ， 所以 需要 青菜 、 鸡蛋 、 豆腐 ， 拿 这些 就 好 。,可心 ： 好 ， 我们 现在 认真 一点 。 晚餐 要 吃 炒菜 ， 所以 需要 青菜 、 鸡蛋 、 豆腐 ， 拿 这些 就 好 。,可心 ： 好 ， 我们 现在 认真 一点 。 晚 餐 要 吃 炒 菜 ， 所以 需要 青菜 、 鸡 蛋 、 豆腐 ， 拿 这些 就 好 。
17036,1403,大多数抗议保持和平，但在总统府附近发生冲突，警察与示威者互掷石块和燃烧瓶，导致多人被捕和受伤。,False,大多数 抗议 保持 和平 ， 但 在 总统府 附近 发生冲突 ， 警察 与 示威者 互掷 石块 和 燃烧瓶 ， 导致 多人 被捕 和 受伤 。,大多数 抗议 保持 和平 ， 但 在 总统府 附近 发生 冲突 ， 警察 与 示威者 互掷 石块 和 燃烧瓶 ， 导致 多 人 被捕 和 受伤 。,大 多数 抗议 保持 和平 ， 但 在 总统 府 附近 发生 冲突 ， 警察 与 示威 者 互掷 石块 和 燃烧 瓶 ， 导致 多 人 被 捕和 受伤 。,False,False,False,False,False,-1,10,0,0,False,-1,10,0,0,False,0,4.48538,446069,42031,大多数 抗议 保持 和平 ， 但 在 总统府 附近 发生冲突 ， 警察 与 示威者 互掷 石块 和 燃烧瓶 ， 导致 多人 被捕 和 受伤 。,大多数 抗议 保持 和平 ， 但 在 总统府 附近 发生 冲突 ， 警察 与 示威者 互掷 石块 和 燃烧瓶 ， 导致 多 人 被捕 和 受伤 。,大 多数 抗议 保持 和平 ， 但 在 总统 府 附近 发生 冲突 ， 警察 与 示威 者 互掷 石块 和 燃烧 瓶 ， 导致 多 人 被 捕和 受伤 。
10,3,Alphabet 公司（GOOGL）的投资部门 CapitalG（之前称为 Google Capital）悄无声息地 表示，已通过在其网站上添加该网络的徽标对 Snapchat 进行了投资。,True,Alphabet   公司 （ GOOGL ） 的 投资 部门   CapitalG （ 之前 称为   Google   Capital ） 悄无声息 地   表示 ， 已 通过 在 其 网站 上 添加 该 网络 的 徽标 对   Snapchat   进行 了 投资 。,Alphabet 公司 （ GOOGL ） 的 投资 部门 CapitalG （ 之前 称为 Google Capital ） 悄无声息 地 表示 ， 已 通过 在 其 网站 上 添加 该 网络 的 徽标 对 Snapchat 进行 了 投资 。,Alphabet 公司 （ GOOGL ） 的 投资 部门 CapitalG （ 之前 称 为 Google Capital ） 悄 无 声息 地 表示 ， 已 通过 在 其 网站 上 添加 该 网络 的 徽标 对 Snapchat 进行 了 投资 。,False,False,False,False,False,0,0.57708,88484,10329,False,0,0.33652,88484,10329,False,0,0.0,0,0,Alphabet   公司 （ GOOGL ） 的 投资 部门   CapitalG （ 之前 称为   Google   Capital ） 悄无声息 地   表示 ， 已 通过 在 其 网站 上 添加 该 网络 的 徽标 对   Snapchat   进行 了 投资 。,Alphabet 公司 （ GOOGL ） 的 投资 部门 CapitalG （ 之前 称为 Google Capital ） 悄无声息 地 表示 ， 已 通过 在 其 网站 上 添加 该 网络 的 徽标 对 Snapchat 进行 了 投资 。,Alphabet 公司 （ GOOGL ） 的 投资 部门 CapitalG （ 之前 称 为 Google Capital ） 悄 无 声息 地 表示 ， 已 通过 在 其 网站 上 添加 该 网络 的 徽标 对 Snapchat 进行 了 投资 。
10538,937,西雅图和俄勒冈州的工人以压倒性多数投票反对一项临时协议，该协议包括四年内工资上涨 25%，低于他们要求的 40%。,False,西雅图 和 俄勒冈州 的 工人 以 压倒性 多数 投票 反对 一项 临时 协议 ， 该 协议 包括 四年 内 工资 上涨   25% ， 低于 他们 要求 的   40% 。,西雅图 和 俄勒冈州 的 工人 以 压倒性 多数 投票 反对 一 项 临时 协议 ， 该 协议 包括 四 年内 工资 上涨 25% ， 低于 他们 要求 的 40% 。,西雅图 和 俄勒冈 州 的 工人 以 压倒 性 多数 投票 反对 一 项 临时 协议 ， 该 协议 包括 四 年 内 工资 上涨 25% ， 低 于 他们 要求 的 40% 。,False,False,False,False,False,0,0.20056,34182,4794,False,0,0.16084,35232,4892,False,0,0.17839,41937,5659,西雅图 和 俄勒冈州 的 工人 以 压倒性 多数 投票 反对 一项 临时 协议 ， 该 协议 包括 四年 内 工资 上涨   25% ， 低于 他们 要求 的   40% 。,西雅图 和 俄勒冈州 的 工人 以 压倒性 多数 投票 反对 一 项 临时 协议 ， 该 协议 包括 四 年内 工资 上涨 25% ， 低于 他们 要求 的 40% 。,西雅图 和 俄勒冈 州 的 工人 以 压倒 性 多数 投票 反对 一 项 临时 协议 ， 该 协议 包括 四 年 内 工资 上涨 25% ， 低 于 他们 要求 的 40% 。
15696,1310,印度、美国和英国的相关部门正在联合调查事故原因，初步怀疑与发动机故障或飞机起飞配置异常有关。,False,印度 、 美国 和 英国 的 相关 部门 正在 联合 调查 事故 原因 ， 初步 怀疑 与 发动机 故障 或 飞机 起飞 配置 异常 有关 。,印度 、 美国 和 英国 的 相关 部门 正在 联合 调查 事故 原因 ， 初步 怀疑 与 发动机 故障 或 飞机 起飞 配置 异常 有关 。,印度 、 美国 和 英国 的 相关 部门 正 在 联合 调查 事故 原因 ， 初步 怀疑 与 发动 机 故障 或 飞机 起飞 配置 异常 有关 。,True,False,False,False,False,0,0.19828,34829,4633,False,0,0.19828,34829,4633,False,0,0.15917,33099,4588,印度 、 美国 和 英国 的 相关 部门 正在 联合 调查 事故 原因 ， 初步 怀疑 与 发动机 故障 或 飞机 起飞 配置 异常 有关 。,印度 、 美国 和 英国 的 相关 部门 正在 联合 调查 事故 原因 ， 初步 怀疑 与 发动机 故障 或 飞机 起飞 配置 异常 有关 。,印度 、 美国 和 英国 的 相关 部门 正 在 联合 调查 事故 原因 ， 初步 怀疑 与 发动 机 故障 或 飞机 起飞 配置 异常 有关 。
348,85,自周日早上的动乱开始以来，几内亚总统阿尔法·孔戴 (Alpha Conde) 一直没有露面，但社交媒体上 流传的图片和视频显示他赤脚、穿着牛仔裤及部分敞开的衬衫和背心靠在沙发上，并被士兵们包围。,True,自 周日 早上 的 动乱 开始 以来 ， 几内亚 总统 阿尔法 · 孔戴   ( Alpha   Conde )   一直 没有 露面 ， 但 社交 媒体 上   流传 的 图片 和 视频 显示 他 赤脚 、 穿着 牛仔裤 及 部分 敞开 的 衬衫 和 背心 靠 在 沙发 上 ， 并 被 士兵 们 包围 。,自 周日 早上 的 动乱 开始 以来 ， 几内亚 总统 阿尔法·孔戴 (Alpha Conde ) 一直 没有 露面 ， 但 社交 媒体 上 流传 的 图片 和 视频 显示 他 赤脚 、 穿着 牛仔裤 及 部分 敞开 的 衬衫 和 背心 靠 在 沙发 上 ， 并 被 士兵们 包围 。,自 周日 早 上 的 动乱 开始 以来 ， 几内亚 总统 阿尔法 · 孔戴 (Alpha Conde) 一直 没有 露面 ， 但 社交 媒体 上 流传 的 图片 和 视频 显示 他 赤脚 、 穿 着 牛仔 裤 及 部分 敞开 的 衬衫 和 背心 靠 在 沙发 上 ， 并 被 士兵 们 包围 。,False,False,False,False,False,0,5.91726,335658,34646,False,0,6.14935,357814,36727,False,0,4.03695,334307,34342,自 周日 早上 的 动乱 开始 以来 ， 几内亚 总统 阿尔法 · 孔戴   ( Alpha   Conde )   一直 没有 露面 ， 但 社交 媒体 上   流传 的 图片 和 视频 显示 他 赤脚 、 穿着 牛仔裤 及 部分 敞开 的 衬衫 和 背心 靠 在 沙发 上 ， 并 被 士兵 们 包围 。,自 周日 早上 的 动乱 开始 以来 ， 几内亚 总统 阿尔法·孔戴 (Alpha Conde ) 一直 没有 露面 ， 但 社交 媒体 上 流传 的 图片 和 视频 显示 他 赤脚 、 穿着 牛仔裤 及 部分 敞开 的 衬衫 和 背心 靠 在 沙发 上 ， 并 被 士兵们 包围 。,自 周日 早 上 的 动乱 开始 以来 ， 几内亚 总统 阿尔法 · 孔戴 (Alpha Conde) 一直 没有 露面 ， 但 社交 媒体 上 流传 的 图片 和 视频 显示 他 赤脚 、 穿 着 牛仔 裤 及 部分 敞开 的 衬衫 和 背心 靠 在 沙发 上 ， 并 被 士兵 们 包围 。
3476,443,他们勤奋工作，研究外星技术，并做出可能改变人类历史进程的发现。,False,他们 勤奋工作 ， 研究 外星 技术 ， 并 做出 可能 改变 人类 历史进程 的 发现 。,他们 勤奋 工作 ， 研究 外星 技术 ， 并 做出 可能 改变 人类 历史 进程 的 发现 。,他们 勤奋 工作 ， 研究 外星 技术 ， 并 做出 可能 改变 人类 历史 进程 的 发现 。,False,False,True,False,False,0,0.0,0,0,False,0,5.28665,549928,53432,False,0,5.28665,549928,53432,他们 勤奋工作 ， 研究 外星 技术 ， 并 做出 可能 改变 人类 历史进程 的 发现 。,他们 勤奋 工作 ， 研究 外星 技术 ， 并 做出 可能 改变 人类 历史 进程 的 发现 。,他们 勤奋 工作 ， 研究 外星 技术 ， 并 做出 可能 改变 人类 历史 进程 的 发现 。
11750,1031,据称，范对离婚判决感到不满，企图逃跑，但在 逃离过程中自残被警方抓获，目前仍在医院接受治疗，尚未清醒。,False,据称 ， 范对 离婚 判决 感到 不满 ， 企图 逃跑 ， 但 在   逃离 过程 中 自残 被 警方 抓获 ， 目前 仍 在 医院 接受 治疗 ， 尚未 清醒 。,据称 ， 范 对 离婚 判决 感到 不满 ， 企图 逃跑 ， 但 在 逃离 过程 中 自残 被 警方 抓获 ， 目前 仍 在 医院 接受 治疗 ， 尚未 清醒 。,据称 ， 范 对 离婚 判决 感到 不满 ， 企图 逃跑 ， 但 在 逃离 过程 中 自 残 被 警方 抓获 ， 目前 仍 在 医院 接受 治疗 ， 尚 未 清醒 。,False,False,False,False,False,0,0.8549,131903,14365,False,0,0.85256,150419,16226,False,0,2.18549,247860,24732,据称 ， 范对 离婚 判决 感到 不满 ， 企图 逃跑 ， 但 在   逃离 过程 中 自残 被 警方 抓获 ， 目前 仍 在 医院 接受 治疗 ， 尚未 清醒 。,据称 ， 范 对 离婚 判决 感到 不满 ， 企图 逃跑 ， 但 在 逃离 过程 中 自残 被 警方 抓获 ， 目前 仍 在 医院 接受 治疗 ， 尚未 清醒 。,据称 ， 范 对 离婚 判决 感到 不满 ， 企图 逃跑 ， 但 在 逃离 过程 中 自 残 被 警方 抓获 ， 目前 仍 在 医院 接受 治疗 ， 尚 未 清醒 。
10088,900,8 月 11 日，2024 年巴黎奥运会已落下了帷幕。,False,8   月   11   日 ， 2024   年 巴黎 奥运会 已 落下 了 帷幕 。,8 月 11 日 ， 2024 年 巴黎 奥运会 已 落下 了 帷幕 。,8 月 11 日 ， 2024 年 巴黎 奥运 会 已 落下 了 帷幕 。,False,False,False,False,True,1,0.6354,149724,9516,True,1,0.71548,149724,9516,True,1,2.5169,415103,25890,8   月   11   日 ， 2024   年 巴黎 奥运会 已 落下 了 帷幕 。,8 月 11 日 ， 2024 年 巴黎 奥运会 已 落下 了 帷幕 。,8 月 11 日 ， 2024 年 巴黎 奥运 会 已 落下 了 帷幕 。
7865,755,这部奇幻动画是宫崎骏的最新作品，也是第三部登上美国和加拿大票房榜首的动画。,False,这部 奇幻 动画 是 宫崎骏 的 最新 作品 ， 也 是 第三部 登上 美国 和 加拿大 票房榜 首 的 动画 。,这部 奇幻 动画 是 宫崎骏 的 最新 作品 ， 也 是 第三 部 登上 美国 和 加拿大 票房 榜首 的 动画 。,这 部 奇幻 动画 是 宫崎 骏 的 最新 作品 ， 也是 第三 部 登上 美国 和 加拿大 票房 榜首 的 动画 。,False,False,False,False,False,0,0.0,0,0,False,0,0.26748,75216,7998,False,0,0.0,0,0,这部 奇幻 动画 是 宫崎骏 的 最新 作品 ， 也 是 第三部 登上 美国 和 加拿大 票房榜 首 的 动画 。,这部 奇幻 动画 是 宫崎骏 的 最新 作品 ， 也 是 第三 部 登上 美国 和 加拿大 票房 榜首 的 动画 。,这 部 奇幻 动画 是 宫崎 骏 的 最新 作品 ， 也是 第三 部 登上 美国 和 加拿大 票房 榜首 的 动画 。
1486,234,周五，一辆载有 100 只实验室猴子的拖车在 Pennsylvania 高速公路上和一辆卡车相撞，其中有四只猴子逃脱。,True,周五 ， 一辆 载有   100   只 实验室 猴子 的 拖车 在   Pennsylvania   高速公路 上 和 一辆 卡车 相撞 ， 其中 有 四只 猴子 逃脱 。,周五 ， 一 辆 载有 100 只 实验室 猴子 的 拖车 在 Pennsylvania 高速 公路 上 和 一 辆 卡车 相撞 ， 其中 有 四 只 猴子 逃脱 。,周五 ， 一 辆 载有 100 只 实验 室 猴子 的 拖车 在 Pennsylvania 高速 公路 上 和 一 辆 卡车 相撞 ， 其中 有 四 只 猴子 逃脱 。,False,False,False,False,True,1,0.63843,140562,14552,False,0,0.34982,85428,9628,False,0,0.53572,103442,11430,周五 ， 一辆 载有   100   只 实验室 猴子 的 拖车 在   Pennsylvania   高速公路 上 和 一辆 卡车 相撞 ， 其中 有 四只 猴子 逃脱 。,周五 ， 一 辆 载有 100 只 实验室 猴子 的 拖车 在 Pennsylvania 高速 公路 上 和 一 辆 卡车 相撞 ， 其中 有 四 只 猴子 逃脱 。,周五 ， 一 辆 载有 100 只 实验 室 猴子 的 拖车 在 Pennsylvania 高速 公路 上 和 一 辆 卡车 相撞 ， 其中 有 四 只 猴子 逃脱 。
7921,759,该事件正在调查中。,False,该 事件 正在 调查 中 。,该 事件 正在 调查 中 。,该 事件 正 在 调查 中 。,True,False,False,False,False,0,0.03664,6673,935,False,0,0.03664,6673,935,False,0,0.05093,8752,1199,该 事件 正在 调查 中 。,该 事件 正在 调查 中 。,该 事件 正 在 调查 中 。
18981,1479,直接用热水冲泡茶叶，这就是我们今天喝茶的方式。,False,直接 用 热水 冲泡 茶叶 ， 这 就是 我们 今天 喝茶 的 方式 。,直接 用 热水 冲泡 茶叶 ， 这就 是 我们 今天 喝茶 的 方式 。,直接 用 热水 冲泡 茶叶 ， 这 就是 我们 今天 喝 茶 的 方式 。,False,False,False,False,False,0,0.97005,179120,17751,False,0,0.88276,179121,17751,False,0,1.11092,179110,17751,直接 用 热水 冲泡 茶叶 ， 这 就是 我们 今天 喝茶 的 方式 。,直接 用 热水 冲泡 茶叶 ， 这就 是 我们 今天 喝茶 的 方式 。,直接 用 热水 冲泡 茶叶 ， 这 就是 我们 今天 喝 茶 的 方式 。
2300,337,关于该事件的讨论很快成为了中国社交媒体的热议焦点，许多网友讨论中国女性的安全问题和对女性的系统性暴力，也有很多网友聚焦唐山及周边地区的黑恶 势力问题。,False,关于 该 事件 的 讨论 很快 成为 了 中国 社交 媒体 的 热议 焦点 ， 许多 网友 讨论 中国 女性 的 安全 问题 和 对 女性 的 系统性 暴力 ， 也 有 很多 网友 聚焦 唐山及 周边地区 的 黑恶   势力 问题 。,关于 该 事件 的 讨论 很快 成为 了 中国 社交 媒体 的 热议 焦点 ， 许多 网友 讨论 中国 女性 的 安全 问题 和 对 女性 的 系统性 暴力 ， 也 有 很多 网友 聚焦 唐山 及 周边 地区 的 黑恶 势力 问题 。,关于 该 事件 的 讨论 很快 成 为 了 中国 社交 媒体 的 热议 焦点 ， 许多 网友 讨论 中国 女性 的 安全 问题 和 对 女性 的 系统 性 暴力 ， 也 有 很多 网友 聚 焦唐 山 及 周边 地区 的 黑恶 势力 问题 。,False,False,False,False,False,-1,10,0,0,False,0,8.75765,1535999,34496,False,-1,10,0,0,关于 该 事件 的 讨论 很快 成为 了 中国 社交 媒体 的 热议 焦点 ， 许多 网友 讨论 中国 女性 的 安全 问题 和 对 女性 的 系统性 暴力 ， 也 有 很多 网友 聚焦 唐山及 周边地区 的 黑恶   势力 问题 。,关于 该 事件 的 讨论 很快 成为 了 中国 社交 媒体 的 热议 焦点 ， 许多 网友 讨论 中国 女性 的 安全 问题 和 对 女性 的 系统性 暴力 ， 也 有 很多 网友 聚焦 唐山 及 周边 地区 的 黑恶 势力 问题 。,关于 该 事件 的 讨论 很快 成 为 了 中国 社交 媒体 的 热议 焦点 ， 许多 网友 讨论 中国 女性 的 安全 问题 和 对 女性 的 系统 性 暴力 ， 也 有 很多 网友 聚 焦唐 山 及 周边 地区 的 黑恶 势力 问题 。
2548,367,"而在西班牙和葡萄牙，7 月份以来已有 1,000 多人因高温而死亡。",False,"而 在 西班牙 和 葡萄牙 ， 7   月份 以来 已有   1 , 000   多人 因 高温 而 死亡 。","而 在 西班牙 和 葡萄牙 ， 7 月份 以来 已 有 1 , 000 多 人 因 高温 而 死亡 。","而 在 西班牙 和 葡萄牙 ， 7 月份 以来 已 有 1,000 多人 因 高温 而 死亡 。",False,False,False,False,False,0,0.0,0,0,False,0,0.16672,31569,3925,False,0,0.10312,21394,2866,"而 在 西班牙 和 葡萄牙 ， 7   月份 以来 已有   1 , 000   多人 因 高温 而 死亡 。","而 在 西班牙 和 葡萄牙 ， 7 月份 以来 已 有 1 , 000 多 人 因 高温 而 死亡 。","而 在 西班牙 和 葡萄牙 ， 7 月份 以来 已 有 1,000 多人 因 高温 而 死亡 。"
15602,1304,最近，Justin Bieber 在 Instagram 上发布了一些让粉丝担心的自拍照和文字。,True,最近 ， Justin   Bieber   在   Instagram   上 发布 了 一些 让 粉丝 担心 的 自拍照 和 文字 。,最近 ， Justin Bieber 在 Instagram 上 发布 了 一些 让 粉丝 担心 的 自拍照 和 文字 。,最近 ， Justin Bieber 在 Instagram 上发布 了 一些 让 粉丝 担心 的 自 拍照 和 文字 。,False,False,False,False,True,1,0.41422,69806,7770,True,1,0.37776,69807,7770,False,0,0.18754,35709,4471,最近 ， Justin   Bieber   在   Instagram   上 发布 了 一些 让 粉丝 担心 的 自拍照 和 文字 。,最近 ， Justin Bieber 在 Instagram 上 发布 了 一些 让 粉丝 担心 的 自拍照 和 文字 。,最近 ， Justin Bieber 在 Instagram 上发布 了 一些 让 粉丝 担心 的 自 拍照 和 文字 。
1954,143,“好啊！那一定很好玩！” 汤姆说。,False,“ 好 啊 ！ 那 一定 很 好玩 ！ ”   汤姆 说 。,“ 好 啊 ！ 那 一定 很 好玩 ！ ” 汤姆 说 。,“ 好 啊 ！ 那 一定 很好 玩！ ” 汤姆 说 。,False,False,False,False,False,0,0.08343,8222,1386,False,0,0.04827,8223,1386,False,0,0.0,0,0,“ 好 啊 ！ 那 一定 很 好玩 ！ ”   汤姆 说 。,“ 好 啊 ！ 那 一定 很 好玩 ！ ” 汤姆 说 。,“ 好 啊 ！ 那 一定 很好 玩！ ” 汤姆 说 。
17106,1408,婚礼在户外举行，大约有 170 位宾客。,False,婚礼 在 户外 举行 ， 大约 有   170   位 宾客 。,婚礼 在 户外 举行 ， 大约 有 170 位 宾客 。,婚礼 在 户 外 举行 ， 大约 有 170 位 宾客 。,False,False,False,False,False,0,0.15855,24629,2936,False,0,0.12343,24628,2936,False,0,0.13498,24860,3005,婚礼 在 户外 举行 ， 大约 有   170   位 宾客 。,婚礼 在 户外 举行 ， 大约 有 170 位 宾客 。,婚礼 在 户 外 举行 ， 大约 有 170 位 宾客 。
3969,474,"""是的，我在这里已经有一段时间了。",False,""" 是 的 ， 我 在 这里 已经 有 一段时间 了 。","""是 的 ， 我 在 这里 已经 有 一 段 时间 了 。","""是 的 ， 我 在 这里 已经 有 一 段 时间 了 。",False,False,True,False,True,1,0.26353,44251,4837,True,1,0.206,38839,4524,True,1,0.206,38839,4524,""" 是 的 ， 我 在 这里 已经 有 一段时间 了 。","""是 的 ， 我 在 这里 已经 有 一 段 时间 了 。","""是 的 ， 我 在 这里 已经 有 一 段 时间 了 。"
4069,480,一路上敏捷地躲避洞里的钟乳石，跃过裂缝沟壑。,False,一路上 敏捷地 躲避 洞里 的 钟乳石 ， 跃过 裂缝 沟壑 。,一路上 敏捷 地 躲 避洞 里 的 钟乳石 ， 跃过 裂缝 沟壑 。,一路 上 敏捷 地 躲避 洞里 的 钟乳 石 ， 跃过 裂缝 沟壑 。,False,False,False,False,True,1,0.25259,62816,6466,False,0,0.06694,14051,2053,True,1,0.79387,180628,17322,一路上 敏捷地 躲避 洞里 的 钟乳石 ， 跃过 裂缝 沟壑 。,一路上 敏捷 地 躲 避洞 里 的 钟乳石 ， 跃过 裂缝 沟壑 。,一路 上 敏捷 地 躲避 洞里 的 钟乳 石 ， 跃过 裂缝 沟壑 。
15293,1279,她最近刚赢得一起针对前男友的家暴案件，警方正在调查她的死是否与此有关。,False,她 最近 刚 赢得 一起 针对 前男友 的 家暴 案件 ， 警方 正在 调查 她 的 死 是否 与此有关 。,她 最近 刚 赢得 一起 针对 前 男友 的 家暴 案件 ， 警方 正在 调查 她 的 死 是否 与 此 有关 。,她 最近 刚 赢得 一起 针对 前 男友 的 家暴 案件 ， 警方 正 在 调查 她 的 死 是否 与 此 有关 。,False,False,False,False,True,1,0.99521,196866,19273,False,0,0.33832,70738,7731,False,0,0.32114,79934,8684,她 最近 刚 赢得 一起 针对 前男友 的 家暴 案件 ， 警方 正在 调查 她 的 死 是否 与此有关 。,她 最近 刚 赢得 一起 针对 前 男友 的 家暴 案件 ， 警方 正在 调查 她 的 死 是否 与 此 有关 。,她 最近 刚 赢得 一起 针对 前 男友 的 家暴 案件 ， 警方 正 在 调查 她 的 死 是否 与 此 有关 。
18041,1446,通过“用脚品尝”，它们可以判断这片叶子是不是适合产卵的植物，确保将来孵化出来的毛毛虫有合适的食物。,False,通过 “ 用脚 品尝 ” ， 它们 可以 判断 这片 叶子 是不是 适合 产卵 的 植物 ， 确保 将来 孵化 出来 的 毛毛虫 有 合适 的 食物 。,通过 “ 用 脚 品尝 ” ， 它们 可以 判断 这 片 叶子 是 不是 适合 产卵 的 植物 ， 确保 将来 孵化 出来 的 毛毛虫 有 合适 的 食物 。,通过 “ 用 脚 品尝 ” ， 它们 可以 判断 这 片 叶子 是 不是 适合 产卵 的 植物 ， 确保 将来 孵化 出来 的 毛 毛 虫 有 合适 的 食物 。,False,False,False,False,False,0,0.0,0,0,False,0,0.66938,114420,12647,False,0,0.88377,151421,16505,通过 “ 用脚 品尝 ” ， 它们 可以 判断 这片 叶子 是不是 适合 产卵 的 植物 ， 确保 将来 孵化 出来 的 毛毛虫 有 合适 的 食物 。,通过 “ 用 脚 品尝 ” ， 它们 可以 判断 这 片 叶子 是 不是 适合 产卵 的 植物 ， 确保 将来 孵化 出来 的 毛毛虫 有 合适 的 食物 。,通过 “ 用 脚 品尝 ” ， 它们 可以 判断 这 片 叶子 是 不是 适合 产卵 的 植物 ， 确保 将来 孵化 出来 的 毛 毛 虫 有 合适 的 食物 。
5339,579,它说住在这里快乐极了，不仅可以在井栏上 乘凉、在井壁上的洞里睡觉，还可以在井底的水洼里游泳。,False,它 说 住 在 这里 快乐 极了 ， 不仅 可以 在 井栏 上   乘凉 、 在 井壁 上 的 洞里 睡觉 ， 还 可以 在 井底 的 水洼 里 游泳 。,它 说 住 在 这里 快乐 极了 ， 不仅 可以 在 井栏 上 乘凉 、 在 井壁 上 的 洞里 睡觉 ， 还 可以 在 井底 的 水洼 里 游泳 。,它 说 住 在 这里 快乐 极 了 ， 不仅 可以 在 井栏 上 乘凉 、 在 井壁 上 的 洞里 睡觉 ， 还 可以 在 井底 的 水洼 里 游泳 。,False,False,False,False,False,-1,10,0,0,False,-1,10,0,0,False,-1,10,0,0,它 说 住 在 这里 快乐 极了 ， 不仅 可以 在 井栏 上   乘凉 、 在 井壁 上 的 洞里 睡觉 ， 还 可以 在 井底 的 水洼 里 游泳 。,它 说 住 在 这里 快乐 极了 ， 不仅 可以 在 井栏 上 乘凉 、 在 井壁 上 的 洞里 睡觉 ， 还 可以 在 井底 的 水洼 里 游泳 。,它 说 住 在 这里 快乐 极 了 ， 不仅 可以 在 井栏 上 乘凉 、 在 井壁 上 的 洞里 睡觉 ， 还 可以 在 井底 的 水洼 里 游泳 。
8704,806,凯特过去常常拍摄家庭照片，但这件事损害了王室和媒体之间的信任。,False,凯特 过去 常常 拍摄 家庭 照片 ， 但 这件 事 损害 了 王室 和 媒体 之间 的 信任 。,凯特 过去 常常 拍摄 家庭 照片 ， 但 这 件 事 损害 了 王室 和 媒体 之间 的 信任 。,凯特 过去 常常 拍摄 家庭 照片 ， 但 这 件 事 损害 了 王室 和 媒体 之间 的 信任 。,False,False,True,False,True,1,0.52438,85057,8942,True,1,0.36137,85057,8942,True,1,0.36137,85057,8942,凯特 过去 常常 拍摄 家庭 照片 ， 但 这件 事 损害 了 王室 和 媒体 之间 的 信任 。,凯特 过去 常常 拍摄 家庭 照片 ， 但 这 件 事 损害 了 王室 和 媒体 之间 的 信任 。,凯特 过去 常常 拍摄 家庭 照片 ， 但 这 件 事 损害 了 王室 和 媒体 之间 的 信任 。
16956,1397,President Donald Trump 和中国国家主席 Xi Jinping 预计将很快通话，以敲定相关条款。,True,President   Donald   Trump   和 中国 国家 主席   Xi   Jinping   预计 将 很快 通话 ， 以 敲定 相关 条款 。,President Donald Trump 和 中国 国家主席 Xi Jinping 预计 将 很快 通话 ， 以 敲定 相关 条款 。,President Donald Trump 和 中国 国家 主席 Xi Jinping 预计 将 很快 通话 ， 以 敲定 相关 条款 。,False,False,False,False,False,0,0.74611,108016,10637,False,0,0.34035,74229,7984,False,0,0.48354,108016,10637,President   Donald   Trump   和 中国 国家 主席   Xi   Jinping   预计 将 很快 通话 ， 以 敲定 相关 条款 。,President Donald Trump 和 中国 国家主席 Xi Jinping 预计 将 很快 通话 ， 以 敲定 相关 条款 。,President Donald Trump 和 中国 国家 主席 Xi Jinping 预计 将 很快 通话 ， 以 敲定 相关 条款 。
13668,1154,该片在海外上映前预售火爆，部分场次上座率超过 90%。,False,该片 在 海外 上映 前 预售 火爆 ， 部分 场次 上座率 超过   90% 。,该片 在 海外 上映 前 预售 火爆 ， 部分 场次 上座率 超过 90% 。,该片 在 海外 上映 前 预售 火爆 ， 部分 场次 上 座 率 超过 90% 。,False,False,False,False,False,0,0.0771,12640,1947,False,0,0.04693,12640,1947,False,0,0.06726,15483,2286,该片 在 海外 上映 前 预售 火爆 ， 部分 场次 上座率 超过   90% 。,该片 在 海外 上映 前 预售 火爆 ， 部分 场次 上座率 超过 90% 。,该片 在 海外 上映 前 预售 火爆 ， 部分 场次 上 座 率 超过 90% 。
6945,691,尽管如此，该报告仍然让投资者们纷纷涌向与超导体相关的韩国股票。,False,尽管如此 ， 该 报告 仍然 让 投资者 们 纷纷 涌向 与 超导体 相关 的 韩国 股票 。,尽管 如此 ， 该 报告 仍然 让 投资者们 纷纷 涌向 与 超导体 相关 的 韩国 股票 。,尽管 如此 ， 该 报告 仍然 让 投资 者们 纷纷 涌 向 与 超 导体 相关 的 韩国 股票 。,False,False,False,False,False,0,0.0,0,0,False,0,0.23614,47265,5781,False,0,0.37626,67017,7922,尽管如此 ， 该 报告 仍然 让 投资者 们 纷纷 涌向 与 超导体 相关 的 韩国 股票 。,尽管 如此 ， 该 报告 仍然 让 投资者们 纷纷 涌向 与 超导体 相关 的 韩国 股票 。,尽管 如此 ， 该 报告 仍然 让 投资 者们 纷纷 涌 向 与 超 导体 相关 的 韩国 股票 。
17321,1421,两人终于来到了蔬菜区。,False,两人 终于 来到 了 蔬菜 区 。,两 人 终于 来到 了 蔬菜区 。,两 人 终于 来到 了 蔬菜 区 。,False,False,False,False,True,1,0.03352,5762,901,True,1,0.03329,5918,915,True,1,0.03031,6862,1058,两人 终于 来到 了 蔬菜 区 。,两 人 终于 来到 了 蔬菜区 。,两 人 终于 来到 了 蔬菜 区 。
6583,666,与此同时，Twitter 由于技术、内容审核问题以及 Musk 最近实施的限制用户浏览量的措施，许多用户表示希望有一个替代平台。,True,与此同时 ， Twitter   由于 技术 、 内容 审核 问题 以及   Musk   最近 实施 的 限制 用户 浏览量 的 措施 ， 许多 用户 表示 希望 有 一个 替代 平台 。,与此同时 ， Twitter 由于 技术 、 内容 审核 问题 以及 Musk 最近 实施 的 限制 用户 浏览量 的 措施 ， 许多 用户 表示 希望 有 一个 替代 平台 。,与 此 同时 ， Twitter 由于 技术 、 内容 审核 问题 以及 Musk 最近 实施 的 限制 用户 浏览 量 的 措施 ， 许多 用户 表示 希望 有 一 个 替代 平台 。,False,False,False,False,False,-1,10,0,0,False,-1,10,0,0,False,-1,10,0,0,与此同时 ， Twitter   由于 技术 、 内容 审核 问题 以及   Musk   最近 实施 的 限制 用户 浏览量 的 措施 ， 许多 用户 表示 希望 有 一个 替代 平台 。,与此同时 ， Twitter 由于 技术 、 内容 审核 问题 以及 Musk 最近 实施 的 限制 用户 浏览量 的 措施 ， 许多 用户 表示 希望 有 一个 替代 平台 。,与 此 同时 ， Twitter 由于 技术 、 内容 审核 问题 以及 Musk 最近 实施 的 限制 用户 浏览 量 的 措施 ， 许多 用户 表示 希望 有 一 个 替代 平台 。
10195,908,指南针是又一个重要的中国发明。,False,指南针 是 又 一个 重要 的 中国 发明 。,指南 针是 又 一个 重要 的 中国 发明 。,指南 针 是 又 一 个 重要 的 中国 发明 。,False,False,False,False,True,1,0.19018,22028,2623,True,1,0.07457,15810,2009,True,1,0.1038,25692,3014,指南针 是 又 一个 重要 的 中国 发明 。,指南 针是 又 一个 重要 的 中国 发明 。,指南 针 是 又 一 个 重要 的 中国 发明 。
12884,1107,"Pacific Palisades 的这场大火被称为该市历史上破坏性最严重的一次，烧毁了超过 16,000 英亩的土地以及 1,000 多栋建筑。",True,"Pacific   Palisades   的 这场 大火 被 称为 该市 历史 上 破坏性 最 严重 的 一次 ， 烧毁 了 超过   16 , 000   英亩 的 土地 以及   1 , 000   多栋 建筑 。","Pacific Palisades 的 这 场 大火 被 称为 该市 历史 上 破坏性 最 严重 的 一 次 ， 烧毁 了 超过 16 , 000 英亩 的 土地 以及 1 , 000 多 栋 建筑 。","Pacific Palisades 的 这 场 大火 被 称 为 该市 历史 上 破坏 性 最 严重 的 一 次 ， 烧毁 了 超过 16,000 英亩 的 土地 以及 1,000 多栋 建筑 。",False,False,False,False,False,0,0.35296,75177,8599,False,0,0.33688,89565,9960,False,0,1.00722,216974,22310,"Pacific   Palisades   的 这场 大火 被 称为 该市 历史 上 破坏性 最 严重 的 一次 ， 烧毁 了 超过   16 , 000   英亩 的 土地 以及   1 , 000   多栋 建筑 。","Pacific Palisades 的 这 场 大火 被 称为 该市 历史 上 破坏性 最 严重 的 一 次 ， 烧毁 了 超过 16 , 000 英亩 的 土地 以及 1 , 000 多 栋 建筑 。","Pacific Palisades 的 这 场 大火 被 称 为 该市 历史 上 破坏 性 最 严重 的 一 次 ， 烧毁 了 超过 16,000 英亩 的 土地 以及 1,000 多栋 建筑 。"
12054,1056,他利用特殊权力在未经议会批准的情况下通过了一项与福利相关的预算法案，这加剧了异议。,False,他 利用 特殊 权力 在 未经 议会 批准 的 情况 下 通过 了 一项 与 福利 相关 的 预算 法案 ， 这 加剧 了 异议 。,他 利用 特殊 权力 在 未经 议会 批准 的 情况 下 通过 了 一 项 与 福利 相关 的 预算 法案 ， 这 加剧 了 异议 。,他 利用 特殊 权力 在 未经 议会 批准 的 情况 下 通过 了 一 项 与 福利 相关 的 预算 法案 ， 这 加剧 了 异议 。,False,False,True,False,False,0,0.42977,75916,8398,False,0,0.30443,75916,8398,False,0,0.30443,75916,8398,他 利用 特殊 权力 在 未经 议会 批准 的 情况 下 通过 了 一项 与 福利 相关 的 预算 法案 ， 这 加剧 了 异议 。,他 利用 特殊 权力 在 未经 议会 批准 的 情况 下 通过 了 一 项 与 福利 相关 的 预算 法案 ， 这 加剧 了 异议 。,他 利用 特殊 权力 在 未经 议会 批准 的 情况 下 通过 了 一 项 与 福利 相关 的 预算 法案 ， 这 加剧 了 异议 。
14099,1191,此次暴跌主要受需求疲软，尤其是在中国市场，和投资者对长期增长前景的担忧所影响。,False,此次 暴跌 主要 受 需求 疲软 ， 尤其 是 在 中国 市场 ， 和 投资者 对 长期 增长 前景 的 担忧 所 影响 。,此次 暴跌 主要 受 需求 疲软 ， 尤其是 在 中国 市场 ， 和 投资者 对 长期 增长 前景 的 担忧 所 影响 。,此次 暴跌 主要 受 需求 疲软 ， 尤其 是 在 中国 市场 ， 和 投资 者 对 长期 增长 前景 的 担忧 所 影响 。,False,False,False,False,False,0,0.74499,124204,12613,True,1,0.74614,141642,13767,False,0,1.65877,229157,22507,此次 暴跌 主要 受 需求 疲软 ， 尤其 是 在 中国 市场 ， 和 投资者 对 长期 增长 前景 的 担忧 所 影响 。,此次 暴跌 主要 受 需求 疲软 ， 尤其是 在 中国 市场 ， 和 投资者 对 长期 增长 前景 的 担忧 所 影响 。,此次 暴跌 主要 受 需求 疲软 ， 尤其 是 在 中国 市场 ， 和 投资 者 对 长期 增长 前景 的 担忧 所 影响 。
16666,1378,阿青笑了，在那一瞬间，她想起了一切。,False,阿青笑 了 ， 在 那 一瞬间 ， 她 想起 了 一切 。,阿青 笑 了 ， 在 那 一瞬间 ， 她 想起 了 一切 。,阿 青笑 了 ， 在 那 一 瞬间 ， 她 想起 了 一切 。,False,False,False,False,False,0,0.06251,6451,1234,False,0,0.12135,20832,2615,False,0,0.05082,8302,1500,阿青笑 了 ， 在 那 一瞬间 ， 她 想起 了 一切 。,阿青 笑 了 ， 在 那 一瞬间 ， 她 想起 了 一切 。,阿 青笑 了 ， 在 那 一 瞬间 ， 她 想起 了 一切 。
14558,1222,尽管复活灭绝物种引发了人们对恢复生物多样性的热情，专家也警告其中潜在的伦理和生态风险。,False,尽管 复活 灭绝 物种 引发 了 人们 对 恢复 生物 多样性 的 热情 ， 专家 也 警告 其中 潜在 的 伦理 和 生态 风险 。,尽管 复活 灭绝 物种 引发 了 人们 对 恢复 生物 多样性 的 热情 ， 专家 也 警告 其中 潜在 的 伦理 和 生态 风险 。,尽管 复活 灭绝 物种 引发 了 人们 对 恢复 生物 多样 性 的 热情 ， 专家 也 警告 其中 潜在 的 伦理 和 生态 风险 。,True,False,False,False,True,1,3.63948,502181,40728,True,1,3.63948,502181,40728,False,0,1.27937,161267,14977,尽管 复活 灭绝 物种 引发 了 人们 对 恢复 生物 多样性 的 热情 ， 专家 也 警告 其中 潜在 的 伦理 和 生态 风险 。,尽管 复活 灭绝 物种 引发 了 人们 对 恢复 生物 多样性 的 热情 ， 专家 也 警告 其中 潜在 的 伦理 和 生态 风险 。,尽管 复活 灭绝 物种 引发 了 人们 对 恢复 生物 多样 性 的 热情 ， 专家 也 警告 其中 潜在 的 伦理 和 生态 风险 。
3810,463,”,False,”,”,”,True,True,True,True,False,0,0.0015,69,19,False,0,0.0015,69,19,False,0,0.0015,69,19,”,”,”
8135,773,有报道称他曾在私人聚会上使用迷幻药、可卡因、摇头丸和氯胺酮。,False,有 报道 称 他 曾 在 私人 聚会 上 使用 迷幻药 、 可卡因 、 摇头丸 和 氯胺酮 。,有 报道 称 他 曾 在 私人 聚会 上 使用 迷幻药 、 可卡因 、 摇头丸 和 氯胺酮 。,有 报道 称 他 曾 在 私人 聚会 上 使用 迷幻 药 、 可 卡因 、 摇头 丸 和 氯胺 酮 。,True,False,False,False,True,1,0.49636,92785,9724,True,1,0.49636,92785,9724,False,0,0.20655,60026,6951,有 报道 称 他 曾 在 私人 聚会 上 使用 迷幻药 、 可卡因 、 摇头丸 和 氯胺酮 。,有 报道 称 他 曾 在 私人 聚会 上 使用 迷幻药 、 可卡因 、 摇头丸 和 氯胺酮 。,有 报道 称 他 曾 在 私人 聚会 上 使用 迷幻 药 、 可 卡因 、 摇头 丸 和 氯胺 酮 。
7383,722,持续 148 天的好莱坞编剧罢工现已结束。,False,持续   148   天 的 好莱坞 编剧 罢工 现已 结束 。,持续 148 天 的 好莱坞 编剧 罢工 现 已 结束 。,持续 148 天 的 好莱 坞 编剧 罢工 现已 结束 。,False,False,False,False,False,0,0.11457,22622,2542,False,0,0.11444,25165,2827,False,0,0.1203,26621,2978,持续   148   天 的 好莱坞 编剧 罢工 现已 结束 。,持续 148 天 的 好莱坞 编剧 罢工 现 已 结束 。,持续 148 天 的 好莱 坞 编剧 罢工 现已 结束 。
1735,303,周四，Event Horizon Telescope (EHT) 项目的天文学家揭示了我们银河系中心超大质量黑洞——人马座 A* 的第一张图像。,True,周四 ， Event   Horizon   Telescope   ( EHT )   项目 的 天文学家 揭示 了 我们 银河系 中心 超大 质量 黑洞 — — 人马座   A *   的 第一张 图像 。,周四 ， Event Horizon Telescope ( EHT) 项目 的 天文学家 揭示 了 我们 银河系 中心 超大 质量 黑洞 —— 人马 座 A * 的 第一 张 图像 。,周四 ， Event Horizon Telescope (EHT) 项目 的 天文 学 家 揭示 了 我们 银河 系 中心 超大 质量 黑洞 — — 人马 座 A* 的 第一 张 图像 。,False,False,False,False,False,0,0.0,0,0,False,0,0.21629,42064,5203,False,0,0.33746,75080,8261,周四 ， Event   Horizon   Telescope   ( EHT )   项目 的 天文学家 揭示 了 我们 银河系 中心 超大 质量 黑洞 — — 人马座   A *   的 第一张 图像 。,周四 ， Event Horizon Telescope ( EHT) 项目 的 天文学家 揭示 了 我们 银河系 中心 超大 质量 黑洞 —— 人马 座 A * 的 第一 张 图像 。,周四 ， Event Horizon Telescope (EHT) 项目 的 天文 学 家 揭示 了 我们 银河 系 中心 超大 质量 黑洞 — — 人马 座 A* 的 第一 张 图像 。
10948,971,直升机虽然尝试搜救，但因为天气恶劣和能见度差，没有成功。,False,直升机 虽然 尝试 搜救 ， 但 因为 天气 恶劣 和 能见度 差 ， 没有 成功 。,直升机 虽然 尝试 搜救 ， 但 因为 天气 恶劣 和 能见度 差 ， 没有 成功 。,直升 机 虽然 尝试 搜救 ， 但 因为 天气 恶劣 和 能见 度差 ， 没有 成功 。,True,False,False,False,False,0,0.20053,33793,4211,False,0,0.20053,33793,4211,True,1,0.5282,115689,11843,直升机 虽然 尝试 搜救 ， 但 因为 天气 恶劣 和 能见度 差 ， 没有 成功 。,直升机 虽然 尝试 搜救 ， 但 因为 天气 恶劣 和 能见度 差 ， 没有 成功 。,直升 机 虽然 尝试 搜救 ， 但 因为 天气 恶劣 和 能见 度差 ， 没有 成功 。
373,92,北京 - 在 9 月 10 日 中国教师节前夕，中国国家主席习近平周四向全国各地的教师、工人和教育团体致以问候。,False,北京   -   在   9   月   10   日   中国 教师节 前夕 ， 中国 国家 主席 习近平 周四 向 全国 各地 的 教师 、 工人 和 教育 团体 致以 问候 。,北京 - 在 9 月 10 日 中国 教师节 前夕 ， 中国 国家主席 习近平 周四 向 全国 各地 的 教师 、 工人 和 教育 团体 致以 问候 。,北京 - 在 9 月 10 日 中国 教师 节 前夕 ， 中国 国家 主席 习 近平 周 四 向 全国 各地 的 教师 、 工人 和 教育 团体 致以 问候 。,False,False,False,False,False,-1,10,0,0,True,1,4.08961,855168,16839,False,0,0.67718,121163,12166,北京   -   在   9   月   10   日   中国 教师节 前夕 ， 中国 国家 主席 习近平 周四 向 全国 各地 的 教师 、 工人 和 教育 团体 致以 问候 。,北京 - 在 9 月 10 日 中国 教师节 前夕 ， 中国 国家主席 习近平 周四 向 全国 各地 的 教师 、 工人 和 教育 团体 致以 问候 。,北京 - 在 9 月 10 日 中国 教师 节 前夕 ， 中国 国家 主席 习 近平 周 四 向 全国 各地 的 教师 、 工人 和 教育 团体 致以 问候 。
20083,1498,乐乐看了看小凯，小凯看了看小迪，三个 人一起笑了。,False,乐乐 看 了 看小凯 ， 小凯 看 了 看小迪 ， 三个   人 一起 笑 了 。,乐乐 看 了 看 小凯 ， 小凯 看 了 看 小迪 ， 三 个 人 一起 笑 了 。,乐乐 看 了 看 小凯 ， 小 凯看 了 看 小迪 ， 三 个 人 一起 笑 了 。,False,False,False,False,False,0,0.25827,50928,5781,False,0,1.56831,126308,12937,False,0,0.15979,28900,3717,乐乐 看 了 看小凯 ， 小凯 看 了 看小迪 ， 三个   人 一起 笑 了 。,乐乐 看 了 看 小凯 ， 小凯 看 了 看 小迪 ， 三 个 人 一起 笑 了 。,乐乐 看 了 看 小凯 ， 小 凯看 了 看 小迪 ， 三 个 人 一起 笑 了 。
18357,1449,陌生人：太好了！请给它起个有尊严的名字。,False,陌生人 ： 太好了 ！ 请 给 它 起个 有 尊严 的 名字 。,陌生人 ： 太 好 了 ！ 请 给 它 起 个 有 尊严 的 名字 。,陌生 人 ： 太好 了 ！ 请 给 它 起 个 有 尊严 的 名字 。,False,False,False,False,False,0,0.0,0,0,False,0,0.11903,20977,2777,False,0,0.0,0,0,陌生人 ： 太好了 ！ 请 给 它 起个 有 尊严 的 名字 。,陌生人 ： 太 好 了 ！ 请 给 它 起 个 有 尊严 的 名字 。,陌生 人 ： 太好 了 ！ 请 给 它 起 个 有 尊严 的 名字 。
7563,729,然而，它们建立在被夏威夷土著视为神圣的地方，因此也引发了持续的争议。,False,然而 ， 它们 建立 在 被 夏威夷 土著 视为 神圣 的 地方 ， 因此 也 引发 了 持续 的 争议 。,然而 ， 它们 建立 在 被 夏威夷 土著 视为 神圣 的 地方 ， 因此 也 引发 了 持续 的 争议 。,然而 ， 它们 建立 在 被 夏威夷 土著 视 为 神圣 的 地方 ， 因 此 也 引发 了 持续 的 争议 。,True,False,False,False,False,0,0.12486,27675,3711,False,0,0.12486,27675,3711,False,0,0.89573,188408,19051,然而 ， 它们 建立 在 被 夏威夷 土著 视为 神圣 的 地方 ， 因此 也 引发 了 持续 的 争议 。,然而 ， 它们 建立 在 被 夏威夷 土著 视为 神圣 的 地方 ， 因此 也 引发 了 持续 的 争议 。,然而 ， 它们 建立 在 被 夏威夷 土著 视 为 神圣 的 地方 ， 因 此 也 引发 了 持续 的 争议 。
20095,1499,Orban 的 Fidesz 党只 得到 52 个席位，得票率为 37.8%。,True,Orban   的   Fidesz   党 只   得到   52   个 席位 ， 得票率 为   37.8% 。,Orban 的 Fides z 党 只 得到 52 个 席位 ， 得票率 为 37 . 8% 。,Orban 的 Fidesz 党只 得到 52 个 席位 ， 得票 率 为 37.8% 。,False,False,False,False,True,1,0.14027,34925,3951,False,0,0.1488,41736,4726,True,1,0.21505,44272,4779,Orban   的   Fidesz   党 只   得到   52   个 席位 ， 得票率 为   37.8% 。,Orban 的 Fides z 党 只 得到 52 个 席位 ， 得票率 为 37 . 8% 。,Orban 的 Fidesz 党只 得到 52 个 席位 ， 得票 率 为 37.8% 。
7244,708,长城始建于公元前 7 世纪，多个朝代持续修建。,False,长城 始建 于 公元前   7   世纪 ， 多个 朝代 持续 修建 。,长城 始建于 公元前 7 世纪 ， 多 个 朝代 持续 修建 。,长城 始建 于 公元 前 7 世纪 ， 多 个 朝代 持续 修建 。,False,False,False,False,False,0,0.10218,24482,2846,False,0,0.14366,23947,2800,False,0,0.0583,14609,2020,长城 始建 于 公元前   7   世纪 ， 多个 朝代 持续 修建 。,长城 始建于 公元前 7 世纪 ， 多 个 朝代 持续 修建 。,长城 始建 于 公元 前 7 世纪 ， 多 个 朝代 持续 修建 。
133,28,拜尔斯在赛后新闻发布会上表示，她很荣幸能坐在奥运冠军管晨辰的身旁。,False,拜 尔斯 在 赛后 新闻 发布会 上 表示 ， 她 很 荣幸 能 坐在 奥运冠军 管晨辰 的 身旁 。,拜尔斯 在 赛后 新闻 发布会 上 表示 ， 她 很 荣幸 能 坐 在 奥运 冠军 管晨辰 的 身旁 。,拜尔斯 在 赛 后 新闻 发布 会上 表示 ， 她 很 荣幸能 坐在 奥运 冠军 管 晨辰 的 身旁 。,False,False,False,False,False,0,0.30871,70577,7739,False,0,0.3108,75405,8195,False,0,0.23774,62447,7001,拜 尔斯 在 赛后 新闻 发布会 上 表示 ， 她 很 荣幸 能 坐在 奥运冠军 管晨辰 的 身旁 。,拜尔斯 在 赛后 新闻 发布会 上 表示 ， 她 很 荣幸 能 坐 在 奥运 冠军 管晨辰 的 身旁 。,拜尔斯 在 赛 后 新闻 发布 会上 表示 ， 她 很 荣幸能 坐在 奥运 冠军 管 晨辰 的 身旁 。
2003,151,“好的，很简单，我可以假设有 x 只鸭，y 只水獭，再列一组二元一次方程……”学生回答道。,True,“ 好 的 ， 很 简单 ， 我 可以 假设 有   x   只 鸭 ， y   只 水獭 ， 再列 一组 二元 一次方程 … … ” 学生 回答 道 。,“ 好的 ， 很 简单 ， 我 可以 假设 有 x 只 鸭 ， y 只 水獭 ， 再 列 一 组 二元 一 次 方程 …… ” 学生 回 答道 。,“ 好 的 ， 很 简单 ， 我 可以 假设 有 x 只鸭 ， y 只水獭 ， 再 列 一 组 二 元 一 次 方程 …… ” 学生 回答 道 。,False,False,False,False,False,0,0.0,0,0,False,0,0.90769,183158,18461,False,0,0.76834,150748,15393,“ 好 的 ， 很 简单 ， 我 可以 假设 有   x   只 鸭 ， y   只 水獭 ， 再列 一组 二元 一次方程 … … ” 学生 回答 道 。,“ 好的 ， 很 简单 ， 我 可以 假设 有 x 只 鸭 ， y 只 水獭 ， 再 列 一 组 二元 一 次 方程 …… ” 学生 回 答道 。,“ 好 的 ， 很 简单 ， 我 可以 假设 有 x 只鸭 ， y 只水獭 ， 再 列 一 组 二 元 一 次 方程 …… ” 学生 回答 道 。
1501,230,在预测用户增长疲软后，Netflix 股价暴跌近 20 %，并抹去了自 2020 年 COVID 疫情以来的大部分剩余利润。,True,在 预测 用户 增长 疲软 后 ， Netflix   股价 暴跌 近   20   % ， 并 抹 去 了 自   2020   年   COVID   疫情 以来 的 大部分 剩余 利润 。,在 预测 用户 增长 疲软 后 ， Netflix 股价 暴跌 近 20 % ， 并 抹去 了 自 2020 年 COVID 疫情 以来 的 大部分 剩余 利润 。,在 预测 用户 增长 疲软 后 ， Netflix 股价 暴跌 近 20 % ， 并 抹去 了 自 2020 年 CO VID 疫情 以来 的 大 部分 剩余 利润 。,False,False,False,False,False,0,0.64074,93218,10819,False,0,0.25151,51440,6321,False,0,0.28331,52850,6573,在 预测 用户 增长 疲软 后 ， Netflix   股价 暴跌 近   20   % ， 并 抹 去 了 自   2020   年   COVID   疫情 以来 的 大部分 剩余 利润 。,在 预测 用户 增长 疲软 后 ， Netflix 股价 暴跌 近 20 % ， 并 抹去 了 自 2020 年 COVID 疫情 以来 的 大部分 剩余 利润 。,在 预测 用户 增长 疲软 后 ， Netflix 股价 暴跌 近 20 % ， 并 抹去 了 自 2020 年 CO VID 疫情 以来 的 大 部分 剩余 利润 。
7543,734,李克强于今年三月卸任总理一职。,False,李克强 于 今年 三月 卸任 总理 一职 。,李克强 于 今年 三月 卸任 总理 一 职 。,李 克 强 于 今年 三 月 卸任 总理 一 职 。,False,False,False,False,False,0,0.06911,11907,1582,False,0,0.06561,12697,1705,False,0,0.0598,13765,1946,李克强 于 今年 三月 卸任 总理 一职 。,李克强 于 今年 三月 卸任 总理 一 职 。,李 克 强 于 今年 三 月 卸任 总理 一 职 。
1898,319,据目击者称，死者包括一名孕妇和许多儿童。,False,据 目击者 称 ， 死者 包括 一名 孕妇 和 许多 儿童 。,据 目击者 称 ， 死者 包括 一 名 孕妇 和 许多 儿童 。,据 目击 者 称 ， 死者 包括 一 名 孕妇 和 许多 儿童 。,False,False,False,False,True,1,0.16558,32721,3671,True,1,0.27718,57681,6094,False,0,0.24944,54884,5894,据 目击者 称 ， 死者 包括 一名 孕妇 和 许多 儿童 。,据 目击者 称 ， 死者 包括 一 名 孕妇 和 许多 儿童 。,据 目击 者 称 ， 死者 包括 一 名 孕妇 和 许多 儿童 。
543,138,而在一天前，Facebook 前产品经理弗朗西斯·豪根 (Frances Haugen) 向美国联邦执法部门提出投诉，声称 Facebook 公司内部的研究表明，该公司各平台上的仇恨、错误信息和两极分化日益严重，尤其是对未成年 少女心理健康的伤害。,True,而 在 一天 前 ， Facebook   前 产品 经理 弗朗西斯 · 豪根   ( Frances   Haugen )   向 美国联邦 执法 部门 提出 投诉 ， 声称   Facebook   公司 内部 的 研究 表明 ， 该 公司 各 平台 上 的 仇恨 、 错误信息 和 两极分化 日益严重 ， 尤其 是 对 未成年   少女 心理健康 的 伤害 。,而 在 一 天 前 ， Facebook 前 产品 经理 弗朗西斯·豪根 ( Frances Haugen) 向 美国 联邦 执法 部门 提出 投诉 ， 声称 Facebook 公司 内部 的 研究 表明 ， 该 公司 各 平台 上 的 仇恨 、 错误 信息 和 两极 分化 日益 严重 ， 尤其是 对 未 成年 少女 心理 健康 的 伤害 。,而 在 一 天 前 ， Facebook 前产品 经理 弗朗西斯 · 豪根 (Frances Haugen) 向 美国 联邦 执法 部门 提出 投诉 ， 声称 Facebook 公司 内部 的 研究 表明 ， 该 公司 各 平台 上 的 仇恨 、 错误 信息 和 两 极 分化 日益 严重 ， 尤其 是 对 未 成年 少女 心理 健康 的 伤害 。,False,False,False,False,False,0,0.0,0,0,False,0,0.78244,149439,16119,False,0,0.79827,142505,15567,而 在 一天 前 ， Facebook   前 产品 经理 弗朗西斯 · 豪根   ( Frances   Haugen )   向 美国联邦 执法 部门 提出 投诉 ， 声称   Facebook   公司 内部 的 研究 表明 ， 该 公司 各 平台 上 的 仇恨 、 错误信息 和 两极分化 日益严重 ， 尤其 是 对 未成年   少女 心理健康 的 伤害 。,而 在 一 天 前 ， Facebook 前 产品 经理 弗朗西斯·豪根 ( Frances Haugen) 向 美国 联邦 执法 部门 提出 投诉 ， 声称 Facebook 公司 内部 的 研究 表明 ， 该 公司 各 平台 上 的 仇恨 、 错误 信息 和 两极 分化 日益 严重 ， 尤其是 对 未 成年 少女 心理 健康 的 伤害 。,而 在 一 天 前 ， Facebook 前产品 经理 弗朗西斯 · 豪根 (Frances Haugen) 向 美国 联邦 执法 部门 提出 投诉 ， 声称 Facebook 公司 内部 的 研究 表明 ， 该 公司 各 平台 上 的 仇恨 、 错误 信息 和 两 极 分化 日益 严重 ， 尤其 是 对 未 成年 少女 心理 健康 的 伤害 。
10726,953,她强调了阿富汗妇女和女孩如何面临严重的限制，包括被禁止公开演讲、上学，去公园或健身房，以及在公共场合被迫完全遮盖自己。,False,她 强调 了 阿富汗 妇女 和 女孩 如何 面临 严重 的 限制 ， 包括 被 禁止 公开 演讲 、 上学 ， 去 公园 或 健身房 ， 以及 在 公共场合 被迫 完全 遮盖 自己 。,她 强调 了 阿富汗 妇女 和 女孩 如何 面临 严重 的 限制 ， 包括 被 禁止 公开 演讲 、 上学 ， 去 公园 或 健身房 ， 以及 在 公共 场合 被迫 完全 遮盖 自己 。,她 强调 了 阿富汗 妇女 和 女孩 如何 面临 严重 的 限制 ， 包括 被 禁止 公开 演讲 、 上学 ， 去 公园 或 健身 房 ， 以及 在 公共 场合 被 迫 完全 遮盖 自己 。,False,False,False,False,False,-1,10,0,0,False,-1,10,0,0,False,-1,10,0,0,她 强调 了 阿富汗 妇女 和 女孩 如何 面临 严重 的 限制 ， 包括 被 禁止 公开 演讲 、 上学 ， 去 公园 或 健身房 ， 以及 在 公共场合 被迫 完全 遮盖 自己 。,她 强调 了 阿富汗 妇女 和 女孩 如何 面临 严重 的 限制 ， 包括 被 禁止 公开 演讲 、 上学 ， 去 公园 或 健身房 ， 以及 在 公共 场合 被迫 完全 遮盖 自己 。,她 强调 了 阿富汗 妇女 和 女孩 如何 面临 严重 的 限制 ， 包括 被 禁止 公开 演讲 、 上学 ， 去 公园 或 健身 房 ， 以及 在 公共 场合 被 迫 完全 遮盖 自己 。
2000,149,小球也对 小圆说了同样的话。,False,小球 也 对   小圆 说 了 同样 的话 。,小球 也 对 小圆 说 了 同样 的话 。,小球 也 对 小 圆说 了 同样 的话 。,False,False,False,False,False,0,0.16858,14055,1837,False,0,0.06992,14055,1837,False,0,0.06567,15091,1861,小球 也 对   小圆 说 了 同样 的话 。,小球 也 对 小圆 说 了 同样 的话 。,小球 也 对 小 圆说 了 同样 的话 。
16542,1368,8 月18 日，美国总统 Trump 在白宫会见了乌克兰总统 Volodymyr Zelenskyy 及多位欧洲领导人，包括 Macron、Merz、Meloni、Starmer、Stubb 和 von der Leyen，讨论乌克兰战争问题。,True,8   月 18   日 ， 美国 总统   Trump   在 白宫 会见 了 乌克兰 总统   Volodymyr   Zelenskyy   及 多位 欧洲 领导人 ， 包括   Macron 、 Merz 、 Meloni 、 Starmer 、 Stubb   和   von   der   Leyen ， 讨论 乌克兰 战争 问题 。,8 月 18 日 ， 美国 总统 Trump 在 白宫 会见 了 乌克兰 总统 Volodymyr Zelenskyy 及 多 位 欧洲 领导人 ， 包括 Macron 、 Merz 、 Meloni 、 Starmer 、 Stubb 和 von der Leyen ， 讨论 乌克兰 战争 问题 。,8 月18 日 ， 美国 总统 Trump 在 白宫 会见 了 乌克兰 总统 Volodymyr Zelenskyy 及多 位 欧洲 领导 人 ， 包括 Macron 、 Merz 、 Meloni 、 Starmer 、 Stubb 和 von der Leyen ， 讨论 乌克兰 战争 问题 。,False,False,False,False,False,-1,10,0,0,False,-1,10,0,0,False,0,0.0,0,0,8   月 18   日 ， 美国 总统   Trump   在 白宫 会见 了 乌克兰 总统   Volodymyr   Zelenskyy   及 多位 欧洲 领导人 ， 包括   Macron 、 Merz 、 Meloni 、 Starmer 、 Stubb   和   von   der   Leyen ， 讨论 乌克兰 战争 问题 。,8 月 18 日 ， 美国 总统 Trump 在 白宫 会见 了 乌克兰 总统 Volodymyr Zelenskyy 及 多 位 欧洲 领导人 ， 包括 Macron 、 Merz 、 Meloni 、 Starmer 、 Stubb 和 von der Leyen ， 讨论 乌克兰 战争 问题 。,8 月18 日 ， 美国 总统 Trump 在 白宫 会见 了 乌克兰 总统 Volodymyr Zelenskyy 及多 位 欧洲 领导 人 ， 包括 Macron 、 Merz 、 Meloni 、 Starmer 、 Stubb 和 von der Leyen ， 讨论 乌克兰 战争 问题 。
7815,751,"自 10 月 7 日冲突开始以来，加沙的死亡人数已超过15,500人，超过41,000人受伤。",False,"自   10   月   7   日 冲突 开始 以来 ， 加沙 的 死亡 人数 已 超过 15 , 500 人 ， 超过 41 , 000 人 受伤 。","自 10 月 7 日 冲突 开始 以来 ， 加沙 的 死亡 人数 已 超过 15 , 500 人 ， 超过 41 , 000 人 受伤 。","自 10 月 7 日 冲突 开始 以来 ， 加沙 的 死亡 人数 已 超过 15,500 人 ， 超过 41,000 人 受伤 。",False,False,False,False,False,0,0.59605,114633,11649,False,0,0.48537,114633,11649,False,0,0.32112,69096,7517,"自   10   月   7   日 冲突 开始 以来 ， 加沙 的 死亡 人数 已 超过 15 , 500 人 ， 超过 41 , 000 人 受伤 。","自 10 月 7 日 冲突 开始 以来 ， 加沙 的 死亡 人数 已 超过 15 , 500 人 ， 超过 41 , 000 人 受伤 。","自 10 月 7 日 冲突 开始 以来 ， 加沙 的 死亡 人数 已 超过 15,500 人 ， 超过 41,000 人 受伤 。"
9180,831,在法国，Marine Le Pen 领导的国民联盟党与上次选举相比大幅增加了 得票率，显著超过了 Macron 总统的党派。,True,在 法国 ， Marine   Le   Pen   领导 的 国民 联盟党 与 上次 选举 相比 大幅 增加 了   得票率 ， 显著 超过 了   Macron   总统 的 党派 。,在 法国 ， Marine Le Pen 领导 的 国民 联盟党 与 上次 选举 相比 大幅 增加 了 得票率 ， 显著 超过 了 Macron 总统 的 党派 。,在 法国 ， Marine Le Pen 领导 的 国民 联盟 党 与 上次 选举 相比 大幅 增加 了 得票 率 ， 显著 超过 了 Macron 总统 的 党派 。,False,False,False,False,False,0,1.28007,176652,16943,False,0,1.4668,176652,16943,False,0,1.23581,188903,18166,在 法国 ， Marine   Le   Pen   领导 的 国民 联盟党 与 上次 选举 相比 大幅 增加 了   得票率 ， 显著 超过 了   Macron   总统 的 党派 。,在 法国 ， Marine Le Pen 领导 的 国民 联盟党 与 上次 选举 相比 大幅 增加 了 得票率 ， 显著 超过 了 Macron 总统 的 党派 。,在 法国 ， Marine Le Pen 领导 的 国民 联盟 党 与 上次 选举 相比 大幅 增加 了 得票 率 ， 显著 超过 了 Macron 总统 的 党派 。
15593,1302,虽然股价在周五反弹约 6%，但全年累计仍下跌 26%。,False,虽然 股价 在 周五 反弹 约   6% ， 但 全年 累计 仍 下跌   26% 。,虽然 股价 在 周五 反 弹约 6% ， 但 全年 累计 仍 下跌 26% 。,虽然 股价 在 周 五 反 弹约 6% ， 但 全年 累计 仍 下跌 26% 。,False,False,False,False,False,0,0.1215,22992,3013,False,0,0.39949,93811,9880,False,0,0.19378,50377,5640,虽然 股价 在 周五 反弹 约   6% ， 但 全年 累计 仍 下跌   26% 。,虽然 股价 在 周五 反 弹约 6% ， 但 全年 累计 仍 下跌 26% 。,虽然 股价 在 周 五 反 弹约 6% ， 但 全年 累计 仍 下跌 26% 。
7008,696,管理 Eiffel Tower 的公司向当局通报了这一事件，并计划对两人提出投诉。,True,管理   Eiffel   Tower   的 公司 向 当局 通报 了 这 一 事件 ， 并 计划 对 两人 提出 投诉 。,管理 Eiffel Tower 的 公司 向 当局 通报 了 这 一 事件 ， 并 计划 对 两 人 提出 投诉 。,管理 Eiffel Tower 的 公司 向 当局 通报 了 这 一 事件 ， 并 计划 对 两 人 提出 投诉 。,False,False,True,False,True,1,0.71138,138689,14793,True,1,0.61251,119127,13143,True,1,0.61251,119127,13143,管理   Eiffel   Tower   的 公司 向 当局 通报 了 这 一 事件 ， 并 计划 对 两人 提出 投诉 。,管理 Eiffel Tower 的 公司 向 当局 通报 了 这 一 事件 ， 并 计划 对 两 人 提出 投诉 。,管理 Eiffel Tower 的 公司 向 当局 通报 了 这 一 事件 ， 并 计划 对 两 人 提出 投诉 。
17320,1420,可心： ……我无话可说。,False,可 心 ：   … … 我 无话可说 。,可心 ： …… 我 无话可说 。,可心 ： …… 我 无 话 可 说 。,False,False,False,False,False,0,0.0261,2570,612,False,0,0.0092,1669,430,False,0,0.03411,8435,1240,可 心 ：   … … 我 无话可说 。,可心 ： …… 我 无话可说 。,可心 ： …… 我 无 话 可 说 。
4200,491,从那时起，每逢佳节 Holly 就会向森林里的动物们传播快乐和喜悦，而她的心也将永远充满爱和幸福。,True,从那时起 ， 每逢 佳节   Holly   就 会 向 森林 里 的 动物 们 传播 快乐 和 喜悦 ， 而 她 的 心 也 将 永远 充满 爱 和 幸福 。,从 那时 起 ， 每逢 佳节 Holly 就 会 向 森林 里 的 动物们 传播 快乐 和 喜悦 ， 而 她 的 心 也 将 永远 充满 爱 和 幸福 。,从 那时 起 ， 每 逢 佳节 Holly 就会 向 森林 里 的 动物 们 传播 快乐 和 喜悦 ， 而 她 的 心 也 将 永远 充满 爱 和 幸福 。,False,False,False,False,False,0,0.29919,71196,8426,False,0,0.44196,115865,12430,False,0,0.61086,136478,14393,从那时起 ， 每逢 佳节   Holly   就 会 向 森林 里 的 动物 们 传播 快乐 和 喜悦 ， 而 她 的 心 也 将 永远 充满 爱 和 幸福 。,从 那时 起 ， 每逢 佳节 Holly 就 会 向 森林 里 的 动物们 传播 快乐 和 喜悦 ， 而 她 的 心 也 将 永远 充满 爱 和 幸福 。,从 那时 起 ， 每 逢 佳节 Holly 就会 向 森林 里 的 动物 们 传播 快乐 和 喜悦 ， 而 她 的 心 也 将 永远 充满 爱 和 幸福 。
19281,1484,早上七点半，乐乐已经穿好衣服，背好书包，站在门口。,False,早上 七点 半 ， 乐乐 已经 穿 好 衣服 ， 背好 书包 ， 站 在 门口 。,早上 七点半 ， 乐乐 已经 穿好 衣服 ， 背好 书包 ， 站 在 门口 。,早上 七 点 半 ， 乐乐 已经 穿好 衣服 ， 背好 书包 ， 站 在 门口 。,False,False,False,False,True,1,1.95638,252947,23557,True,1,1.1351,146064,13953,True,1,1.15093,183451,17368,早上 七点 半 ， 乐乐 已经 穿 好 衣服 ， 背好 书包 ， 站 在 门口 。,早上 七点半 ， 乐乐 已经 穿好 衣服 ， 背好 书包 ， 站 在 门口 。,早上 七 点 半 ， 乐乐 已经 穿好 衣服 ， 背好 书包 ， 站 在 门口 。
19521,1488,"""看来我们口味差不多。我叫陈默。""",False,""" 看来 我们 口味 差不多 。 我 叫 陈默 。 """,""" 看来 我们 口味 差不多 。 我 叫 陈默 。 """,""" 看 来 我们 口味 差 不多 。 我 叫 陈 默 。 """,True,False,False,False,False,0,0.0498,10027,1487,False,0,0.0498,10027,1487,False,0,0.0,0,0,""" 看来 我们 口味 差不多 。 我 叫 陈默 。 """,""" 看来 我们 口味 差不多 。 我 叫 陈默 。 """,""" 看 来 我们 口味 差 不多 。 我 叫 陈 默 。 """
15219,1273,调查显示，大楼存在严重的结构缺陷，包括设计不当和使用劣质材料。,False,调查 显示 ， 大楼 存在 严重 的 结构 缺陷 ， 包括 设计 不当 和 使用 劣质 材料 。,调查 显示 ， 大楼 存在 严重 的 结构 缺陷 ， 包括 设计 不当 和 使用 劣质 材料 。,调查 显示 ， 大楼 存在 严重 的 结构 缺陷 ， 包括 设计 不当 和 使用 劣质 材料 。,True,True,True,True,False,0,0.20061,41836,5035,False,0,0.20061,41836,5035,False,0,0.20061,41836,5035,调查 显示 ， 大楼 存在 严重 的 结构 缺陷 ， 包括 设计 不当 和 使用 劣质 材料 。,调查 显示 ， 大楼 存在 严重 的 结构 缺陷 ， 包括 设计 不当 和 使用 劣质 材料 。,调查 显示 ， 大楼 存在 严重 的 结构 缺陷 ， 包括 设计 不当 和 使用 劣质 材料 。
7983,763,该诉讼称，NYT 寻求“公允价值”，但未能达成协议。,True,该 诉讼 称 ， NYT   寻求 “ 公允 价值 ” ， 但 未能 达成协议 。,该 诉讼 称 ， N Y T 寻求 “ 公允 价值 ” ， 但 未能 达成 协议 。,该 诉讼 称 ， NYT 寻求 “ 公允 价值 ” ， 但 未能 达成 协议 。,False,False,False,False,False,0,0.05481,7748,1483,False,0,0.04944,9859,1879,False,0,0.0503,9681,1749,该 诉讼 称 ， NYT   寻求 “ 公允 价值 ” ， 但 未能 达成协议 。,该 诉讼 称 ， N Y T 寻求 “ 公允 价值 ” ， 但 未能 达成 协议 。,该 诉讼 称 ， NYT 寻求 “ 公允 价值 ” ， 但 未能 达成 协议 。
15232,1274,就在事发前不久，她在直播中表达了对两名早前造访男子的不安，其中一人伪装成送礼快递员。,False,就 在 事发 前不久 ， 她 在 直播 中 表达 了 对 两名 早前 造访 男子 的 不安 ， 其中 一人 伪装成 送礼 快递 员 。,就 在 事发 前不久 ， 她 在 直播 中 表达 了 对 两 名 早前 造访 男子 的 不安 ， 其中 一 人 伪装 成 送礼 快递员 。,就 在 事发 前 不久 ， 她 在 直播 中 表达 了 对 两 名 早前 造访 男子 的 不安 ， 其中 一 人 伪装 成 送 礼 快 递员 。,False,False,False,False,False,0,0.6971,147578,15391,False,0,0.824,162991,16957,False,0,0.46009,103901,11410,就 在 事发 前不久 ， 她 在 直播 中 表达 了 对 两名 早前 造访 男子 的 不安 ， 其中 一人 伪装成 送礼 快递 员 。,就 在 事发 前不久 ， 她 在 直播 中 表达 了 对 两 名 早前 造访 男子 的 不安 ， 其中 一 人 伪装 成 送礼 快递员 。,就 在 事发 前 不久 ， 她 在 直播 中 表达 了 对 两 名 早前 造访 男子 的 不安 ， 其中 一 人 伪装 成 送 礼 快 递员 。
13131,1118,这场危机加剧了韩国的政治紧张局势，也引发了对国家民主制度的担忧。,False,这场 危机 加剧 了 韩国 的 政治 紧张局势 ， 也 引发 了 对 国家 民主 制度 的 担忧 。,这 场 危机 加剧 了 韩国 的 政治 紧张 局势 ， 也 引发 了 对 国家 民主 制度 的 担忧 。,这 场 危机 加剧 了 韩国 的 政治 紧张 局势 ， 也 引发 了 对 国家 民主 制度 的 担忧 。,False,False,True,False,True,1,0.66769,142276,13812,False,0,0.26156,52897,6147,False,0,0.26156,52897,6147,这场 危机 加剧 了 韩国 的 政治 紧张局势 ， 也 引发 了 对 国家 民主 制度 的 担忧 。,这 场 危机 加剧 了 韩国 的 政治 紧张 局势 ， 也 引发 了 对 国家 民主 制度 的 担忧 。,这 场 危机 加剧 了 韩国 的 政治 紧张 局势 ， 也 引发 了 对 国家 民主 制度 的 担忧 。
6183,642,政府已公布对死伤者家属的赔偿。,False,政府 已 公布 对 死伤者 家属 的 赔偿 。,政府 已 公布 对 死伤者 家属 的 赔偿 。,政府 已 公布 对 死伤 者 家属 的 赔偿 。,True,False,False,False,True,1,0.20649,53333,5627,True,1,0.20649,53333,5627,True,1,0.32174,65870,6752,政府 已 公布 对 死伤者 家属 的 赔偿 。,政府 已 公布 对 死伤者 家属 的 赔偿 。,政府 已 公布 对 死伤 者 家属 的 赔偿 。
2858,398,尽管他们的人数超过了年轻人，但他还是成功地击败了他们，而劫匪们夹着尾巴逃跑了。,False,尽管 他们 的 人数 超过 了 年轻人 ， 但 他 还是 成功 地 击败 了 他们 ， 而 劫匪 们 夹着尾巴 逃跑 了 。,尽管 他们 的 人数 超过 了 年轻人 ， 但 他 还是 成功 地 击败 了 他们 ， 而 劫匪们 夹 着 尾巴 逃跑 了 。,尽管 他们 的 人数 超过 了 年轻 人 ， 但 他 还是 成功 地 击败 了 他们 ， 而 劫匪 们 夹 着 尾巴 逃跑 了 。,False,False,False,False,True,1,0.83562,145187,13958,True,1,1.63975,220467,21085,True,1,2.19912,241769,22917,尽管 他们 的 人数 超过 了 年轻人 ， 但 他 还是 成功 地 击败 了 他们 ， 而 劫匪 们 夹着尾巴 逃跑 了 。,尽管 他们 的 人数 超过 了 年轻人 ， 但 他 还是 成功 地 击败 了 他们 ， 而 劫匪们 夹 着 尾巴 逃跑 了 。,尽管 他们 的 人数 超过 了 年轻 人 ， 但 他 还是 成功 地 击败 了 他们 ， 而 劫匪 们 夹 着 尾巴 逃跑 了 。
2949,407,警方表示他们试图说服球迷返回看台，并在两名警察被打死后发射催泪瓦斯控制人群。,False,警方 表示 他们 试图 说服 球迷 返回 看台 ， 并 在 两名 警察 被 打死 后 发射 催泪瓦斯 控制 人群 。,警方 表示 他们 试图 说服 球迷 返回 看台 ， 并 在 两 名 警察 被 打死 后 发射 催泪 瓦斯 控制 人群 。,警方 表示 他们 试图 说服 球迷 返回 看台 ， 并 在 两 名 警察 被 打死 后 发射 催泪瓦斯 控制 人群 。,False,False,False,False,False,0,1.62575,317405,30957,True,1,2.42239,430093,41701,True,1,2.62257,429333,41575,警方 表示 他们 试图 说服 球迷 返回 看台 ， 并 在 两名 警察 被 打死 后 发射 催泪瓦斯 控制 人群 。,警方 表示 他们 试图 说服 球迷 返回 看台 ， 并 在 两 名 警察 被 打死 后 发射 催泪 瓦斯 控制 人群 。,警方 表示 他们 试图 说服 球迷 返回 看台 ， 并 在 两 名 警察 被 打死 后 发射 催泪瓦斯 控制 人群 。
13868,1174,他的代表作包括鹿野苑石刻博物馆、苏州御窑金砖博物馆和天宝洞区改造项目等。,False,他 的 代表作 包括 鹿野苑 石刻 博物馆 、 苏州 御窑 金砖 博物馆 和 天宝 洞区 改造 项目 等 。,他 的 代表作 包括 鹿野苑 石刻 博物馆 、 苏州 御窑金 砖 博物馆 和 天宝 洞区 改造 项目 等 。,他 的 代表 作 包括 鹿 野苑 石刻 博物 馆 、 苏州 御窑 金砖 博物 馆 和 天宝 洞 区 改造 项目 等 。,False,False,False,False,True,1,5.48032,1005768,10791,True,1,5.16867,1005768,10791,False,-1,10,0,0,他 的 代表作 包括 鹿野苑 石刻 博物馆 、 苏州 御窑 金砖 博物馆 和 天宝 洞区 改造 项目 等 。,他 的 代表作 包括 鹿野苑 石刻 博物馆 、 苏州 御窑金 砖 博物馆 和 天宝 洞区 改造 项目 等 。,他 的 代表 作 包括 鹿 野苑 石刻 博物 馆 、 苏州 御窑 金砖 博物 馆 和 天宝 洞 区 改造 项目 等 。
11467,1012,道指上涨超 425 点，标普 500 指数上涨 1.2%，纳斯达克上涨 1.4%。,False,道 指 上涨 超   425   点 ， 标普   500   指数 上涨   1.2% ， 纳斯达克 上涨   1.4% 。,道指 上涨 超 425 点 ， 标普 500 指数 上涨 1.2% ， 纳斯达克 上涨 1.4 % 。,道指 上涨超 425 点 ， 标普 500 指数 上涨 1.2% ， 纳斯达克上涨 1.4% 。,False,False,False,False,False,0,0.39241,61462,6467,False,0,0.09854,33163,3825,False,0,0.12155,35154,3884,道 指 上涨 超   425   点 ， 标普   500   指数 上涨   1.2% ， 纳斯达克 上涨   1.4% 。,道指 上涨 超 425 点 ， 标普 500 指数 上涨 1.2% ， 纳斯达克 上涨 1.4 % 。,道指 上涨超 425 点 ， 标普 500 指数 上涨 1.2% ， 纳斯达克上涨 1.4% 。
13680,1155,分析人士认为，此次座谈不仅旨在恢复企业界的信心，也表明民营企业在中国的技术发展和经济韧性中不可或缺的地位。,False,分析 人士 认为 ， 此次 座谈 不仅 旨在 恢复 企业界 的 信心 ， 也 表明 民营企业 在 中国 的 技术 发展 和 经济 韧性 中 不可或缺 的 地位 。,分析 人士 认为 ， 此次 座谈 不仅 旨在 恢复 企业界 的 信心 ， 也 表明 民营 企业 在 中国 的 技术 发展 和 经济 韧性 中 不可或缺 的 地位 。,分析 人士 认为 ， 此次 座谈 不仅 旨 在 恢复 企业 界 的 信心 ， 也 表明 民营 企业 在 中国 的 技术 发展 和 经济 韧 性 中 不可 或缺 的 地位 。,False,False,False,False,True,1,0.97023,218974,21482,True,1,0.40064,98689,10820,False,0,0.0,0,0,分析 人士 认为 ， 此次 座谈 不仅 旨在 恢复 企业界 的 信心 ， 也 表明 民营企业 在 中国 的 技术 发展 和 经济 韧性 中 不可或缺 的 地位 。,分析 人士 认为 ， 此次 座谈 不仅 旨在 恢复 企业界 的 信心 ， 也 表明 民营 企业 在 中国 的 技术 发展 和 经济 韧性 中 不可或缺 的 地位 。,分析 人士 认为 ， 此次 座谈 不仅 旨 在 恢复 企业 界 的 信心 ， 也 表明 民营 企业 在 中国 的 技术 发展 和 经济 韧 性 中 不可 或缺 的 地位 。
13281,1124,在离任前，前总统 Joe Biden 签署了多项赦免令，赦免了与“1 月 6 日事件”调查相关的多名官员后前往加州。,True,在 离任 前 ， 前 总统   Joe   Biden   签署 了 多项 赦免令 ， 赦免 了 与 “ 1   月   6   日 事件 ” 调查 相关 的 多名 官员 后 前往 加州 。,在 离任 前 ， 前 总统 Joe Biden 签署 了 多 项 赦免令 ， 赦免 了 与 “ 1 月 6 日 事件 ” 调查 相关 的 多 名 官员 后 前往 加州 。,在 离任 前 ， 前 总统 Joe Biden 签署 了 多 项 赦 免令 ， 赦免 了 与 “ 1 月 6 日 事件 ” 调查 相关 的 多 名 官员 后 前往 加州 。,False,False,False,False,False,-1,10,0,0,False,0,4.80211,668098,61906,False,0,7.95506,846690,77445,在 离任 前 ， 前 总统   Joe   Biden   签署 了 多项 赦免令 ， 赦免 了 与 “ 1   月   6   日 事件 ” 调查 相关 的 多名 官员 后 前往 加州 。,在 离任 前 ， 前 总统 Joe Biden 签署 了 多 项 赦免令 ， 赦免 了 与 “ 1 月 6 日 事件 ” 调查 相关 的 多 名 官员 后 前往 加州 。,在 离任 前 ， 前 总统 Joe Biden 签署 了 多 项 赦 免令 ， 赦免 了 与 “ 1 月 6 日 事件 ” 调查 相关 的 多 名 官员 后 前往 加州 。
15022,1262,它们拥有复杂的神经系统和惊人的智力。,False,它们 拥有 复杂 的 神经系统 和 惊人 的 智力 。,它们 拥有 复杂 的 神经 系统 和 惊人 的 智力 。,它们 拥有 复杂 的 神经 系统 和 惊人 的 智力 。,False,False,True,False,True,1,0.15873,15287,1860,True,1,0.08686,23497,2601,True,1,0.08686,23497,2601,它们 拥有 复杂 的 神经系统 和 惊人 的 智力 。,它们 拥有 复杂 的 神经 系统 和 惊人 的 智力 。,它们 拥有 复杂 的 神经 系统 和 惊人 的 智力 。
1391,245,由于 “4A” 的超高 难度，在正式比赛中很少有选手敢于挑战该动作，而这正是 Yuzuru Hanyu 一直以来的目标。,True,由于   “ 4A ”   的 超高   难度 ， 在 正式 比赛 中 很少 有 选手 敢于 挑战 该 动作 ， 而 这 正是   Yuzuru   Hanyu   一直 以来 的 目标 。,由于 “ 4A ” 的 超高 难度 ， 在 正式 比赛 中 很 少有 选手 敢于 挑战 该 动作 ， 而 这 正是 Yuzuru Hanyu 一直 以来 的 目标 。,由于 “4A ” 的 超高 难度 ， 在 正式 比赛 中 很少 有 选手 敢 于 挑战 该 动作 ， 而 这 正是 Yuzuru Hanyu 一直 以来 的 目标 。,False,False,False,False,False,0,0.39041,80475,9114,False,0,0.24026,54230,6543,False,0,0.42294,82061,9322,由于   “ 4A ”   的 超高   难度 ， 在 正式 比赛 中 很少 有 选手 敢于 挑战 该 动作 ， 而 这 正是   Yuzuru   Hanyu   一直 以来 的 目标 。,由于 “ 4A ” 的 超高 难度 ， 在 正式 比赛 中 很 少有 选手 敢于 挑战 该 动作 ， 而 这 正是 Yuzuru Hanyu 一直 以来 的 目标 。,由于 “4A ” 的 超高 难度 ， 在 正式 比赛 中 很少 有 选手 敢 于 挑战 该 动作 ， 而 这 正是 Yuzuru Hanyu 一直 以来 的 目标 。
3021,414,阿智是一个帅气勇敢的年轻人。,False,阿智 是 一个 帅气 勇敢 的 年轻人 。,阿智 是 一个 帅气 勇敢 的 年轻人 。,阿智 是 一 个 帅气 勇敢 的 年轻 人 。,True,False,False,False,False,0,0.05243,11504,1497,False,0,0.05243,11504,1497,False,0,0.05178,14619,1835,阿智 是 一个 帅气 勇敢 的 年轻人 。,阿智 是 一个 帅气 勇敢 的 年轻人 。,阿智 是 一 个 帅气 勇敢 的 年轻 人 。
1561,278,Twitter 表示，该交易已获得其董事会的一致批准，预计将于 2022 年内完成。,True,Twitter   表示 ， 该 交易 已 获得 其 董事会 的 一致 批准 ， 预计 将 于   2022   年内 完成 。,Twitter 表示 ， 该 交易 已 获得 其 董事会 的 一致 批准 ， 预计 将 于 2022 年内 完成 。,Twitter 表示 ， 该 交易 已 获得 其 董事 会 的 一致 批准 ， 预计 将 于 2022 年内 完成 。,False,False,False,False,False,0,0.23124,32611,4140,False,0,0.13847,32611,4140,False,0,0.21743,40442,4910,Twitter   表示 ， 该 交易 已 获得 其 董事会 的 一致 批准 ， 预计 将 于   2022   年内 完成 。,Twitter 表示 ， 该 交易 已 获得 其 董事会 的 一致 批准 ， 预计 将 于 2022 年内 完成 。,Twitter 表示 ， 该 交易 已 获得 其 董事 会 的 一致 批准 ， 预计 将 于 2022 年内 完成 。
12988,1112,"""公司希望我向你们表达他们的真诚慰问，""他背对着说。",False,""" 公司 希望 我 向 你们 表达 他们 的 真诚 慰问 ， "" 他 背对着 说 。",""" 公司 希望 我 向 你们 表达 他们 的 真诚 慰问 ， "" 他 背 对 着 说 。",""" 公司 希望 我 向 你们 表达 他们 的 真诚 慰问 ， "" 他 背对 着 说 。",False,False,False,False,False,0,0.09446,21335,2888,False,0,0.11684,30020,3768,False,0,0.08191,21275,2931,""" 公司 希望 我 向 你们 表达 他们 的 真诚 慰问 ， "" 他 背对着 说 。",""" 公司 希望 我 向 你们 表达 他们 的 真诚 慰问 ， "" 他 背 对 着 说 。",""" 公司 希望 我 向 你们 表达 他们 的 真诚 慰问 ， "" 他 背对 着 说 。"
10996,974,John Hopfield 和 Geoffrey Hinton 因他们在人工智能领域的贡献，特别是开发了类似于大脑工作的神经网络，获得了诺贝尔物理学奖。,True,John   Hopfield   和   Geoffrey   Hinton   因 他们 在 人工智能 领域 的 贡献 ， 特别 是 开发 了 类似 于 大脑 工作 的 神经网络 ， 获得 了 诺贝尔物理学奖 。,John Hopfield 和 Ge of frey Hinton 因 他们 在 人工 智能 领域 的 贡献 ， 特别是 开发 了 类似于 大脑 工作 的 神经 网络 ， 获得 了 诺贝尔 物理学 奖 。,John Hopfield 和 Geoffrey Hinton 因 他们 在 人工 智能 领域 的 贡献 ， 特别 是 开发 了 类似 于 大脑 工作 的 神经 网络 ， 获得 了 诺贝尔 物理 学奖 。,False,False,False,False,True,1,4.02454,791259,19302,False,0,0.0,0,0,False,0,0.59493,140491,14607,John   Hopfield   和   Geoffrey   Hinton   因 他们 在 人工智能 领域 的 贡献 ， 特别 是 开发 了 类似 于 大脑 工作 的 神经网络 ， 获得 了 诺贝尔物理学奖 。,John Hopfield 和 Ge of frey Hinton 因 他们 在 人工 智能 领域 的 贡献 ， 特别是 开发 了 类似于 大脑 工作 的 神经 网络 ， 获得 了 诺贝尔 物理学 奖 。,John Hopfield 和 Geoffrey Hinton 因 他们 在 人工 智能 领域 的 贡献 ， 特别 是 开发 了 类似 于 大脑 工作 的 神经 网络 ， 获得 了 诺贝尔 物理 学奖 。
3398,438,警员问 Nancy 在谋杀当晚是否看到过 John，她说她没有。,True,警员 问   Nancy   在 谋杀 当晚 是否 看到 过   John ， 她 说 她 没有 。,警员 问 Nancy 在 谋杀 当晚 是否 看到 过 John ， 她 说 她 没有 。,警员 问 Nancy 在 谋杀 当晚 是否 看到 过 John ， 她 说 她 没有 。,False,False,True,False,False,0,0.24378,43086,5100,False,0,0.20252,43086,5100,False,0,0.20252,43086,5100,警员 问   Nancy   在 谋杀 当晚 是否 看到 过   John ， 她 说 她 没有 。,警员 问 Nancy 在 谋杀 当晚 是否 看到 过 John ， 她 说 她 没有 。,警员 问 Nancy 在 谋杀 当晚 是否 看到 过 John ， 她 说 她 没有 。
8147,774,ETF 的推出导致比特币价格上涨，达到 2021 年 12 月以来的最高水平。,True,ETF   的 推出 导致 比特 币 价格上涨 ， 达到   2021   年   12   月 以来 的 最高 水平 。,ETF 的 推出 导致 比特币 价格 上涨 ， 达到 2021 年 12 月 以来 的 最高 水平 。,ETF 的 推出 导致 比 特币 价格 上涨 ， 达到 2021 年 12 月 以来 的 最高 水平 。,False,False,False,False,False,0,0.26963,50335,5634,False,0,0.10044,23755,3054,False,0,0.109,26471,3370,ETF   的 推出 导致 比特 币 价格上涨 ， 达到   2021   年   12   月 以来 的 最高 水平 。,ETF 的 推出 导致 比特币 价格 上涨 ， 达到 2021 年 12 月 以来 的 最高 水平 。,ETF 的 推出 导致 比 特币 价格 上涨 ， 达到 2021 年 12 月 以来 的 最高 水平 。
6249,644,此次严重的雾霾来自于加拿大提前到来的山火季节，程度也十分严重。,False,此次 严重 的 雾 霾 来自 于 加拿大 提前 到来 的 山火 季节 ， 程度 也 十分 严重 。,此次 严重 的 雾霾 来自于 加拿大 提前 到来 的 山火 季节 ， 程度 也 十分 严重 。,此次 严重 的 雾霾 来 自 于 加拿大 提前 到来 的 山火 季节 ， 程度 也 十分 严重 。,False,False,False,False,True,1,0.44141,83361,7779,True,1,0.28493,67572,6792,True,1,0.77415,160932,13017,此次 严重 的 雾 霾 来自 于 加拿大 提前 到来 的 山火 季节 ， 程度 也 十分 严重 。,此次 严重 的 雾霾 来自于 加拿大 提前 到来 的 山火 季节 ， 程度 也 十分 严重 。,此次 严重 的 雾霾 来 自 于 加拿大 提前 到来 的 山火 季节 ， 程度 也 十分 严重 。
6180,642,事故的原因仍然未知，但目前工作重点仍然是救援任务。,False,事故 的 原因 仍然 未知 ， 但 目前 工作 重点 仍然 是 救援 任务 。,事故 的 原因 仍然 未知 ， 但 目前 工作 重点 仍然 是 救援 任务 。,事故 的 原因 仍然 未 知 ， 但 目前 工作 重点 仍然 是 救援 任务 。,True,False,False,False,True,1,0.2346,53315,5858,True,1,0.2346,53315,5858,False,0,0.07651,16925,2433,事故 的 原因 仍然 未知 ， 但 目前 工作 重点 仍然 是 救援 任务 。,事故 的 原因 仍然 未知 ， 但 目前 工作 重点 仍然 是 救援 任务 。,事故 的 原因 仍然 未 知 ， 但 目前 工作 重点 仍然 是 救援 任务 。
17190,1416,救援行动已经结束，政府开始全面调查，并逮捕了 8 名与维修改造项目有关、涉嫌腐败或疏忽的人。,False,救援 行动 已经 结束 ， 政府 开始 全面 调查 ， 并 逮捕 了   8   名 与 维修 改造 项目 有关 、 涉嫌 腐败 或 疏忽 的 人 。,救援 行动 已经 结束 ， 政府 开始 全面 调查 ， 并 逮捕 了 8 名 与 维修 改造 项目 有关 、 涉嫌 腐败 或 疏忽 的 人 。,救援 行动 已经 结束 ， 政府 开始 全面 调查 ， 并 逮捕 了 8 名 与 维修 改造 项目 有关 、 涉嫌 腐败 或 疏忽 的 人 。,False,False,True,False,False,0,9.39197,615319,55312,False,0,8.97882,615319,55312,False,0,8.97882,615319,55312,救援 行动 已经 结束 ， 政府 开始 全面 调查 ， 并 逮捕 了   8   名 与 维修 改造 项目 有关 、 涉嫌 腐败 或 疏忽 的 人 。,救援 行动 已经 结束 ， 政府 开始 全面 调查 ， 并 逮捕 了 8 名 与 维修 改造 项目 有关 、 涉嫌 腐败 或 疏忽 的 人 。,救援 行动 已经 结束 ， 政府 开始 全面 调查 ， 并 逮捕 了 8 名 与 维修 改造 项目 有关 、 涉嫌 腐败 或 疏忽 的 人 。
14448,1215,该政策将从 4 月 5 日起对所有进口商品征收 10% 的统一关税，并从 4 月 9 日起对特定国家实施更高的“对等”关税，其中对中国商品的关税高达 54%。,False,该 政策 将 从   4   月   5   日起 对 所有 进口商品 征收   10%   的 统一 关税 ， 并 从   4   月   9   日起 对 特定 国家 实施 更 高 的 “ 对 等 ” 关税 ， 其中 对 中国 商品 的 关税 高 达   54% 。,该 政策 将 从 4 月 5 日起 对 所有 进口 商品 征收 10% 的 统一 关税 ， 并 从 4 月 9 日起 对 特定 国家 实施 更 高 的 “ 对等 ” 关税 ， 其中 对 中国 商品 的 关税 高达 54% 。,该 政策 将 从 4 月 5 日起 对 所有 进口 商品 征收 10% 的 统一 关税 ， 并 从 4 月 9 日 起 对 特定 国家 实施 更高 的 “ 对等 ” 关税 ， 其中 对 中国 商品 的 关税 高达 54% 。,False,False,False,False,False,0,0.0,0,0,False,0,0.0,0,0,False,0,0.0,0,0,该 政策 将 从   4   月   5   日起 对 所有 进口商品 征收   10%   的 统一 关税 ， 并 从   4   月   9   日起 对 特定 国家 实施 更 高 的 “ 对 等 ” 关税 ， 其中 对 中国 商品 的 关税 高 达   54% 。,该 政策 将 从 4 月 5 日起 对 所有 进口 商品 征收 10% 的 统一 关税 ， 并 从 4 月 9 日起 对 特定 国家 实施 更 高 的 “ 对等 ” 关税 ， 其中 对 中国 商品 的 关税 高达 54% 。,该 政策 将 从 4 月 5 日起 对 所有 进口 商品 征收 10% 的 统一 关税 ， 并 从 4 月 9 日 起 对 特定 国家 实施 更高 的 “ 对等 ” 关税 ， 其中 对 中国 商品 的 关税 高达 54% 。
4474,514,它们异常厚实的脂肪有助于它们在特别寒冷的水域中生存。,False,它们 异常 厚实 的 脂肪 有助于 它们 在 特别 寒冷 的 水域 中 生存 。,它们 异常 厚实 的 脂肪 有助于 它们 在 特别 寒冷 的 水域 中 生存 。,它们 异常 厚实 的 脂肪 有助 于 它们 在 特别 寒冷 的 水域 中 生存 。,True,False,False,False,False,0,0.12998,27283,3239,False,0,0.12998,27283,3239,False,0,0.09225,23421,2931,它们 异常 厚实 的 脂肪 有助于 它们 在 特别 寒冷 的 水域 中 生存 。,它们 异常 厚实 的 脂肪 有助于 它们 在 特别 寒冷 的 水域 中 生存 。,它们 异常 厚实 的 脂肪 有助 于 它们 在 特别 寒冷 的 水域 中 生存 。
5990,628,一会儿以后，国王见他们摸得差不多了，就问他们现在是否明白大象长什么样了。,False,一会儿 以后 ， 国王 见 他们 摸 得 差不多 了 ， 就 问 他们 现在 是否 明白 大象 长 什么样 了 。,一会儿 以后 ， 国王 见 他们 摸 得 差不多 了 ， 就 问 他们 现在 是否 明白 大象 长 什么样 了 。,一会儿 以后 ， 国王 见 他们 摸得 差 不多 了 ， 就 问 他们 现在 是否 明白 大象长 什么 样 了 。,True,False,False,False,False,-1,10,0,0,False,-1,10,0,0,False,0,0.0,0,0,一会儿 以后 ， 国王 见 他们 摸 得 差不多 了 ， 就 问 他们 现在 是否 明白 大象 长 什么样 了 。,一会儿 以后 ， 国王 见 他们 摸 得 差不多 了 ， 就 问 他们 现在 是否 明白 大象 长 什么样 了 。,一会儿 以后 ， 国王 见 他们 摸得 差 不多 了 ， 就 问 他们 现在 是否 明白 大象长 什么 样 了 。
9181,831,同样，在德国，极右翼的德国选择党也提高了自己的得票份额。,False,同样 ， 在 德国 ， 极右翼 的 德国 选择 党 也 提高 了 自己 的 得票 份额 。,同样 ， 在 德国 ， 极 右翼 的 德国 选择 党 也 提高 了 自己 的 得票 份额 。,同样 ， 在 德国 ， 极右 翼 的 德国 选择 党 也 提高 了 自己 的 得票 份额 。,False,False,False,False,False,0,0.56042,88950,9112,False,0,0.33713,66384,7072,False,0,0.8788,145220,14237,同样 ， 在 德国 ， 极右翼 的 德国 选择 党 也 提高 了 自己 的 得票 份额 。,同样 ， 在 德国 ， 极 右翼 的 德国 选择 党 也 提高 了 自己 的 得票 份额 。,同样 ， 在 德国 ， 极右 翼 的 德国 选择 党 也 提高 了 自己 的 得票 份额 。
14892,1250,中国电商平台 Temu 因应美国总统 Trump 推出的新关税政策，在美国订单中新增平均约 145% 的“进口费用”。,True,中国 电商 平台   Temu   因应 美国 总统   Trump   推出 的 新 关税 政策 ， 在 美国 订单 中 新增 平均 约   145%   的 “ 进口 费用 ” 。,中国 电商 平台 Temu 因应 美国 总统 Trump 推出 的 新 关税 政策 ， 在 美国 订单 中 新增 平均 约 145 % 的 “ 进口 费用 ” 。,中国 电商 平台 Temu 因应 美国 总统 Trump 推出 的 新关 税 政策 ， 在 美国 订单 中 新增 平均 约 145% 的 “ 进口 费用 ” 。,False,False,False,False,False,0,2.89938,465086,43682,False,0,2.65872,395360,37542,False,0,3.56299,512637,47490,中国 电商 平台   Temu   因应 美国 总统   Trump   推出 的 新 关税 政策 ， 在 美国 订单 中 新增 平均 约   145%   的 “ 进口 费用 ” 。,中国 电商 平台 Temu 因应 美国 总统 Trump 推出 的 新 关税 政策 ， 在 美国 订单 中 新增 平均 约 145 % 的 “ 进口 费用 ” 。,中国 电商 平台 Temu 因应 美国 总统 Trump 推出 的 新关 税 政策 ， 在 美国 订单 中 新增 平均 约 145% 的 “ 进口 费用 ” 。
8187,777,而因 故障系统遭受不同程度影响的人更多。,False,而 因   故障 系统 遭受 不同 程度 影响 的 人 更 多 。,而 因 故障 系统 遭受 不同 程度 影响 的 人 更 多 。,而因 故障 系统 遭受 不同 程度 影响 的 人 更多 。,False,False,False,False,True,1,0.42998,82080,8324,True,1,0.39047,82081,8324,False,0,0.0,0,0,而 因   故障 系统 遭受 不同 程度 影响 的 人 更 多 。,而 因 故障 系统 遭受 不同 程度 影响 的 人 更 多 。,而因 故障 系统 遭受 不同 程度 影响 的 人 更多 。
2157,297,鹅要过河，河要渡鹅。,False,鹅要 过河 ， 河要 渡鹅 。,鹅 要 过河 ， 河要 渡鹅 。,鹅要 过河 ， 河要 渡鹅 。,False,True,False,False,True,1,0.04348,7292,970,True,1,0.07924,15221,1754,True,1,0.04348,7292,970,鹅要 过河 ， 河要 渡鹅 。,鹅 要 过河 ， 河要 渡鹅 。,鹅要 过河 ， 河要 渡鹅 。
14284,1204,他抬起头，他们的目光相遇。,False,他 抬起 头 ， 他们 的 目光 相遇 。,他 抬起 头 ， 他们 的 目光 相遇 。,他 抬 起 头 ， 他们 的 目光 相遇 。,True,False,False,False,True,1,0.07167,17237,2016,True,1,0.07167,17237,2016,True,1,0.10432,23695,2682,他 抬起 头 ， 他们 的 目光 相遇 。,他 抬起 头 ， 他们 的 目光 相遇 。,他 抬 起 头 ， 他们 的 目光 相遇 。
18066,1447,截至目前，尚未公布是否会对涉事探员提出指控，调查仍在进行中，社会各界持续呼吁问责与透明。,False,截至 目前 ， 尚未 公布 是否 会 对 涉事 探员 提出 指控 ， 调查 仍 在 进行 中 ， 社会各界 持续 呼吁 问责 与 透明 。,截至 目前 ， 尚未 公布 是否 会 对 涉事 探员 提出 指控 ， 调查 仍 在 进行 中 ， 社会 各界 持续 呼吁 问责 与 透明 。,截至 目前 ， 尚 未 公布 是否 会 对 涉事 探员 提出 指控 ， 调查 仍 在 进行 中 ， 社会 各界 持续 呼吁 问责 与 透明 。,False,False,False,False,False,0,7.35682,740605,68704,False,0,6.85903,770349,71478,False,0,7.3249,869625,80410,截至 目前 ， 尚未 公布 是否 会 对 涉事 探员 提出 指控 ， 调查 仍 在 进行 中 ， 社会各界 持续 呼吁 问责 与 透明 。,截至 目前 ， 尚未 公布 是否 会 对 涉事 探员 提出 指控 ， 调查 仍 在 进行 中 ， 社会 各界 持续 呼吁 问责 与 透明 。,截至 目前 ， 尚 未 公布 是否 会 对 涉事 探员 提出 指控 ， 调查 仍 在 进行 中 ， 社会 各界 持续 呼吁 问责 与 透明 。
2980,411,10 月 8 日清晨，一场大爆炸严重破坏了连接 Crimea 半岛和 Russia 的唯一桥梁—— Kerch 海峡大桥（或称 Crimea 大桥）。,True,10   月   8   日 清晨 ， 一场 大 爆炸 严重破坏 了 连接   Crimea   半岛 和   Russia   的 唯一 桥梁 — —   Kerch   海峡 大桥 （ 或称   Crimea   大桥 ） 。,10 月 8 日 清晨 ， 一 场 大 爆炸 严重 破坏 了 连接 Crime a 半岛 和 Russia 的 唯一 桥梁 —— Kerch 海峡 大桥 （ 或 称 Crime a 大桥 ） 。,10 月 8 日 清晨 ， 一 场 大 爆炸 严重 破坏 了 连接 Crimea 半岛 和 Russia 的 唯一 桥梁 —— Kerch 海峡 大桥 （ 或称 Crimea 大桥 ） 。,False,False,False,False,False,0,0.0,0,0,False,0,0.7331,163573,15979,False,0,0.0,0,0,10   月   8   日 清晨 ， 一场 大 爆炸 严重破坏 了 连接   Crimea   半岛 和   Russia   的 唯一 桥梁 — —   Kerch   海峡 大桥 （ 或称   Crimea   大桥 ） 。,10 月 8 日 清晨 ， 一 场 大 爆炸 严重 破坏 了 连接 Crime a 半岛 和 Russia 的 唯一 桥梁 —— Kerch 海峡 大桥 （ 或 称 Crime a 大桥 ） 。,10 月 8 日 清晨 ， 一 场 大 爆炸 严重 破坏 了 连接 Crimea 半岛 和 Russia 的 唯一 桥梁 —— Kerch 海峡 大桥 （ 或称 Crimea 大桥 ） 。
1313,264,随后，俄罗斯宣布自行决定退出人权理事会。,False,随后 ， 俄罗斯 宣布 自行决定 退出 人权 理事会 。,随后 ， 俄罗斯 宣布 自行 决定 退出 人权 理事会 。,随后 ， 俄罗斯 宣布 自行 决定 退出 人权 理事 会 。,False,False,False,False,False,0,0.0,0,0,True,1,0.09506,19129,2454,True,1,0.18126,35117,3927,随后 ， 俄罗斯 宣布 自行决定 退出 人权 理事会 。,随后 ， 俄罗斯 宣布 自行 决定 退出 人权 理事会 。,随后 ， 俄罗斯 宣布 自行 决定 退出 人权 理事 会 。
17350,1424,一些 wedgefish 和 giant guitarfish 物种也被设定为零出口配额，基本停止了合法贸易。,True,一些   wedgefish   和   giant   guitarfish   物种 也 被 设定 为 零 出口配额 ， 基本 停止 了 合法 贸易 。,一些 wedgefish 和 giant guitarfish 物种 也 被 设定 为 零 出口 配额 ， 基本 停止 了 合法 贸易 。,一些 wedgefish 和 giant guitarfish 物种 也 被 设定 为 零 出口 配额 ， 基本 停止 了 合法 贸易 。,False,False,True,False,False,0,0.27053,55204,6188,False,0,0.2589,50708,5800,False,0,0.2589,50708,5800,一些   wedgefish   和   giant   guitarfish   物种 也 被 设定 为 零 出口配额 ， 基本 停止 了 合法 贸易 。,一些 wedgefish 和 giant guitarfish 物种 也 被 设定 为 零 出口 配额 ， 基本 停止 了 合法 贸易 。,一些 wedgefish 和 giant guitarfish 物种 也 被 设定 为 零 出口 配额 ， 基本 停止 了 合法 贸易 。
270,62,在阿里巴巴 (Alibaba)、百度、腾讯 (Tencent) 等科技巨头因违反反垄断法多次被罚款后，又有新的计划限制中国公司在海外上市。,True,在 阿里巴巴   ( Alibaba ) 、 百度 、 腾讯   ( Tencent )   等 科技 巨头 因 违反 反垄断法 多次 被 罚款 后 ， 又 有 新 的 计划 限制 中国 公司 在 海外 上市 。,在 阿里巴巴 (Alibaba) 、 百度 、 腾讯 (Tencent ) 等 科技 巨头 因 违反 反垄断法 多次 被 罚款 后 ， 又 有 新 的 计划 限制 中国 公司 在 海外 上市 。,在 阿里巴巴 (Alibaba) 、 百度 、 腾讯 (Tencent) 等 科技 巨头 因 违反 反垄 断法 多 次 被 罚款 后 ， 又 有 新 的 计划 限制 中国 公司 在 海外 上市 。,False,False,False,False,True,1,6.44162,1073224,43282,False,-1,10,0,0,False,0,1.54689,255911,24902,在 阿里巴巴   ( Alibaba ) 、 百度 、 腾讯   ( Tencent )   等 科技 巨头 因 违反 反垄断法 多次 被 罚款 后 ， 又 有 新 的 计划 限制 中国 公司 在 海外 上市 。,在 阿里巴巴 (Alibaba) 、 百度 、 腾讯 (Tencent ) 等 科技 巨头 因 违反 反垄断法 多次 被 罚款 后 ， 又 有 新 的 计划 限制 中国 公司 在 海外 上市 。,在 阿里巴巴 (Alibaba) 、 百度 、 腾讯 (Tencent) 等 科技 巨头 因 违反 反垄 断法 多 次 被 罚款 后 ， 又 有 新 的 计划 限制 中国 公司 在 海外 上市 。
2823,395,9月8日，白金汉宫证实，英国在位时间最久、最长寿的君主伊丽莎白二世在她喜欢的住所之一，苏格兰 Balmoral Castle，安详去世，享年 96 岁。,True,9 月 8 日 ， 白金汉宫 证实 ， 英国 在位 时间 最 久 、 最 长寿 的 君主 伊丽莎白 二世 在 她 喜欢 的 住所 之一 ， 苏格兰   Balmoral   Castle ， 安详 去世 ， 享年   96   岁 。,9月 8日 ， 白金汉宫 证实 ， 英国 在位 时间 最久 、 最 长寿 的 君主 伊丽莎白 二 世 在 她 喜欢 的 住所 之一 ， 苏格兰 Balmoral Castle ， 安详 去世 ， 享年 96 岁 。,9 月 8 日 ， 白金汉 宫 证实 ， 英国 在位 时间 最久 、 最长 寿 的 君主 伊丽莎白 二世 在 她 喜欢 的 住所 之 一 ， 苏格兰 Balmoral Castle ， 安详 去世 ， 享年 96 岁 。,False,False,False,False,False,0,0.8918,174121,17268,False,0,0.0,0,0,False,0,0.0,0,0,9 月 8 日 ， 白金汉宫 证实 ， 英国 在位 时间 最 久 、 最 长寿 的 君主 伊丽莎白 二世 在 她 喜欢 的 住所 之一 ， 苏格兰   Balmoral   Castle ， 安详 去世 ， 享年   96   岁 。,9月 8日 ， 白金汉宫 证实 ， 英国 在位 时间 最久 、 最 长寿 的 君主 伊丽莎白 二 世 在 她 喜欢 的 住所 之一 ， 苏格兰 Balmoral Castle ， 安详 去世 ， 享年 96 岁 。,9 月 8 日 ， 白金汉 宫 证实 ， 英国 在位 时间 最久 、 最长 寿 的 君主 伊丽莎白 二世 在 她 喜欢 的 住所 之 一 ， 苏格兰 Balmoral Castle ， 安详 去世 ， 享年 96 岁 。
7767,748,人们对他褒贬不一的评价原因包括其在结束越南战争中 的作用而获得有争议的诺贝尔和平奖。,False,人们 对 他 褒贬不一 的 评价 原因 包括 其 在 结束 越南战争 中   的 作用 而 获得 有 争议 的 诺贝尔和平奖 。,人们 对 他 褒贬不一 的 评价 原因 包括 其 在 结束 越南 战争 中 的 作用 而 获得 有 争议 的 诺贝尔 和平奖 。,人们 对 他 褒 贬 不一 的 评价 原因 包括 其 在 结束 越南 战争 中 的 作用 而 获得 有 争议 的 诺贝尔 和平 奖 。,False,False,False,False,False,0,0.4055,116495,12352,False,0,0.45784,132289,13946,False,0,0.74836,174160,18001,人们 对 他 褒贬不一 的 评价 原因 包括 其 在 结束 越南战争 中   的 作用 而 获得 有 争议 的 诺贝尔和平奖 。,人们 对 他 褒贬不一 的 评价 原因 包括 其 在 结束 越南 战争 中 的 作用 而 获得 有 争议 的 诺贝尔 和平奖 。,人们 对 他 褒 贬 不一 的 评价 原因 包括 其 在 结束 越南 战争 中 的 作用 而 获得 有 争议 的 诺贝尔 和平 奖 。
5378,582,该片主演杨紫琼 (Michelle Yeoh) 获得最佳女主角奖，成为首 位获此奖项的亚洲女性。,True,该片 主演 杨紫琼   ( Michelle   Yeoh )   获得最佳 女 主角奖 ， 成为 首   位 获此 奖项 的 亚洲 女性 。,该片 主演 杨紫琼 (Michelle Yeoh ) 获得 最佳 女 主角 奖 ， 成为 首 位 获 此 奖项 的 亚洲 女性 。,该片 主演 杨 紫琼 (Michelle Yeoh) 获得 最佳 女 主角 奖 ， 成 为 首 位 获此 奖项 的 亚洲 女性 。,False,False,False,False,False,0,0.18542,55385,6263,False,0,0.20315,53492,6198,False,0,0.30888,52358,6106,该片 主演 杨紫琼   ( Michelle   Yeoh )   获得最佳 女 主角奖 ， 成为 首   位 获此 奖项 的 亚洲 女性 。,该片 主演 杨紫琼 (Michelle Yeoh ) 获得 最佳 女 主角 奖 ， 成为 首 位 获 此 奖项 的 亚洲 女性 。,该片 主演 杨 紫琼 (Michelle Yeoh) 获得 最佳 女 主角 奖 ， 成 为 首 位 获此 奖项 的 亚洲 女性 。
13120,1117,该计划包括建设一台国家超级计算机，创建具有简化审批流程的 AI 增长区，并保持“支持创新”的监管框架。,True,该 计划 包括 建设 一台 国家 超级计算机 ， 创建 具有 简化 审批 流程 的   AI   增长 区 ， 并 保持 “ 支持 创新 ” 的 监管 框架 。,该 计划 包括 建设 一 台 国家 超级 计算机 ， 创建 具有 简化 审批 流程 的 A I 增长区 ， 并 保持 “ 支持 创新 ” 的 监管 框架 。,该 计划 包括 建设 一 台 国家 超级 计算 机 ， 创建 具有 简化 审批 流程 的 AI 增长 区 ， 并 保持 “ 支持 创新 ” 的 监管 框架 。,False,False,False,False,False,0,0.28611,62942,7396,False,0,0.38922,105953,11523,False,0,0.42407,90614,10103,该 计划 包括 建设 一台 国家 超级计算机 ， 创建 具有 简化 审批 流程 的   AI   增长 区 ， 并 保持 “ 支持 创新 ” 的 监管 框架 。,该 计划 包括 建设 一 台 国家 超级 计算机 ， 创建 具有 简化 审批 流程 的 A I 增长区 ， 并 保持 “ 支持 创新 ” 的 监管 框架 。,该 计划 包括 建设 一 台 国家 超级 计算 机 ， 创建 具有 简化 审批 流程 的 AI 增长 区 ， 并 保持 “ 支持 创新 ” 的 监管 框架 。
15596,1303,蜂蜜能保存这么久是因为它几乎没有水（细菌没有水就活不了）。,False,蜂蜜 能 保存 这么久 是因为 它 几乎 没有 水 （ 细菌 没有 水 就 活不了 ） 。,蜂蜜 能 保存 这么 久 是 因为 它 几乎 没有 水 （ 细菌 没有 水 就 活 不 了 ） 。,蜂蜜 能 保存 这么 久 是 因为 它 几乎 没有 水 （ 细菌 没有 水 就 活不 了 ） 。,False,False,False,False,False,0,0.0,0,0,False,0,0.0,0,0,False,0,0.21139,54806,6208,蜂蜜 能 保存 这么久 是因为 它 几乎 没有 水 （ 细菌 没有 水 就 活不了 ） 。,蜂蜜 能 保存 这么 久 是 因为 它 几乎 没有 水 （ 细菌 没有 水 就 活 不 了 ） 。,蜂蜜 能 保存 这么 久 是 因为 它 几乎 没有 水 （ 细菌 没有 水 就 活不 了 ） 。
15455,1293,Trump 政府宣布将“积极取消”一些中国学生的签证，特别是那些被认为与中国共产党有关或学习敏感专业（如半导体、航空航天）的学生，称此举是出于国家安全考虑。,True,Trump   政府 宣布 将 “ 积极 取消 ” 一些 中国 学生 的 签证 ， 特别 是 那些 被 认为 与 中国共产党 有关 或 学习 敏感 专业 （ 如 半导体 、 航空航天 ） 的 学生 ， 称 此举 是 出于 国家 安全 考虑 。,Trump 政府 宣布 将 “ 积极 取消 ” 一些 中国 学生 的 签证 ， 特别是 那些 被 认为 与 中国 共产党 有关 或 学习 敏感 专业 （ 如 半导体 、 航空 航天 ） 的 学生 ， 称 此举 是 出于 国家 安全 考虑 。,Trump 政府 宣布 将 “ 积极 取消 ” 一些 中国 学生 的 签证 ， 特别 是 那些 被 认为 与 中国 共产 党 有关 或 学习 敏感 专业 （ 如 半导体 、 航空 航天 ） 的 学生 ， 称 此举 是 出 于 国家 安全 考虑 。,False,False,False,False,False,0,6.95239,761013,68945,False,0,6.34505,707802,65085,False,0,2.85667,445602,42384,Trump   政府 宣布 将 “ 积极 取消 ” 一些 中国 学生 的 签证 ， 特别 是 那些 被 认为 与 中国共产党 有关 或 学习 敏感 专业 （ 如 半导体 、 航空航天 ） 的 学生 ， 称 此举 是 出于 国家 安全 考虑 。,Trump 政府 宣布 将 “ 积极 取消 ” 一些 中国 学生 的 签证 ， 特别是 那些 被 认为 与 中国 共产党 有关 或 学习 敏感 专业 （ 如 半导体 、 航空 航天 ） 的 学生 ， 称 此举 是 出于 国家 安全 考虑 。,Trump 政府 宣布 将 “ 积极 取消 ” 一些 中国 学生 的 签证 ， 特别 是 那些 被 认为 与 中国 共产 党 有关 或 学习 敏感 专业 （ 如 半导体 、 航空 航天 ） 的 学生 ， 称 此举 是 出 于 国家 安全 考虑 。
7000,695,美国总统 Joe Biden 对 Maui 宣布发生重大灾情，并承诺为受影响的人们提供联邦援助。,True,美国 总统   Joe   Biden   对   Maui   宣布 发生 重大 灾情 ， 并 承诺 为 受 影响 的 人们 提供 联邦 援助 。,美国 总统 Joe Biden 对 Maui 宣布 发生 重大 灾情 ， 并 承诺 为 受 影响 的 人们 提供 联邦 援助 。,美国 总统 Joe Biden 对 Maui 宣布 发生 重大 灾情 ， 并 承诺 为 受 影响 的 人们 提供 联邦 援助 。,False,False,True,False,False,0,8.91582,604948,66541,False,0,8.84845,604950,66541,False,0,8.84845,604950,66541,美国 总统   Joe   Biden   对   Maui   宣布 发生 重大 灾情 ， 并 承诺 为 受 影响 的 人们 提供 联邦 援助 。,美国 总统 Joe Biden 对 Maui 宣布 发生 重大 灾情 ， 并 承诺 为 受 影响 的 人们 提供 联邦 援助 。,美国 总统 Joe Biden 对 Maui 宣布 发生 重大 灾情 ， 并 承诺 为 受 影响 的 人们 提供 联邦 援助 。
12946,1111,来访者点头表示是。,False,来访者 点头 表示 是 。,来访者 点头 表示 是 。,来访 者 点 头 表示 是 。,True,False,False,False,False,0,0.0968,4166,586,False,0,0.0968,4166,586,False,0,0.07416,13580,1614,来访者 点头 表示 是 。,来访者 点头 表示 是 。,来访 者 点 头 表示 是 。
1497,232,总体而言，这凸显了中国在全球芯片一直存在短缺的情况下致力于增加 IC 产量的努力，以及其 中央政府推动半导体自给自足的努力。,True,总体而言 ， 这 凸显 了 中国 在 全球 芯片 一直 存在 短缺 的 情况 下 致力于 增加   IC   产量 的 努力 ， 以及 其   中央政府 推动 半导体 自给自足 的 努力 。,总体而言 ， 这 凸显 了 中国 在 全球 芯片 一直 存在 短缺 的 情况 下 致力于 增加 IC 产量 的 努力 ， 以及 其 中央 政府 推动 半导体 自给自足 的 努力 。,总体 而 言 ， 这 凸显 了 中国 在 全球 芯片 一直 存在 短缺 的 情况 下 致力 于 增加 IC 产量 的 努力 ， 以及 其 中央 政府 推动 半导体 自给 自足 的 努力 。,False,False,False,False,False,0,0.37503,73530,8435,False,0,0.31816,77194,8829,False,0,0.34154,82418,9534,总体而言 ， 这 凸显 了 中国 在 全球 芯片 一直 存在 短缺 的 情况 下 致力于 增加   IC   产量 的 努力 ， 以及 其   中央政府 推动 半导体 自给自足 的 努力 。,总体而言 ， 这 凸显 了 中国 在 全球 芯片 一直 存在 短缺 的 情况 下 致力于 增加 IC 产量 的 努力 ， 以及 其 中央 政府 推动 半导体 自给自足 的 努力 。,总体 而 言 ， 这 凸显 了 中国 在 全球 芯片 一直 存在 短缺 的 情况 下 致力 于 增加 IC 产量 的 努力 ， 以及 其 中央 政府 推动 半导体 自给 自足 的 努力 。
5322,578,如果这些说法属实，那就意味着人们对于室温超导体的追寻已达成，并将彻底改变包括能源、电网、电池、计算机等在内的多项技术。,False,如果 这些 说法 属实 ， 那 就 意味着 人们 对于 室温 超导体 的 追寻 已达成 ， 并 将 彻底改变 包括 能源 、 电网 、 电池 、 计算机 等 在内 的 多项 技术 。,如果 这些 说法 属实 ， 那 就 意味着 人们 对于 室温 超导体 的 追寻 已 达成 ， 并 将 彻底 改变 包括 能源 、 电网 、 电池 、 计算机 等 在内 的 多 项 技术 。,如果 这些 说法 属实 ， 那 就 意味 着 人们 对于 室温 超 导体 的 追寻 已 达成 ， 并 将 彻底 改变 包括 能源 、 电网 、 电池 、 计算 机 等 在内 的 多 项 技术 。,False,False,False,False,False,0,0.0,0,0,False,0,1.35173,205183,20185,False,0,0.0,0,0,如果 这些 说法 属实 ， 那 就 意味着 人们 对于 室温 超导体 的 追寻 已达成 ， 并 将 彻底改变 包括 能源 、 电网 、 电池 、 计算机 等 在内 的 多项 技术 。,如果 这些 说法 属实 ， 那 就 意味着 人们 对于 室温 超导体 的 追寻 已 达成 ， 并 将 彻底 改变 包括 能源 、 电网 、 电池 、 计算机 等 在内 的 多 项 技术 。,如果 这些 说法 属实 ， 那 就 意味 着 人们 对于 室温 超 导体 的 追寻 已 达成 ， 并 将 彻底 改变 包括 能源 、 电网 、 电池 、 计算 机 等 在内 的 多 项 技术 。
12244,1068,然后狼戴上奶奶掉在 地上的帽子，钻进了被窝里。,False,然后 狼 戴 上 奶奶 掉 在   地上 的 帽子 ， 钻进 了 被窝 里 。,然后 狼 戴上 奶奶 掉 在 地上 的 帽子 ， 钻进 了 被窝 里 。,然后 狼戴 上 奶 奶掉 在 地上 的 帽子 ， 钻进 了 被 窝里 。,False,False,False,False,True,1,1.12522,181142,17267,True,1,0.6197,116896,11556,True,1,0.64348,124315,11740,然后 狼 戴 上 奶奶 掉 在   地上 的 帽子 ， 钻进 了 被窝 里 。,然后 狼 戴上 奶奶 掉 在 地上 的 帽子 ， 钻进 了 被窝 里 。,然后 狼戴 上 奶 奶掉 在 地上 的 帽子 ， 钻进 了 被 窝里 。
36,7,该报告还提到，在 10 月 15 日那一周，领取救济金的人数减少了 1.5 万人，至 204 万。,False,该 报告 还 提到 ， 在   10   月   15   日 那 一周 ， 领取 救济金 的 人数 减少 了   1.5   万人 ， 至   204   万 。,该 报告 还 提到 ， 在 10 月 15 日 那 一 周 ， 领取 救济金 的 人数 减少 了 1.5 万 人 ， 至 204 万 。,该 报告 还 提到 ， 在 10 月 15 日那 一 周 ， 领取 救济 金 的 人数 减少 了 1.5 万 人 ， 至 204 万 。,False,False,False,False,False,0,0.76203,142625,14838,False,0,1.01248,167797,17045,False,0,0.39388,83045,9206,该 报告 还 提到 ， 在   10   月   15   日 那 一周 ， 领取 救济金 的 人数 减少 了   1.5   万人 ， 至   204   万 。,该 报告 还 提到 ， 在 10 月 15 日 那 一 周 ， 领取 救济金 的 人数 减少 了 1.5 万 人 ， 至 204 万 。,该 报告 还 提到 ， 在 10 月 15 日那 一 周 ， 领取 救济 金 的 人数 减少 了 1.5 万 人 ， 至 204 万 。
12634,1095,"""听听这风声，"" White 先生说。",True,""" 听听 这 风声 ， ""   White   先生 说 。",""" 听听 这 风声 ， "" White 先生 说 。",""" 听 听 这 风声 ， "" White 先生 说 。",False,False,False,False,False,0,0.04299,7378,1188,False,0,0.03741,7378,1188,False,0,0.04466,9891,1475,""" 听听 这 风声 ， ""   White   先生 说 。",""" 听听 这 风声 ， "" White 先生 说 。",""" 听 听 这 风声 ， "" White 先生 说 。"
8707,807,飞机降落后十多名乘客被送往医院，至少 50 人受伤。,False,飞机 降落 后 十多名 乘客 被 送往 医院 ， 至少   50   人 受伤 。,飞机 降落 后 十多 名 乘客 被 送往 医院 ， 至少 50 人 受伤 。,飞机 降落 后 十多 名 乘客 被 送往 医院 ， 至少 50 人 受伤 。,False,False,True,False,False,0,0.18642,33655,3896,False,0,0.32361,64187,6777,False,0,0.32361,64187,6777,飞机 降落 后 十多名 乘客 被 送往 医院 ， 至少   50   人 受伤 。,飞机 降落 后 十多 名 乘客 被 送往 医院 ， 至少 50 人 受伤 。,飞机 降落 后 十多 名 乘客 被 送往 医院 ， 至少 50 人 受伤 。
14671,1231,美方 策略的调整为 重启协议带来了希望，但双方的互不信任和分歧仍是重大障碍。,False,美方   策略 的 调整 为   重启 协议 带来 了 希望 ， 但 双方 的 互不 信任 和 分歧 仍 是 重大 障碍 。,美方 策略 的 调整 为 重启 协议 带来 了 希望 ， 但 双方 的 互不 信任 和 分歧 仍 是 重大 障碍 。,美方 策略 的 调整 为 重启 协议 带来 了 希望 ， 但 双 方 的 互不 信任 和 分歧 仍是 重大 障碍 。,False,False,False,False,False,0,0.22066,39685,4982,False,0,0.15992,39685,4982,False,0,0.0,0,0,美方   策略 的 调整 为   重启 协议 带来 了 希望 ， 但 双方 的 互不 信任 和 分歧 仍 是 重大 障碍 。,美方 策略 的 调整 为 重启 协议 带来 了 希望 ， 但 双方 的 互不 信任 和 分歧 仍 是 重大 障碍 。,美方 策略 的 调整 为 重启 协议 带来 了 希望 ， 但 双 方 的 互不 信任 和 分歧 仍是 重大 障碍 。
9413,847,丽丽：对啊，这很奇怪。我们去看看吧！,False,丽丽 ： 对 啊 ， 这 很 奇怪 。 我们 去 看看 吧 ！,丽丽 ： 对 啊 ， 这 很 奇怪 。 我们 去 看看 吧 ！,丽丽 ： 对啊 ， 这 很 奇怪 。 我们 去看 看吧 ！,True,False,False,False,False,0,0.10191,18889,2445,False,0,0.10191,18889,2445,False,0,0.05488,14045,1923,丽丽 ： 对 啊 ， 这 很 奇怪 。 我们 去 看看 吧 ！,丽丽 ： 对 啊 ， 这 很 奇怪 。 我们 去 看看 吧 ！,丽丽 ： 对啊 ， 这 很 奇怪 。 我们 去看 看吧 ！
13666,1154,该片在春节档表现强劲，助推中国电影市场创下 95 亿元人民币（13 亿美元）的春节档票房纪录。,False,该片 在 春节 档 表现 强劲 ， 助推 中国 电影 市场 创下   95   亿元 人民币 （ 13   亿美元 ） 的 春节 档 票房 纪录 。,该片 在 春节 档 表现 强劲 ， 助推 中国 电影 市场 创下 95 亿 元 人民币 （ 13 亿 美元 ） 的 春节 档 票房 纪录 。,该片 在 春节 档 表现 强劲 ， 助推 中国 电影 市场 创下 95 亿 元 人民 币 （ 13 亿 美 元 ） 的 春节 档 票房 纪录 。,False,False,False,False,False,0,0.12666,22710,3457,False,0,0.11918,25776,3826,False,0,0.12386,27232,4066,该片 在 春节 档 表现 强劲 ， 助推 中国 电影 市场 创下   95   亿元 人民币 （ 13   亿美元 ） 的 春节 档 票房 纪录 。,该片 在 春节 档 表现 强劲 ， 助推 中国 电影 市场 创下 95 亿 元 人民币 （ 13 亿 美元 ） 的 春节 档 票房 纪录 。,该片 在 春节 档 表现 强劲 ， 助推 中国 电影 市场 创下 95 亿 元 人民 币 （ 13 亿 美 元 ） 的 春节 档 票房 纪录 。
18401,1458,Minnesota 的局势也引发了全美范围内的示威和罢工，使该州成为当前美国关于移民执法、ICE 职责以及公共安全与公民权利之间平衡问题的关键争议点。,True,Minnesota   的 局势 也 引发 了 全美 范围 内 的 示威 和 罢工 ， 使 该州 成为 当前 美国 关于 移民 执法 、 ICE   职责 以及 公共安全 与 公民权利 之间 平衡 问题 的 关键 争议 点 。,Minnesota 的 局势 也 引发 了 全 美 范围 内 的 示威 和 罢工 ， 使 该州 成为 当前 美国 关于 移民 执法 、 IC E 职责 以及 公共 安全 与 公民 权利 之间 平衡 问题 的 关键 争议点 。,Minnesota 的 局势 也 引发 了 全 美 范围 内 的 示威 和 罢工 ， 使 该州 成 为 当前 美国 关于 移民 执法 、 ICE 职责 以及 公共 安全 与 公民 权利 之间 平衡 问题 的 关键 争议 点 。,False,False,False,False,False,0,1.76067,238575,21856,False,0,0.51833,95680,11205,False,0,0.65271,127395,14320,Minnesota   的 局势 也 引发 了 全美 范围 内 的 示威 和 罢工 ， 使 该州 成为 当前 美国 关于 移民 执法 、 ICE   职责 以及 公共安全 与 公民权利 之间 平衡 问题 的 关键 争议 点 。,Minnesota 的 局势 也 引发 了 全 美 范围 内 的 示威 和 罢工 ， 使 该州 成为 当前 美国 关于 移民 执法 、 IC E 职责 以及 公共 安全 与 公民 权利 之间 平衡 问题 的 关键 争议点 。,Minnesota 的 局势 也 引发 了 全 美 范围 内 的 示威 和 罢工 ， 使 该州 成 为 当前 美国 关于 移民 执法 、 ICE 职责 以及 公共 安全 与 公民 权利 之间 平衡 问题 的 关键 争议 点 。
15618,1305,州长 Gavin Newsom 和洛杉矶市官员强烈谴责此举，认为是出于政治动机、故意挑衅，而联邦官员则将抗议描述为“暴力叛乱”。,True,州长   Gavin   Newsom   和 洛杉矶市 官员 强烈 谴责 此举 ， 认为 是 出于 政治 动机 、 故意 挑衅 ， 而 联邦 官员 则 将 抗议 描述 为 “ 暴力 叛乱 ” 。,州长 Gavin Newsom 和 洛杉矶市 官员 强烈 谴责 此举 ， 认为 是 出于 政治 动机 、 故意 挑衅 ， 而 联邦 官员 则 将 抗议 描述 为 “ 暴力 叛乱 ” 。,州长 Gavin Newsom 和洛杉矶 市 官员 强烈 谴责 此举 ， 认为 是 出于 政治 动机 、 故意 挑衅 ， 而 联邦 官员 则 将 抗议 描述 为 “ 暴力 叛乱 ” 。,False,False,False,False,False,0,0.34897,61762,7529,False,0,0.22288,61762,7529,False,0,0.30981,62507,7625,州长   Gavin   Newsom   和 洛杉矶市 官员 强烈 谴责 此举 ， 认为 是 出于 政治 动机 、 故意 挑衅 ， 而 联邦 官员 则 将 抗议 描述 为 “ 暴力 叛乱 ” 。,州长 Gavin Newsom 和 洛杉矶市 官员 强烈 谴责 此举 ， 认为 是 出于 政治 动机 、 故意 挑衅 ， 而 联邦 官员 则 将 抗议 描述 为 “ 暴力 叛乱 ” 。,州长 Gavin Newsom 和洛杉矶 市 官员 强烈 谴责 此举 ， 认为 是 出于 政治 动机 、 故意 挑衅 ， 而 联邦 官员 则 将 抗议 描述 为 “ 暴力 叛乱 ” 。
4939,553,它们的每只手臂下都有一块松弛的皮瓣，它们将其用作口袋来存放它们最喜欢的石块，可以用来敲开食物。,False,它们 的 每 只 手臂 下 都 有 一块 松弛 的 皮瓣 ， 它们 将 其 用作 口袋 来 存放 它们 最 喜欢 的 石块 ， 可以 用来 敲开 食物 。,它们 的 每 只 手 臂下 都 有 一块 松弛 的 皮瓣 ， 它们 将 其 用作 口袋 来 存放 它们 最 喜欢 的 石块 ， 可以 用来 敲开 食物 。,它们 的 每 只 手臂 下 都 有 一 块 松弛 的 皮瓣 ， 它们 将 其 用作 口袋 来 存放 它们 最 喜欢 的 石块 ， 可以 用 来 敲开 食物 。,False,False,False,False,False,0,0.84897,198606,20158,False,0,0.84882,181429,18500,False,0,3.02972,456536,44387,它们 的 每 只 手臂 下 都 有 一块 松弛 的 皮瓣 ， 它们 将 其 用作 口袋 来 存放 它们 最 喜欢 的 石块 ， 可以 用来 敲开 食物 。,它们 的 每 只 手 臂下 都 有 一块 松弛 的 皮瓣 ， 它们 将 其 用作 口袋 来 存放 它们 最 喜欢 的 石块 ， 可以 用来 敲开 食物 。,它们 的 每 只 手臂 下 都 有 一 块 松弛 的 皮瓣 ， 它们 将 其 用作 口袋 来 存放 它们 最 喜欢 的 石块 ， 可以 用 来 敲开 食物 。
6175,641,从那以后，他的羊再也没有丢过。,False,从那以后 ， 他 的 羊 再也 没有 丢过 。,从 那 以后 ， 他 的 羊再 也 没有 丢 过 。,从那 以后 ， 他 的 羊 再 也 没有 丢过 。,False,False,False,False,False,0,0.0,0,0,True,1,0.48035,79580,7791,False,0,0.0,0,0,从那以后 ， 他 的 羊 再也 没有 丢过 。,从 那 以后 ， 他 的 羊再 也 没有 丢 过 。,从那 以后 ， 他 的 羊 再 也 没有 丢过 。
9770,874,这起事件造成两名与会者重伤、一人死亡。,False,这起 事件 造成 两名 与会者 重伤 、 一人 死亡 。,这 起 事件 造成 两 名 与会者 重伤 、 一 人 死亡 。,这 起 事件 造成 两 名 与 会者 重伤 、 一 人 死亡 。,False,False,False,False,False,0,0.0,0,0,True,1,0.15276,35844,3898,True,1,0.47045,94273,9150,这起 事件 造成 两名 与会者 重伤 、 一人 死亡 。,这 起 事件 造成 两 名 与会者 重伤 、 一 人 死亡 。,这 起 事件 造成 两 名 与 会者 重伤 、 一 人 死亡 。
7132,705,其中 Rafflesia arnoldii 能产生地球上最大的单朵花，直径可达 1 米。,True,其中   Rafflesia   arnoldii   能 产生 地球 上 最大 的 单 朵花 ， 直径 可 达   1   米 。,其中 Rafflesia arnoldii 能 产生 地球 上 最 大 的 单朵 花 ， 直径 可 达 1 米 。,其中 Rafflesia arnoldii 能 产生 地球 上 最大 的 单 朵 花 ， 直径 可 达 1 米 。,False,False,False,False,False,0,0.19299,41755,4904,True,1,0.82209,176881,16957,False,0,0.17047,48109,5530,其中   Rafflesia   arnoldii   能 产生 地球 上 最大 的 单 朵花 ， 直径 可 达   1   米 。,其中 Rafflesia arnoldii 能 产生 地球 上 最 大 的 单朵 花 ， 直径 可 达 1 米 。,其中 Rafflesia arnoldii 能 产生 地球 上 最大 的 单 朵 花 ， 直径 可 达 1 米 。
1495,232,中国官方统计数据显示，2021 年 中国生产了近 3600 亿片集成电路（IC），而进口总额为 4320 亿美元，同比增长分别为 33.3 % 和 23.6 %。,True,中国 官方 统计数据 显示 ， 2021   年   中国 生产 了 近   3600   亿片 集成电路 （ IC ） ， 而 进口 总额 为   4320   亿美元 ， 同比 增长 分别 为   33.3   %   和   23.6   % 。,中国 官方 统计 数据 显示 ， 2021 年 中国 生产 了 近 3600 亿 片 集成 电路 （ IC ） ， 而 进口 总额 为 4320 亿 美元 ， 同比 增长 分别 为 33 . 3 % 和 23 . 6 % 。,中国 官方 统计 数据 显示 ， 2021 年 中国 生产 了 近 3600 亿片 集成 电路 （ IC ） ， 而 进口 总额 为 4320 亿美 元 ， 同比 增长 分别 为 33.3 % 和 23.6 % 。,False,False,False,False,False,0,0.47242,83022,9801,False,0,0.3585,80529,9822,False,0,0.33135,72675,8916,中国 官方 统计数据 显示 ， 2021   年   中国 生产 了 近   3600   亿片 集成电路 （ IC ） ， 而 进口 总额 为   4320   亿美元 ， 同比 增长 分别 为   33.3   %   和   23.6   % 。,中国 官方 统计 数据 显示 ， 2021 年 中国 生产 了 近 3600 亿 片 集成 电路 （ IC ） ， 而 进口 总额 为 4320 亿 美元 ， 同比 增长 分别 为 33 . 3 % 和 23 . 6 % 。,中国 官方 统计 数据 显示 ， 2021 年 中国 生产 了 近 3600 亿片 集成 电路 （ IC ） ， 而 进口 总额 为 4320 亿美 元 ， 同比 增长 分别 为 33.3 % 和 23.6 % 。
19659,1490,"但写完一篇满意的文章，就不后悔了哈哈。""",False,"但 写 完 一篇 满意 的 文章 ， 就 不 后悔 了 哈哈 。 ""","但 写完 一 篇 满意 的 文章 ， 就 不 后悔 了 哈哈 。 ""","但 写 完 一 篇 满意 的 文章 ， 就 不 后悔 了 哈哈 。 """,False,False,False,False,False,0,0.11531,24082,3139,False,0,0.10001,20881,2902,False,0,0.11816,27561,3610,"但 写 完 一篇 满意 的 文章 ， 就 不 后悔 了 哈哈 。 ""","但 写完 一 篇 满意 的 文章 ， 就 不 后悔 了 哈哈 。 ""","但 写 完 一 篇 满意 的 文章 ， 就 不 后悔 了 哈哈 。 """
17469,1431,Netflix 将通过约 $59 billion 的银行贷款来完成交易。,True,Netflix   将 通过 约   $ 59   billion   的 银行贷款 来 完成 交易 。,Netflix 将 通过 约 $ 59 billion 的 银行 贷款 来 完成 交易 。,Netflix 将通过约 $59 billion 的 银行 贷 款 来 完成 交易 。,False,False,False,False,False,0,0.1507,37319,4265,False,0,0.18756,38532,4420,False,0,0.0,0,0,Netflix   将 通过 约   $ 59   billion   的 银行贷款 来 完成 交易 。,Netflix 将 通过 约 $ 59 billion 的 银行 贷款 来 完成 交易 。,Netflix 将通过约 $59 billion 的 银行 贷 款 来 完成 交易 。
1570,280,周四，一项发表在《科学》杂志上的研究发现，品种并不能决定狗狗们的行为和个性，只占它们行为差异的 9% 左右。,False,周四 ， 一项 发表 在 《 科学 》 杂志 上 的 研究 发现 ， 品种 并 不能 决定 狗狗 们 的 行为 和 个性 ， 只 占 它们 行为 差异 的   9%   左右 。,周四 ， 一 项 发表 在 《 科学 》 杂志 上 的 研究 发现 ， 品种 并不 能 决定 狗狗们 的 行为 和 个性 ， 只 占 它们 行为 差异 的 9% 左右 。,周四 ， 一 项 发表 在 《 科学 》 杂志 上 的 研究 发现 ， 品种 并 不能 决定 狗 狗们 的 行为 和 个性 ， 只 占 它们 行为 差异 的 9% 左右 。,False,False,False,False,False,-1,10,0,0,False,-1,10,0,0,False,-1,10,0,0,周四 ， 一项 发表 在 《 科学 》 杂志 上 的 研究 发现 ， 品种 并 不能 决定 狗狗 们 的 行为 和 个性 ， 只 占 它们 行为 差异 的   9%   左右 。,周四 ， 一 项 发表 在 《 科学 》 杂志 上 的 研究 发现 ， 品种 并不 能 决定 狗狗们 的 行为 和 个性 ， 只 占 它们 行为 差异 的 9% 左右 。,周四 ， 一 项 发表 在 《 科学 》 杂志 上 的 研究 发现 ， 品种 并 不能 决定 狗 狗们 的 行为 和 个性 ， 只 占 它们 行为 差异 的 9% 左右 。
10233,912,Kremlin 正在密切关注后续进展，同时关于言论自由以及通过 Telegram 对俄罗斯军事通信的影响的争论仍在继续。,True,Kremlin   正在 密切 关注 后续 进展 ， 同时 关于 言论自由 以及 通过   Telegram   对 俄罗斯 军事 通信 的 影响 的 争论 仍 在 继续 。,Kremlin 正在 密切 关注 后续 进展 ， 同时 关于 言论 自由 以及 通过 Telegram 对 俄罗斯 军事 通信 的 影响 的 争论 仍 在 继续 。,Kremlin 正在 密切 关注 后续 进展 ， 同时 关于 言论 自由 以及 通过 Telegram 对 俄罗斯 军事 通信 的 影响 的 争论 仍 在 继续 。,False,False,True,False,False,0,0.66216,107412,11667,False,0,0.55215,116381,12503,False,0,0.55215,116381,12503,Kremlin   正在 密切 关注 后续 进展 ， 同时 关于 言论自由 以及 通过   Telegram   对 俄罗斯 军事 通信 的 影响 的 争论 仍 在 继续 。,Kremlin 正在 密切 关注 后续 进展 ， 同时 关于 言论 自由 以及 通过 Telegram 对 俄罗斯 军事 通信 的 影响 的 争论 仍 在 继续 。,Kremlin 正在 密切 关注 后续 进展 ， 同时 关于 言论 自由 以及 通过 Telegram 对 俄罗斯 军事 通信 的 影响 的 争论 仍 在 继续 。
1464,237,农历新年又叫 春节，是中国文化中最重要的节日，人们会和家人一起庆祝。,False,农历 新年 又 叫   春节 ， 是 中国 文化 中 最 重要 的 节日 ， 人们 会 和 家人 一起 庆祝 。,农历 新年 又 叫 春节 ， 是 中国 文化 中 最 重要 的 节日 ， 人们 会 和 家人 一起 庆祝 。,农历 新年 又 叫 春节 ， 是 中国 文化 中 最 重要 的 节日 ， 人们 会 和 家人 一起 庆祝 。,False,False,True,False,False,-1,10,0,0,False,-1,10,0,0,False,-1,10,0,0,农历 新年 又 叫   春节 ， 是 中国 文化 中 最 重要 的 节日 ， 人们 会 和 家人 一起 庆祝 。,农历 新年 又 叫 春节 ， 是 中国 文化 中 最 重要 的 节日 ， 人们 会 和 家人 一起 庆祝 。,农历 新年 又 叫 春节 ， 是 中国 文化 中 最 重要 的 节日 ， 人们 会 和 家人 一起 庆祝 。
1241,220,据美联社报道，RCEP 的启动标志着中国与亚太地区国家成功达成了前所未有的大型贸易协定。,True,据 美联社 报道 ， RCEP   的 启动 标志 着 中国 与 亚太地区 国家 成功 达成 了 前所未有 的 大型 贸易协定 。,据 美联社 报道 ， RCEP 的 启动 标志 着 中国 与 亚太 地区 国家 成功 达成 了 前所未有 的 大型 贸易 协定 。,据 美联 社 报道 ， RCEP 的 启动 标志 着 中国 与 亚太 地区 国家 成功 达成 了 前 所 未有 的 大型 贸易 协定 。,False,False,False,False,False,0,0.25701,27195,3708,False,0,0.13257,32385,4284,False,0,0.0,0,0,据 美联社 报道 ， RCEP   的 启动 标志 着 中国 与 亚太地区 国家 成功 达成 了 前所未有 的 大型 贸易协定 。,据 美联社 报道 ， RCEP 的 启动 标志 着 中国 与 亚太 地区 国家 成功 达成 了 前所未有 的 大型 贸易 协定 。,据 美联 社 报道 ， RCEP 的 启动 标志 着 中国 与 亚太 地区 国家 成功 达成 了 前 所 未有 的 大型 贸易 协定 。
19966,1493,"后来服务升级后，每位旅客最多可以带两只宠物，还增加了""宠物独行""的选项。",False,"后来 服务 升级 后 ， 每位 旅客 最 多 可以 带 两只 宠物 ， 还 增加 了 "" 宠物 独行 "" 的 选项 。","后来 服务 升级 后 ， 每 位 旅客 最多 可以 带 两 只 宠物 ， 还 增加 了 "" 宠物 独行"" 的 选项 。","后来 服务 升级 后 ， 每位 旅客 最多 可以 带 两 只 宠物 ， 还 增加 了 "" 宠物 独行 "" 的 选项 。",False,False,False,False,True,1,3.90823,533097,47856,True,1,1.11386,181685,18129,True,1,0.97679,178034,17639,"后来 服务 升级 后 ， 每位 旅客 最 多 可以 带 两只 宠物 ， 还 增加 了 "" 宠物 独行 "" 的 选项 。","后来 服务 升级 后 ， 每 位 旅客 最多 可以 带 两 只 宠物 ， 还 增加 了 "" 宠物 独行"" 的 选项 。","后来 服务 升级 后 ， 每位 旅客 最多 可以 带 两 只 宠物 ， 还 增加 了 "" 宠物 独行 "" 的 选项 。"
15350,1282,他们认为特朗普政府的做法是 非法关闭教育部，会对学生和教育工作者造成伤害。,False,他们 认为 特朗普 政府 的 做法 是   非法 关闭 教育部 ， 会 对 学生 和 教育工作者 造成 伤害 。,他们 认为 特朗 普政府 的 做法 是 非法 关闭 教育部 ， 会 对 学生 和 教育 工作者 造成 伤害 。,他们 认为 特朗普 政府 的 做法 是 非法 关闭 教育 部 ， 会 对 学生 和 教育 工作 者 造成 伤害 。,False,False,False,False,False,0,0.71407,100882,10651,False,0,0.97463,144258,14595,False,0,2.11802,266916,25063,他们 认为 特朗普 政府 的 做法 是   非法 关闭 教育部 ， 会 对 学生 和 教育工作者 造成 伤害 。,他们 认为 特朗 普政府 的 做法 是 非法 关闭 教育部 ， 会 对 学生 和 教育 工作者 造成 伤害 。,他们 认为 特朗普 政府 的 做法 是 非法 关闭 教育 部 ， 会 对 学生 和 教育 工作 者 造成 伤害 。
16197,1342,该交易引发关于新闻自由和政治影响渗入媒体的广泛争议，不少人认为，批准背后隐藏着对编辑让步和法律和解的政治回报。,False,该 交易 引发 关于 新闻自由 和 政治 影响 渗入 媒体 的 广泛 争议 ， 不少 人 认为 ， 批准 背后 隐藏 着 对 编辑 让步 和 法律 和解 的 政治 回报 。,该 交易 引发 关于 新闻 自由 和 政治 影响 渗入 媒体 的 广泛 争议 ， 不少 人 认为 ， 批准 背后 隐藏 着 对 编辑 让步 和 法律 和解 的 政治 回报 。,该 交易 引发 关于 新闻 自由 和 政治 影响 渗入 媒体 的 广泛 争议 ， 不少 人 认为 ， 批准 背后 隐藏 着 对 编辑 让步 和 法律 和解 的 政治 回报 。,False,False,True,False,False,0,0.8678,101358,11161,False,0,0.64985,107510,11746,False,0,0.64985,107510,11746,该 交易 引发 关于 新闻自由 和 政治 影响 渗入 媒体 的 广泛 争议 ， 不少 人 认为 ， 批准 背后 隐藏 着 对 编辑 让步 和 法律 和解 的 政治 回报 。,该 交易 引发 关于 新闻 自由 和 政治 影响 渗入 媒体 的 广泛 争议 ， 不少 人 认为 ， 批准 背后 隐藏 着 对 编辑 让步 和 法律 和解 的 政治 回报 。,该 交易 引发 关于 新闻 自由 和 政治 影响 渗入 媒体 的 广泛 争议 ， 不少 人 认为 ， 批准 背后 隐藏 着 对 编辑 让步 和 法律 和解 的 政治 回报 。
17057,1405,华盛顿对来自印度的虾进口征收新的高额关税，到 8 月底关税已翻倍至接近 50%。,False,华盛顿 对 来自 印度 的 虾 进口 征收 新 的 高额 关税 ， 到   8   月底 关税 已 翻倍 至 接近   50% 。,华盛顿 对 来自 印度 的 虾 进口 征收 新 的 高额 关税 ， 到 8 月底 关税 已 翻倍 至 接近 50% 。,华盛顿 对 来 自 印度 的 虾 进口 征收 新 的 高额 关税 ， 到 8 月 底 关税 已 翻 倍 至 接近 50% 。,False,False,False,False,False,0,1.61729,231603,22553,False,0,1.56788,231602,22553,False,0,2.50386,359426,34167,华盛顿 对 来自 印度 的 虾 进口 征收 新 的 高额 关税 ， 到   8   月底 关税 已 翻倍 至 接近   50% 。,华盛顿 对 来自 印度 的 虾 进口 征收 新 的 高额 关税 ， 到 8 月底 关税 已 翻倍 至 接近 50% 。,华盛顿 对 来 自 印度 的 虾 进口 征收 新 的 高额 关税 ， 到 8 月 底 关税 已 翻 倍 至 接近 50% 。
5017,559,但看守人总能先 人一步，对她的一举一动了如指掌。,False,但 看守 人 总能 先   人 一步 ， 对 她 的 一举一动 了如指掌 。,但 看守人 总 能 先 人 一 步 ， 对 她 的 一举一动 了如指掌 。,但 看守 人 总 能 先 人 一 步 ， 对 她 的 一举 一 动 了如指掌 。,False,False,False,False,False,0,0.24179,31516,3652,True,1,0.2215,54490,5712,True,1,0.31513,77668,8262,但 看守 人 总能 先   人 一步 ， 对 她 的 一举一动 了如指掌 。,但 看守人 总 能 先 人 一 步 ， 对 她 的 一举一动 了如指掌 。,但 看守 人 总 能 先 人 一 步 ， 对 她 的 一举 一 动 了如指掌 。
1452,270,周五，在 Elon Musk 提出希望以 430 亿美元收购 Twitter 的第二天，Twitter 宣布通过了一项限期股东权利计划，通常被称为“毒丸” (poison pill)。,True,周五 ， 在   Elon   Musk   提出 希望 以   430   亿美元 收购   Twitter   的 第二天 ， Twitter   宣布 通过 了 一项 限期 股东 权利 计划 ， 通常 被 称为 “ 毒丸 ”   ( poison   pill ) 。,周五 ， 在 Elon Musk 提出 希望 以 430 亿 美元 收购 Twitter 的 第二 天 ， Twitter 宣布 通过 了 一 项 限期 股东 权利 计划 ， 通常 被 称为 “ 毒丸 ” ( poison pill) 。,周五 ， 在 Elon Musk 提出 希望 以 430 亿美 元 收购 Twitter 的 第二 天 ， Twitter 宣布 通过 了 一 项 限期 股东 权利 计划 ， 通常 被 称 为 “ 毒丸 ” (poison pill) 。,False,False,False,False,False,0,3.19797,416967,39660,False,0,0.83792,131233,14684,False,0,0.84594,171074,18549,周五 ， 在   Elon   Musk   提出 希望 以   430   亿美元 收购   Twitter   的 第二天 ， Twitter   宣布 通过 了 一项 限期 股东 权利 计划 ， 通常 被 称为 “ 毒丸 ”   ( poison   pill ) 。,周五 ， 在 Elon Musk 提出 希望 以 430 亿 美元 收购 Twitter 的 第二 天 ， Twitter 宣布 通过 了 一 项 限期 股东 权利 计划 ， 通常 被 称为 “ 毒丸 ” ( poison pill) 。,周五 ， 在 Elon Musk 提出 希望 以 430 亿美 元 收购 Twitter 的 第二 天 ， Twitter 宣布 通过 了 一 项 限期 股东 权利 计划 ， 通常 被 称 为 “ 毒丸 ” (poison pill) 。
16354,1355,可惜我只能选一样，那就选熊掌吧！“孟子笑着说。,False,可惜 我 只能 选 一样 ， 那 就 选 熊掌 吧 ！ “ 孟子 笑 着 说 。,可惜 我 只能 选 一样 ， 那 就 选熊掌 吧 ！ “ 孟子 笑 着 说 。,可惜 我 只 能 选 一样 ， 那 就 选熊 掌吧 ！ “ 孟子 笑 着 说 。,False,False,False,False,False,0,0.48998,72104,7594,False,0,0.5744,74703,7648,False,0,0.66691,109158,10939,可惜 我 只能 选 一样 ， 那 就 选 熊掌 吧 ！ “ 孟子 笑 着 说 。,可惜 我 只能 选 一样 ， 那 就 选熊掌 吧 ！ “ 孟子 笑 着 说 。,可惜 我 只 能 选 一样 ， 那 就 选熊 掌吧 ！ “ 孟子 笑 着 说 。
2356,342,水星、金星、火星、木星和土星这五颗行星将于本月排成一列，在 世界各地都将肉眼可见。,False,水星 、 金星 、 火星 、 木星 和 土星 这 五颗 行星 将 于 本月 排成一列 ， 在   世界各地 都 将 肉眼 可见 。,水星 、 金星 、 火星 、 木星 和 土星 这 五 颗 行星 将 于 本月 排成 一 列 ， 在 世界 各地 都 将 肉眼 可见 。,水星 、 金星 、 火星 、 木星 和 土星 这 五 颗 行星 将 于 本 月 排成 一 列 ， 在 世界 各地 都 将 肉 眼 可 见 。,False,False,False,False,False,0,1.21258,188416,17751,False,0,2.71221,297201,26507,True,1,5.03454,466611,38965,水星 、 金星 、 火星 、 木星 和 土星 这 五颗 行星 将 于 本月 排成一列 ， 在   世界各地 都 将 肉眼 可见 。,水星 、 金星 、 火星 、 木星 和 土星 这 五 颗 行星 将 于 本月 排成 一 列 ， 在 世界 各地 都 将 肉眼 可见 。,水星 、 金星 、 火星 、 木星 和 土星 这 五 颗 行星 将 于 本 月 排成 一 列 ， 在 世界 各地 都 将 肉 眼 可 见 。
6048,632,OpenAI 打算接下来推出 ChatGPT 应用程序的 Android 版本。,True,OpenAI   打算 接下来 推出   ChatGPT   应用程序 的   Android   版本 。,OpenA I 打算 接下来 推出 ChatGPT 应用 程序 的 Android 版本 。,Open AI 打算接 下来 推出 Chat GPT 应用 程序 的 Android 版本 。,False,False,False,False,True,1,0.19502,15875,1982,True,1,0.10455,20627,2518,False,0,0.15063,27670,3207,OpenAI   打算 接下来 推出   ChatGPT   应用程序 的   Android   版本 。,OpenA I 打算 接下来 推出 ChatGPT 应用 程序 的 Android 版本 。,Open AI 打算接 下来 推出 Chat GPT 应用 程序 的 Android 版本 。
1943,325,住宅社区、公共交通、公司企业、商店饭馆以及各行各业的工作和生活都在恢复正常。,False,住宅 社区 、 公共交通 、 公司 企业 、 商店 饭馆 以及 各行各业 的 工作 和 生活 都 在 恢复正常 。,住宅 社区 、 公共 交通 、 公司 企业 、 商店 饭馆 以及 各行各业 的 工作 和 生活 都 在 恢复 正常 。,住宅 社区 、 公共 交通 、 公司 企业 、 商店 饭 馆 以及 各行各业 的 工作 和 生活 都 在 恢复 正常 。,False,False,False,False,False,-1,10,0,0,False,-1,10,0,0,False,-1,10,0,0,住宅 社区 、 公共交通 、 公司 企业 、 商店 饭馆 以及 各行各业 的 工作 和 生活 都 在 恢复正常 。,住宅 社区 、 公共 交通 、 公司 企业 、 商店 饭馆 以及 各行各业 的 工作 和 生活 都 在 恢复 正常 。,住宅 社区 、 公共 交通 、 公司 企业 、 商店 饭 馆 以及 各行各业 的 工作 和 生活 都 在 恢复 正常 。
20333,1508,西班牙乘客是第一批下船的人，将被送往马德里一 家军方医院隔离观察。,False,西班牙 乘客 是 第一批 下船 的 人 ， 将 被 送往 马德里 一   家 军方 医院 隔离 观察 。,西班牙 乘客 是 第一 批 下船 的 人 ， 将 被 送往 马德里 一 家 军方 医院 隔离 观察 。,西班牙 乘客 是 第一 批 下船 的 人 ， 将 被 送往 马德里 一 家 军方 医院 隔离 观察 。,False,False,True,False,False,0,0.0,0,0,False,0,0.53918,109206,11010,False,0,0.53918,109206,11010,西班牙 乘客 是 第一批 下船 的 人 ， 将 被 送往 马德里 一   家 军方 医院 隔离 观察 。,西班牙 乘客 是 第一 批 下船 的 人 ， 将 被 送往 马德里 一 家 军方 医院 隔离 观察 。,西班牙 乘客 是 第一 批 下船 的 人 ， 将 被 送往 马德里 一 家 军方 医院 隔离 观察 。
1918,322,Tom Cruise 主演的 Top Gun: Maverick 在 Memorial Day 周末收获了北美首周 4 天预估票房 1.56 亿美元，打破了 Pirates of the Caribbean: At World’s End 在 2007 年上映时创下的 Memorial Day 周末最高票房纪录 1.53 亿美元。,True,Tom   Cruise   主演 的   Top   Gun :   Maverick   在   Memorial   Day   周末 收获 了 北美 首周   4   天 预估 票房   1.56   亿美元 ， 打破 了   Pirates   of   the   Caribbean :   At   World ’ s   End   在   2007   年 上映 时 创下 的   Memorial   Day   周末 最高 票房 纪录   1.53   亿美元 。,Tom Cruise 主演 的 Top Gun : Maverick 在 Memorial Day 周末 收获 了 北美 首周 4 天 预估 票房 1. 56 亿 美元 ， 打破 了 Pirates of the Caribbean : At World ’ s End 在 2007 年 上映 时 创下 的 Memorial Day 周末 最高 票房 纪录 1. 53 亿 美元 。,Tom Cruise 主演 的 Top Gun: Maverick 在 Memorial Day 周末 收获 了 北 美 首周 4 天 预估 票房 1.56 亿美 元 ， 打破 了 Pirates of the Caribbean: At World’s End 在 2007 年 上映 时 创下 的 Memorial Day 周末 最高 票房 纪录 1.53 亿美 元 。,False,False,False,False,False,0,0.0,0,0,False,0,0.0,0,0,False,0,0.0,0,0,Tom   Cruise   主演 的   Top   Gun :   Maverick   在   Memorial   Day   周末 收获 了 北美 首周   4   天 预估 票房   1.56   亿美元 ， 打破 了   Pirates   of   the   Caribbean :   At   World ’ s   End   在   2007   年 上映 时 创下 的   Memorial   Day   周末 最高 票房 纪录   1.53   亿美元 。,Tom Cruise 主演 的 Top Gun : Maverick 在 Memorial Day 周末 收获 了 北美 首周 4 天 预估 票房 1. 56 亿 美元 ， 打破 了 Pirates of the Caribbean : At World ’ s End 在 2007 年 上映 时 创下 的 Memorial Day 周末 最高 票房 纪录 1. 53 亿 美元 。,Tom Cruise 主演 的 Top Gun: Maverick 在 Memorial Day 周末 收获 了 北 美 首周 4 天 预估 票房 1.56 亿美 元 ， 打破 了 Pirates of the Caribbean: At World’s End 在 2007 年 上映 时 创下 的 Memorial Day 周末 最高 票房 纪录 1.53 亿美 元 。
7730,746,币安未能报告可疑交易，包括涉及恐怖组织、儿童性虐待材料和勒索软件收益等交易。,False,币安 未能 报告 可疑 交易 ， 包括 涉及 恐怖组织 、 儿童 性虐待 材料 和 勒索 软件 收益 等 交易 。,币安 未能 报告 可疑 交易 ， 包括 涉及 恐怖 组织 、 儿童性 虐待 材料 和 勒索 软件 收益 等 交易 。,币安 未能 报告 可疑 交易 ， 包括 涉及 恐怖 组织 、 儿童 性 虐待 材料 和 勒索 软件 收益 等 交易 。,False,False,False,False,True,1,0.49034,92360,9615,False,0,0.50157,85171,9408,False,0,0.48818,82744,9248,币安 未能 报告 可疑 交易 ， 包括 涉及 恐怖组织 、 儿童 性虐待 材料 和 勒索 软件 收益 等 交易 。,币安 未能 报告 可疑 交易 ， 包括 涉及 恐怖 组织 、 儿童性 虐待 材料 和 勒索 软件 收益 等 交易 。,币安 未能 报告 可疑 交易 ， 包括 涉及 恐怖 组织 、 儿童 性 虐待 材料 和 勒索 软件 收益 等 交易 。
13071,1114,他们仍期待着，好像还会发生什么别的事情——某些能减轻这个对老人来说太沉重的事情。,False,他们 仍 期待 着 ， 好像 还会 发生 什么 别的 事情 — — 某些 能 减轻 这个 对 老人 来说 太沉重 的 事情 。,他们 仍 期待 着 ， 好像 还 会 发生 什么 别的 事情 —— 某些 能 减轻 这个 对 老人 来说 太 沉重 的 事情 。,他们 仍 期 待 着 ， 好 像 还 会 发生 什么 别 的 事情 — — 某些 能 减轻 这 个 对 老人 来 说太 沉重 的 事情 。,False,False,False,False,False,0,0.0,0,0,False,0,0.74057,141628,15236,False,0,0.0,0,0,他们 仍 期待 着 ， 好像 还会 发生 什么 别的 事情 — — 某些 能 减轻 这个 对 老人 来说 太沉重 的 事情 。,他们 仍 期待 着 ， 好像 还 会 发生 什么 别的 事情 —— 某些 能 减轻 这个 对 老人 来说 太 沉重 的 事情 。,他们 仍 期 待 着 ， 好 像 还 会 发生 什么 别 的 事情 — — 某些 能 减轻 这 个 对 老人 来 说太 沉重 的 事情 。
3774,461,突然，他们中 的一个 人注意到 了在房间的角落里，藏着一个小小的金属盒子。,False,突然 ， 他们 中   的 一个   人 注意 到   了 在 房间 的 角落里 ， 藏 着 一个 小小的 金属 盒子 。,突然 ， 他们 中 的 一个 人 注意 到 了 在 房间 的 角落 里 ， 藏 着 一个 小小 的 金属 盒子 。,突然 ， 他们 中 的 一 个 人 注意 到 了 在 房间 的 角落 里 ， 藏 着 一 个 小小 的 金属 盒子 。,False,False,False,False,False,0,3.57727,522760,49731,False,0,0.42215,49769,6081,False,0,0.20788,49822,6081,突然 ， 他们 中   的 一个   人 注意 到   了 在 房间 的 角落里 ， 藏 着 一个 小小的 金属 盒子 。,突然 ， 他们 中 的 一个 人 注意 到 了 在 房间 的 角落 里 ， 藏 着 一个 小小 的 金属 盒子 。,突然 ， 他们 中 的 一 个 人 注意 到 了 在 房间 的 角落 里 ， 藏 着 一 个 小小 的 金属 盒子 。
19134,1482,在 TikTok 和 Instagram 上，很多美国 Gen Z 开始每天早上喝热水，不再喝冰咖啡。,True,在   TikTok   和   Instagram   上 ， 很多 美国   Gen   Z   开始 每天 早上 喝 热水 ， 不再 喝冰 咖啡 。,在 TikTok 和 Instagram 上 ， 很多 美国 Gen Z 开始 每天 早上 喝 热水 ， 不 再 喝冰 咖啡 。,在 TikTok 和 Instagram 上 ， 很多 美国 Gen Z 开始 每天 早上 喝 热 水 ， 不 再 喝 冰 咖啡 。,False,False,False,False,True,1,0.4532,86539,9119,True,1,0.61276,96207,10080,True,1,0.86007,154803,15691,在   TikTok   和   Instagram   上 ， 很多 美国   Gen   Z   开始 每天 早上 喝 热水 ， 不再 喝冰 咖啡 。,在 TikTok 和 Instagram 上 ， 很多 美国 Gen Z 开始 每天 早上 喝 热水 ， 不 再 喝冰 咖啡 。,在 TikTok 和 Instagram 上 ， 很多 美国 Gen Z 开始 每天 早上 喝 热 水 ， 不 再 喝 冰 咖啡 。
8073,769,此次事件标志着新型客机 Airbus A350 首次遭受严重损坏。,True,此次 事件 标志 着 新型 客机   Airbus   A350   首次 遭受 严重 损坏 。,此次 事件 标志 着 新型 客机 Airbus A350 首次 遭受 严重 损坏 。,此次 事件 标志 着 新型 客机 Airbus A350 首次 遭受 严重 损坏 。,False,False,True,False,False,0,0.06318,11996,1786,False,0,0.05305,11996,1786,False,0,0.05305,11996,1786,此次 事件 标志 着 新型 客机   Airbus   A350   首次 遭受 严重 损坏 。,此次 事件 标志 着 新型 客机 Airbus A350 首次 遭受 严重 损坏 。,此次 事件 标志 着 新型 客机 Airbus A350 首次 遭受 严重 损坏 。
19655,1490,后来辞职做了自由职业。,False,后来 辞职 做 了 自由职业 。,后来 辞职 做 了 自由 职业 。,后来 辞职 做 了 自由 职业 。,False,False,True,False,False,0,0.02562,3972,656,False,0,0.04127,5952,895,False,0,0.04127,5952,895,后来 辞职 做 了 自由职业 。,后来 辞职 做 了 自由 职业 。,后来 辞职 做 了 自由 职业 。
20314,1507,100 岁的他仍然活跃在自然纪录片领域，最近还为 BBC 的新纪录片系列 Secret Garden 讲述英国花园里的野生生命。,True,100   岁 的 他 仍然 活跃 在 自然 纪录片 领域 ， 最近 还 为   BBC   的 新 纪录片 系列   Secret   Garden   讲述 英国 花园里 的 野生 生命 。,100 岁 的 他 仍然 活跃 在 自然 纪录片 领域 ， 最近 还 为 BBC 的 新 纪录片 系列 Secret Garden 讲述 英国 花园 里 的 野生 生命 。,100 岁 的 他 仍然 活跃 在 自然 纪录 片 领域 ， 最近 还 为 BBC 的新 纪录 片 系列 Secret Garden 讲述 英国 花园 里 的 野生 生命 。,False,False,False,False,False,0,1.88435,253791,23712,False,0,1.76355,253792,23712,False,0,0.0,0,0,100   岁 的 他 仍然 活跃 在 自然 纪录片 领域 ， 最近 还 为   BBC   的 新 纪录片 系列   Secret   Garden   讲述 英国 花园里 的 野生 生命 。,100 岁 的 他 仍然 活跃 在 自然 纪录片 领域 ， 最近 还 为 BBC 的 新 纪录片 系列 Secret Garden 讲述 英国 花园 里 的 野生 生命 。,100 岁 的 他 仍然 活跃 在 自然 纪录 片 领域 ， 最近 还 为 BBC 的新 纪录 片 系列 Secret Garden 讲述 英国 花园 里 的 野生 生命 。
717,180,它们擅长游泳，可以游至离家 745 英里的地方。,False,它们 擅长 游泳 ， 可以 游至 离家   745   英里 的 地方 。,它们 擅长 游泳 ， 可以 游至 离家 745 英里 的 地方 。,它们 擅长 游泳 ， 可以 游至 离家 745 英里 的 地方 。,False,False,True,False,True,1,0.29239,57471,5892,True,1,0.2782,57471,5892,True,1,0.2782,57471,5892,它们 擅长 游泳 ， 可以 游至 离家   745   英里 的 地方 。,它们 擅长 游泳 ， 可以 游至 离家 745 英里 的 地方 。,它们 擅长 游泳 ， 可以 游至 离家 745 英里 的 地方 。
2418,351,当地政府正在展开调查，然而他们的死因仍然未知。,False,当地政府 正在 展开 调查 ， 然而 他们 的 死因 仍然 未知 。,当地 政府 正在 展开 调查 ， 然而 他们 的 死因 仍然 未知 。,当地 政府 正 在 展开 调查 ， 然而 他们 的 死因 仍然 未 知 。,False,False,False,False,False,0,0.04941,9373,1486,False,0,0.05176,10625,1653,False,0,0.05283,10430,1724,当地政府 正在 展开 调查 ， 然而 他们 的 死因 仍然 未知 。,当地 政府 正在 展开 调查 ， 然而 他们 的 死因 仍然 未知 。,当地 政府 正 在 展开 调查 ， 然而 他们 的 死因 仍然 未 知 。
13570,1145,华盛顿特区的抗议活动愈演愈烈，人们担心 DOGE 正在越过法律和道德界限。,True,华盛顿 特区 的 抗议 活动 愈演愈烈 ， 人们 担心   DOGE   正在 越过 法律 和 道德 界限 。,华盛顿 特区 的 抗议 活动 愈演愈烈 ， 人们 担心 DOGE 正在 越过 法律 和 道德 界限 。,华盛顿 特区 的 抗议 活动 愈 演 愈烈 ， 人们 担心 DOGE 正 在 越过 法律 和 道德 界限 。,False,False,False,False,False,0,0.12848,20007,2851,False,0,0.08086,20007,2851,False,0,0.0,0,0,华盛顿 特区 的 抗议 活动 愈演愈烈 ， 人们 担心   DOGE   正在 越过 法律 和 道德 界限 。,华盛顿 特区 的 抗议 活动 愈演愈烈 ， 人们 担心 DOGE 正在 越过 法律 和 道德 界限 。,华盛顿 特区 的 抗议 活动 愈 演 愈烈 ， 人们 担心 DOGE 正 在 越过 法律 和 道德 界限 。
19934,1494,咔嚓。照片拍好了。,False,咔嚓 。 照片 拍好 了 。,咔嚓 。 照片 拍 好 了 。,咔嚓 。 照片 拍好 了 。,False,True,False,False,True,1,0.02818,4001,664,True,1,0.04767,8142,1076,True,1,0.02818,4001,664,咔嚓 。 照片 拍好 了 。,咔嚓 。 照片 拍 好 了 。,咔嚓 。 照片 拍好 了 。
18895,1477,"""那又怎样？红烧肉很好吃！""",False,""" 那 又 怎样 ？ 红烧肉 很 好吃 ！ """,""" 那 又 怎样 ？ 红烧肉 很 好吃 ！ ""","""那 又 怎样 ？ 红烧 肉 很好 吃 ！ """,True,False,False,False,False,0,0.04353,4438,908,False,0,0.04353,4438,908,False,0,0.0,0,0,""" 那 又 怎样 ？ 红烧肉 很 好吃 ！ """,""" 那 又 怎样 ？ 红烧肉 很 好吃 ！ ""","""那 又 怎样 ？ 红烧 肉 很好 吃 ！ """
16808,1385,习近平在讲话中强调和平、主权和中国的全球愿景，并 重塑二战历史叙事，突出苏联而非美国的贡献。,False,习近平 在讲话中 强调 和平 、 主权 和 中国 的 全球 愿景 ， 并   重塑 二战 历史 叙事 ， 突出 苏联 而 非 美国 的 贡献 。,习近平 在 讲话 中 强调 和平 、 主权 和 中国 的 全球 愿景 ， 并 重塑 二战 历史 叙事 ， 突出 苏联 而 非 美国 的 贡献 。,习 近平 在 讲话 中 强调 和平 、 主权 和 中国 的 全球 愿景 ， 并 重塑 二战 历史 叙事 ， 突出 苏联 而非 美国 的 贡献 。,False,False,False,False,False,-1,10,0,0,False,-1,10,0,0,False,0,1e-05,0,0,习近平 在讲话中 强调 和平 、 主权 和 中国 的 全球 愿景 ， 并   重塑 二战 历史 叙事 ， 突出 苏联 而 非 美国 的 贡献 。,习近平 在 讲话 中 强调 和平 、 主权 和 中国 的 全球 愿景 ， 并 重塑 二战 历史 叙事 ， 突出 苏联 而 非 美国 的 贡献 。,习 近平 在 讲话 中 强调 和平 、 主权 和 中国 的 全球 愿景 ， 并 重塑 二战 历史 叙事 ， 突出 苏联 而非 美国 的 贡献 。
10325,919,习近平还主张加强中非互联互通，并呼吁中国承包商在取消 COVID-19 限制后返回非洲大陆。,True,习近平 还 主张 加强 中非 互联互通 ， 并 呼吁 中国 承包商 在 取消   COVID - 19   限制 后 返回 非洲大陆 。,习近平 还 主张 加强 中非 互联 互通 ， 并 呼吁 中国 承包商 在 取消 COVID - 19 限制 后 返回 非洲 大陆 。,习 近平 还 主张 加强 中 非 互联 互通 ， 并 呼吁 中国 承包 商 在 取消 CO VID-19 限制 后 返回 非洲 大陆 。,False,False,False,False,True,1,1.11796,210277,20611,True,1,0.88931,189546,19277,False,0,1.9696,297011,29414,习近平 还 主张 加强 中非 互联互通 ， 并 呼吁 中国 承包商 在 取消   COVID - 19   限制 后 返回 非洲大陆 。,习近平 还 主张 加强 中非 互联 互通 ， 并 呼吁 中国 承包商 在 取消 COVID - 19 限制 后 返回 非洲 大陆 。,习 近平 还 主张 加强 中 非 互联 互通 ， 并 呼吁 中国 承包 商 在 取消 CO VID-19 限制 后 返回 非洲 大陆 。
8554,797,阿聪: 我也玩《英雄联盟》！这个游戏团队合作很重要，而且每场比赛都很刺激。,False,阿聪 :   我 也 玩 《 英雄 联盟 》 ！ 这个 游戏 团队 合作 很 重要 ， 而且 每场 比赛 都 很 刺激 。,阿聪 : 我 也 玩 《 英雄 联盟 》 ！ 这个 游戏 团队 合作 很 重要 ， 而且 每场 比赛 都 很 刺激 。,阿聪: 我 也玩 《 英雄 联盟 》 ！ 这 个 游戏 团队 合作 很 重要 ， 而且 每场 比赛 都 很 刺激 。,False,False,False,False,False,0,0.45607,41633,5216,False,0,0.19652,41633,5216,False,0,0.0,0,0,阿聪 :   我 也 玩 《 英雄 联盟 》 ！ 这个 游戏 团队 合作 很 重要 ， 而且 每场 比赛 都 很 刺激 。,阿聪 : 我 也 玩 《 英雄 联盟 》 ！ 这个 游戏 团队 合作 很 重要 ， 而且 每场 比赛 都 很 刺激 。,阿聪: 我 也玩 《 英雄 联盟 》 ！ 这 个 游戏 团队 合作 很 重要 ， 而且 每场 比赛 都 很 刺激 。
6703,674,小迪：番茄的甜度刚刚好。没有很甜，也没有很酸！,False,小迪 ： 番茄 的 甜度 刚刚 好 。 没有 很甜 ， 也 没有 很酸 ！,小迪 ： 番茄 的 甜度 刚刚 好 。 没有 很 甜 ， 也 没有 很 酸 ！,小迪 ： 番 茄 的 甜度 刚刚 好 。 没有 很甜 ， 也 没有 很酸 ！,False,False,False,False,False,0,0.0,0,0,False,0,0.18621,43279,4965,False,0,0.0,0,0,小迪 ： 番茄 的 甜度 刚刚 好 。 没有 很甜 ， 也 没有 很酸 ！,小迪 ： 番茄 的 甜度 刚刚 好 。 没有 很 甜 ， 也 没有 很 酸 ！,小迪 ： 番 茄 的 甜度 刚刚 好 。 没有 很甜 ， 也 没有 很酸 ！
10259,914,虽然这些咬伤看起来并不是出于攻击目的而是为了玩乐，但由于海豚锋利的牙齿，它们仍然可能对人 造成伤害。,False,虽然 这些 咬伤 看起来 并 不是 出于 攻击 目的 而是 为了 玩乐 ， 但 由于 海豚 锋利 的 牙齿 ， 它们 仍然 可能 对人   造成 伤害 。,虽然 这些 咬伤 看起来 并不 是 出于 攻击 目的 而是 为了 玩乐 ， 但 由于 海豚 锋利 的 牙齿 ， 它们 仍然 可能 对 人 造成 伤害 。,虽然 这些 咬伤 看 起来 并 不是 出于 攻击 目 的 而是 为了 玩乐 ， 但 由于 海豚锋利 的 牙齿 ， 它们 仍然 可能 对人 造成 伤害 。,False,False,False,False,False,0,0.0,0,0,False,0,0.31274,69865,8562,False,0,0.0,0,0,虽然 这些 咬伤 看起来 并 不是 出于 攻击 目的 而是 为了 玩乐 ， 但 由于 海豚 锋利 的 牙齿 ， 它们 仍然 可能 对人   造成 伤害 。,虽然 这些 咬伤 看起来 并不 是 出于 攻击 目的 而是 为了 玩乐 ， 但 由于 海豚 锋利 的 牙齿 ， 它们 仍然 可能 对 人 造成 伤害 。,虽然 这些 咬伤 看 起来 并 不是 出于 攻击 目 的 而是 为了 玩乐 ， 但 由于 海豚锋利 的 牙齿 ， 它们 仍然 可能 对人 造成 伤害 。
7840,753,自今年 6 月以来，每个月都是有记录以来最热的月份，11 月的温度比工业化前水平高出约 1.75 度，引起了科学家的担忧。,False,自 今年   6   月 以来 ， 每个 月 都 是 有 记录 以来 最热 的 月份 ， 11   月 的 温度 比 工业化 前 水平 高出 约   1.75   度 ， 引起 了 科学家 的 担忧 。,自 今年 6 月 以来 ， 每个 月 都 是 有 记录 以来 最 热 的 月份 ， 11 月 的 温度 比 工业化 前 水平 高出 约 1. 75 度 ， 引起 了 科学家 的 担忧 。,自 今年 6 月 以来 ， 每个 月 都是 有 记录 以来 最热 的 月份 ， 11 月 的 温度 比 工业 化 前 水平 高出 约 1.75 度 ， 引起 了 科学 家 的 担忧 。,False,False,False,False,False,0,0.0,0,0,False,0,5.84827,654545,58702,False,0,0.0,0,0,自 今年   6   月 以来 ， 每个 月 都 是 有 记录 以来 最热 的 月份 ， 11   月 的 温度 比 工业化 前 水平 高出 约   1.75   度 ， 引起 了 科学家 的 担忧 。,自 今年 6 月 以来 ， 每个 月 都 是 有 记录 以来 最 热 的 月份 ， 11 月 的 温度 比 工业化 前 水平 高出 约 1. 75 度 ， 引起 了 科学家 的 担忧 。,自 今年 6 月 以来 ， 每个 月 都是 有 记录 以来 最热 的 月份 ， 11 月 的 温度 比 工业 化 前 水平 高出 约 1.75 度 ， 引起 了 科学 家 的 担忧 。
8713,808,受影响的地区包括美国、澳大利亚、日本、香港和英国等。,False,受 影响 的 地区 包括 美国 、 澳大利亚 、 日本 、 香港 和 英国 等 。,受 影响 的 地区 包括 美国 、 澳大利亚 、 日本 、 香港 和 英国 等 。,受 影响 的 地区 包括 美国 、 澳大利亚 、 日本 、 香港 和 英国 等 。,True,True,True,True,True,1,0.23868,41891,4520,True,1,0.23868,41891,4520,True,1,0.23868,41891,4520,受 影响 的 地区 包括 美国 、 澳大利亚 、 日本 、 香港 和 英国 等 。,受 影响 的 地区 包括 美国 、 澳大利亚 、 日本 、 香港 和 英国 等 。,受 影响 的 地区 包括 美国 、 澳大利亚 、 日本 、 香港 和 英国 等 。
12786,1102,他表示辞职是由于党内矛盾和选民不满情绪的增加。,False,他 表示 辞职 是 由于 党内 矛盾 和 选民 不满情绪 的 增加 。,他 表示 辞职 是 由于 党内 矛盾 和 选民 不满 情绪 的 增加 。,他 表示 辞职 是 由于 党内 矛盾 和 选民 不满 情绪 的 增加 。,False,False,True,False,False,0,0.13153,31904,3685,False,0,0.08755,22914,2951,False,0,0.08755,22914,2951,他 表示 辞职 是 由于 党内 矛盾 和 选民 不满情绪 的 增加 。,他 表示 辞职 是 由于 党内 矛盾 和 选民 不满 情绪 的 增加 。,他 表示 辞职 是 由于 党内 矛盾 和 选民 不满 情绪 的 增加 。
4158,488,他们充实地享受着在一起的时光，无论是探索新的虚拟现实还是简单地拥抱在一起看电影。,False,他们 充实 地 享受 着 在 一起 的 时光 ， 无论是 探索 新 的 虚拟现实 还是 简单 地 拥抱 在 一起 看 电影 。,他们 充实 地 享受 着 在一起 的 时光 ， 无论是 探索 新 的 虚拟 现实 还是 简单 地 拥抱 在一起 看 电影 。,他们 充实 地 享受 着 在 一起 的 时光 ， 无论 是 探索 新 的 虚拟 现实 还是 简单 地 拥抱 在 一起 看 电影 。,False,False,False,False,True,1,1.63596,281768,27753,True,1,1.14589,226351,22560,True,1,1.92115,289672,28534,他们 充实 地 享受 着 在 一起 的 时光 ， 无论是 探索 新 的 虚拟现实 还是 简单 地 拥抱 在 一起 看 电影 。,他们 充实 地 享受 着 在一起 的 时光 ， 无论是 探索 新 的 虚拟 现实 还是 简单 地 拥抱 在一起 看 电影 。,他们 充实 地 享受 着 在 一起 的 时光 ， 无论 是 探索 新 的 虚拟 现实 还是 简单 地 拥抱 在 一起 看 电影 。
9842,880,媒体行业也未能幸免，现场直播和天空新闻等新闻服务都出现中断。,False,媒体 行业 也 未能幸免 ， 现场直播 和 天空 新闻 等 新闻 服务 都 出现 中断 。,媒体 行业 也 未能 幸免 ， 现场 直播 和 天空 新闻 等 新闻 服务 都 出现 中断 。,媒体 行业 也 未能 幸免 ， 现场 直播 和 天空 新闻 等 新闻 服务 都 出现 中断 。,False,False,True,False,False,0,0.0,0,0,False,0,0.33745,52598,5634,False,0,0.33745,52598,5634,媒体 行业 也 未能幸免 ， 现场直播 和 天空 新闻 等 新闻 服务 都 出现 中断 。,媒体 行业 也 未能 幸免 ， 现场 直播 和 天空 新闻 等 新闻 服务 都 出现 中断 。,媒体 行业 也 未能 幸免 ， 现场 直播 和 天空 新闻 等 新闻 服务 都 出现 中断 。
14735,1237,2025 年 “世界新闻摄影奖”（World Press Photo of the Year）授予巴勒斯坦摄影记者 Samar Abu Elouf。,True,2025   年   “ 世界 新闻 摄影奖 ” （ World   Press   Photo   of   the   Year ） 授予 巴勒斯坦 摄影记者   Samar   Abu   Elouf 。,2025 年 “ 世界 新闻 摄影奖 ” （ World Press Photo of the Year ） 授予 巴勒斯坦 摄影 记者 Samar Abu Elouf 。,2025 年 “ 世界 新闻 摄影 奖 ” （ World Press Photo of the Year ） 授予 巴勒斯坦 摄影 记者 Samar Abu Elouf 。,False,False,False,False,False,0,0.0,0,0,False,0,0.0,0,0,False,0,0.0,0,0,2025   年   “ 世界 新闻 摄影奖 ” （ World   Press   Photo   of   the   Year ） 授予 巴勒斯坦 摄影记者   Samar   Abu   Elouf 。,2025 年 “ 世界 新闻 摄影奖 ” （ World Press Photo of the Year ） 授予 巴勒斯坦 摄影 记者 Samar Abu Elouf 。,2025 年 “ 世界 新闻 摄影 奖 ” （ World Press Photo of the Year ） 授予 巴勒斯坦 摄影 记者 Samar Abu Elouf 。
10322,919,习近平在中非合作峰会上发表讲话强调中非合作在全球现代化进程中 的重要意义。,False,习近平 在 中非 合作 峰会 上 发表 讲话 强调 中非 合作 在 全球 现代化 进程 中   的 重要 意义 。,习近平 在 中非 合作 峰会 上 发表 讲话 强调 中非 合作 在 全球 现代化 进程 中 的 重要 意义 。,习 近平 在 中 非 合作 峰会 上 发表 讲话 强调 中 非 合作 在 全球 现代 化 进程 中 的 重要 意义 。,False,False,False,False,False,0,0.10538,24452,3252,False,0,0.13511,24452,3252,False,0,1.18133,170935,17155,习近平 在 中非 合作 峰会 上 发表 讲话 强调 中非 合作 在 全球 现代化 进程 中   的 重要 意义 。,习近平 在 中非 合作 峰会 上 发表 讲话 强调 中非 合作 在 全球 现代化 进程 中 的 重要 意义 。,习 近平 在 中 非 合作 峰会 上 发表 讲话 强调 中 非 合作 在 全球 现代 化 进程 中 的 重要 意义 。
2065,157,“嗨，小福！这个蘑菇真好看，我们要一起把它吃了吗？” 小宝问。,False,“ 嗨 ， 小福 ！ 这个 蘑菇 真 好看 ， 我们 要 一起 把 它 吃 了 吗 ？ ”   小宝 问 。,“ 嗨 ， 小福 ！ 这个 蘑菇 真 好看 ， 我们 要 一起 把 它 吃 了 吗 ？ ” 小 宝问 。,“ 嗨 ， 小 福 ！ 这 个 蘑 菇 真好 看 ， 我们 要 一起 把 它 吃 了 吗 ？ ” 小宝问 。,False,False,False,False,False,0,0.21716,37579,4688,False,0,0.15148,35835,4517,False,0,0.0,0,0,“ 嗨 ， 小福 ！ 这个 蘑菇 真 好看 ， 我们 要 一起 把 它 吃 了 吗 ？ ”   小宝 问 。,“ 嗨 ， 小福 ！ 这个 蘑菇 真 好看 ， 我们 要 一起 把 它 吃 了 吗 ？ ” 小 宝问 。,“ 嗨 ， 小 福 ！ 这 个 蘑 菇 真好 看 ， 我们 要 一起 把 它 吃 了 吗 ？ ” 小宝问 。
181,39,他离开俱乐部是因为根据西甲 (LaLiga) 的财务公平竞赛规则，他负担不起新合同。,True,他 离开 俱乐部 是因为 根据 西甲   ( LaLiga )   的 财务 公平 竞赛 规则 ， 他 负担 不起 新 合同 。,他 离开 俱乐部 是 因为 根据 西甲 (LaLiga ) 的 财务 公平 竞赛 规则 ， 他 负担 不 起 新 合同 。,他 离开 俱乐部 是 因为 根据 西甲 (La Liga) 的 财务 公平 竞赛 规则 ， 他 负担 不起 新 合同 。,False,False,False,False,False,0,0.0,0,0,False,0,0.18047,46316,5451,False,0,0.14518,39278,4720,他 离开 俱乐部 是因为 根据 西甲   ( LaLiga )   的 财务 公平 竞赛 规则 ， 他 负担 不起 新 合同 。,他 离开 俱乐部 是 因为 根据 西甲 (LaLiga ) 的 财务 公平 竞赛 规则 ， 他 负担 不 起 新 合同 。,他 离开 俱乐部 是 因为 根据 西甲 (La Liga) 的 财务 公平 竞赛 规则 ， 他 负担 不起 新 合同 。
14761,1239,他的声音虽然微弱，但很有 力量。,False,他 的 声音 虽然 微弱 ， 但 很 有   力量 。,他 的 声音 虽然 微弱 ， 但 很 有 力量 。,他 的 声音 虽然 微弱 ， 但 很有 力量 。,False,False,False,False,False,0,0.04875,9149,1408,False,0,0.0442,9149,1408,False,0,0.0,0,0,他 的 声音 虽然 微弱 ， 但 很 有   力量 。,他 的 声音 虽然 微弱 ， 但 很 有 力量 。,他 的 声音 虽然 微弱 ， 但 很有 力量 。
18803,1473,警方随后对其位于 Windsor 的旧住所等地点进行了搜查。,True,警方 随后 对 其 位于   Windsor   的 旧 住所 等 地点 进行 了 搜查 。,警方 随后 对 其 位于 Windsor 的 旧住所 等 地点 进行 了 搜查 。,警方 随后 对 其 位 于 Windsor 的旧 住所 等 地点 进行 了 搜查 。,False,False,False,False,False,0,0.12453,34379,4067,False,0,0.63188,128167,12537,False,0,1e-05,0,0,警方 随后 对 其 位于   Windsor   的 旧 住所 等 地点 进行 了 搜查 。,警方 随后 对 其 位于 Windsor 的 旧住所 等 地点 进行 了 搜查 。,警方 随后 对 其 位 于 Windsor 的旧 住所 等 地点 进行 了 搜查 。
3080,416,阿智很感激小玉帮助他恢复了人形，以及她这段时间对自己的照顾。,False,阿智 很 感激 小玉 帮助 他 恢复 了 人形 ， 以及 她 这 段时间 对 自己 的 照顾 。,阿智 很 感激 小玉 帮助 他 恢复 了 人形 ， 以及 她 这 段 时间 对 自己 的 照顾 。,阿智 很 感激 小玉 帮助 他 恢复 了 人形 ， 以及 她 这 段 时间 对 自己 的 照顾 。,False,False,True,False,False,0,0.14181,26832,3562,False,0,0.14269,31297,4048,False,0,0.14269,31297,4048,阿智 很 感激 小玉 帮助 他 恢复 了 人形 ， 以及 她 这 段时间 对 自己 的 照顾 。,阿智 很 感激 小玉 帮助 他 恢复 了 人形 ， 以及 她 这 段 时间 对 自己 的 照顾 。,阿智 很 感激 小玉 帮助 他 恢复 了 人形 ， 以及 她 这 段 时间 对 自己 的 照顾 。
2077,34,他今天出门带回了一个大 水桶。,False,他 今天 出门 带回 了 一个 大   水桶 。,他 今天 出门 带回 了 一个 大 水桶 。,他 今天 出门 带回 了 一 个 大 水桶 。,False,False,False,False,False,0,0.0629,12811,1787,False,0,0.06091,12811,1787,False,0,0.04558,12825,1787,他 今天 出门 带回 了 一个 大   水桶 。,他 今天 出门 带回 了 一个 大 水桶 。,他 今天 出门 带回 了 一 个 大 水桶 。
17275,1422,可心： （沉默两秒）……可以。就一小包。,False,可 心 ：   （ 沉默 两秒 ） … … 可以 。 就 一小包 。,可心 ： （ 沉默 两 秒 ） …… 可以 。 就 一 小 包 。,可心 ： （ 沉默 两 秒 ） …… 可以 。 就 一 小包 。,False,False,False,False,False,0,0.03474,6588,1295,False,0,0.04138,10396,1682,False,0,0.03799,8133,1431,可 心 ：   （ 沉默 两秒 ） … … 可以 。 就 一小包 。,可心 ： （ 沉默 两 秒 ） …… 可以 。 就 一 小 包 。,可心 ： （ 沉默 两 秒 ） …… 可以 。 就 一 小包 。
6990,694,妈妈：高山的山顶如果已经到达云朵之上，那么我们就已经到 了天空之国了！,False,妈妈 ： 高山 的 山顶 如果 已经 到达 云朵 之上 ， 那么 我们 就 已经 到   了 天空 之国 了 ！,妈妈 ： 高山 的 山顶 如果 已经 到达 云朵 之上 ， 那么 我们 就 已经 到 了 天空 之 国 了 ！,妈妈 ： 高山 的 山顶 如果 已经 到达 云朵 之上 ， 那么 我们 就 已经 到 了 天空 之 国 了 ！,False,False,True,False,False,0,0.0,0,0,False,0,0.20977,46809,5708,False,0,0.20977,46809,5708,妈妈 ： 高山 的 山顶 如果 已经 到达 云朵 之上 ， 那么 我们 就 已经 到   了 天空 之国 了 ！,妈妈 ： 高山 的 山顶 如果 已经 到达 云朵 之上 ， 那么 我们 就 已经 到 了 天空 之 国 了 ！,妈妈 ： 高山 的 山顶 如果 已经 到达 云朵 之上 ， 那么 我们 就 已经 到 了 天空 之 国 了 ！
16287,1350,有人认为这很残忍，也有人觉得这种方式实际又人道。,False,有人 认为 这 很 残忍 ， 也 有人 觉得 这种 方式 实际 又 人道 。,有人 认为 这 很 残忍 ， 也 有人 觉得 这种 方式 实际 又 人道 。,有 人 认为 这 很 残忍 ， 也 有 人 觉得 这 种 方式 实际 又 人道 。,True,False,False,False,False,0,0.29057,51217,5594,False,0,0.29057,51217,5594,False,0,0.34349,67536,7161,有人 认为 这 很 残忍 ， 也 有人 觉得 这种 方式 实际 又 人道 。,有人 认为 这 很 残忍 ， 也 有人 觉得 这种 方式 实际 又 人道 。,有 人 认为 这 很 残忍 ， 也 有 人 觉得 这 种 方式 实际 又 人道 。
4208,492,该逮捕发生在 Andrew Tate 发布了一则嘲笑 19 岁的气候活动家 Greta Thunberg 的视频后的第二天。,True,该 逮捕 发生 在   Andrew   Tate   发布 了 一则 嘲笑   19   岁 的 气候 活动家   Greta   Thunberg   的 视频 后 的 第二天 。,该 逮捕 发生 在 Andrew Tate 发布 了 一则 嘲笑 19 岁 的 气候 活动家 Greta Thunberg 的 视频 后 的 第二 天 。,该 逮捕 发生 在 Andrew Tate 发布 了 一 则 嘲笑 19 岁 的 气候 活动 家 Greta Thun berg 的 视频 后 的 第二 天 。,False,False,False,False,False,0,0.2029,35608,4326,False,0,0.1535,33004,4131,False,0,1.51101,243632,22703,该 逮捕 发生 在   Andrew   Tate   发布 了 一则 嘲笑   19   岁 的 气候 活动家   Greta   Thunberg   的 视频 后 的 第二天 。,该 逮捕 发生 在 Andrew Tate 发布 了 一则 嘲笑 19 岁 的 气候 活动家 Greta Thunberg 的 视频 后 的 第二 天 。,该 逮捕 发生 在 Andrew Tate 发布 了 一 则 嘲笑 19 岁 的 气候 活动 家 Greta Thun berg 的 视频 后 的 第二 天 。
11293,998,美国司法部警告 Elon Musk 的“美国政治行动委员会”，称其针对摇摆州注册选民的 100 万美元抽奖活动可能违反联邦法律，因为该法律禁止向人们支付费用以注册投票。,True,美国司法部 警告   Elon   Musk   的 “ 美国 政治 行动 委员会 ” ， 称其 针对 摇摆 州 注册 选民 的   100   万美元 抽奖 活动 可能 违反 联邦 法律 ， 因为 该 法律 禁止 向 人们 支付 费用 以 注册 投票 。,美国 司法部 警告 Elon Musk 的 “ 美国 政治 行动 委员会 ” ， 称 其 针对 摇摆 州 注册 选民 的 100 万 美元 抽奖 活动 可能 违反 联邦 法律 ， 因为 该 法律 禁止 向 人们 支付 费用 以 注册 投票 。,美国 司法 部 警告 Elon Musk 的 “ 美国 政治 行动 委员 会 ” ， 称 其 针对 摇摆 州 注册 选民 的 100 万美 元 抽奖 活动 可能 违反 联邦 法律 ， 因为 该 法律 禁止 向 人们 支付 费用 以 注册 投票 。,False,False,False,False,False,0,0.84131,137993,14882,False,0,0.82926,168701,17735,False,0,2.22206,340009,32949,美国司法部 警告   Elon   Musk   的 “ 美国 政治 行动 委员会 ” ， 称其 针对 摇摆 州 注册 选民 的   100   万美元 抽奖 活动 可能 违反 联邦 法律 ， 因为 该 法律 禁止 向 人们 支付 费用 以 注册 投票 。,美国 司法部 警告 Elon Musk 的 “ 美国 政治 行动 委员会 ” ， 称 其 针对 摇摆 州 注册 选民 的 100 万 美元 抽奖 活动 可能 违反 联邦 法律 ， 因为 该 法律 禁止 向 人们 支付 费用 以 注册 投票 。,美国 司法 部 警告 Elon Musk 的 “ 美国 政治 行动 委员 会 ” ， 称 其 针对 摇摆 州 注册 选民 的 100 万美 元 抽奖 活动 可能 违反 联邦 法律 ， 因为 该 法律 禁止 向 人们 支付 费用 以 注册 投票 。
1948,143,汤姆是一只小浣熊，是他最好的朋友。,False,汤姆 是 一只 小 浣熊 ， 是 他 最好 的 朋友 。,汤姆 是 一 只 小 浣熊 ， 是 他 最好 的 朋友 。,汤姆 是 一 只 小 浣 熊 ， 是 他 最好 的 朋友 。,False,False,False,False,True,1,0.44498,60857,6383,True,1,0.30138,60858,6383,True,1,0.34046,80951,8124,汤姆 是 一只 小 浣熊 ， 是 他 最好 的 朋友 。,汤姆 是 一 只 小 浣熊 ， 是 他 最好 的 朋友 。,汤姆 是 一 只 小 浣 熊 ， 是 他 最好 的 朋友 。
8020,765,这使其成为圣诞节第 12 最佳电影，也是有史以来第二好的圣诞节揭幕战。,False,这使 其 成为 圣诞节 第   12   最佳 电影 ， 也 是 有史以来 第二 好 的 圣诞节 揭幕战 。,这 使 其 成为 圣诞节 第 12 最佳 电影 ， 也 是 有史以来 第二 好的 圣诞节 揭幕战 。,这 使 其 成 为 圣诞 节 第 12 最佳 电影 ， 也是 有 史 以来 第二 好 的 圣诞 节揭幕 战 。,False,False,False,False,False,0,5e-05,0,0,True,1,0.51783,97277,9504,False,0,0.0,0,0,这使 其 成为 圣诞节 第   12   最佳 电影 ， 也 是 有史以来 第二 好 的 圣诞节 揭幕战 。,这 使 其 成为 圣诞节 第 12 最佳 电影 ， 也 是 有史以来 第二 好的 圣诞节 揭幕战 。,这 使 其 成 为 圣诞 节 第 12 最佳 电影 ， 也是 有 史 以来 第二 好 的 圣诞 节揭幕 战 。
11956,1047,美国全国零售联合会预计，今年的实体店客流量和在线销售都 会增加，显示出 线上线下结合的购物方式。,False,美国 全国 零售 联合会 预计 ， 今年 的 实体店 客流量 和 在线 销售 都   会 增加 ， 显示 出   线 上线 下 结合 的 购物 方式 。,美国 全国 零售 联合会 预计 ， 今年 的 实体 店客 流量 和 在线 销售 都 会 增加 ， 显示 出 线 上 线下 结合 的 购物 方式 。,美国 全国 零售 联合 会 预计 ， 今年 的 实体 店客 流量 和 在 线 销售 都 会 增加 ， 显示 出 线上 线 下 结合 的 购物 方式 。,False,False,False,False,False,0,0.76437,134191,13755,False,0,1.0266,210265,20910,False,-1,10,0,0,美国 全国 零售 联合会 预计 ， 今年 的 实体店 客流量 和 在线 销售 都   会 增加 ， 显示 出   线 上线 下 结合 的 购物 方式 。,美国 全国 零售 联合会 预计 ， 今年 的 实体 店客 流量 和 在线 销售 都 会 增加 ， 显示 出 线 上 线下 结合 的 购物 方式 。,美国 全国 零售 联合 会 预计 ， 今年 的 实体 店客 流量 和 在 线 销售 都 会 增加 ， 显示 出 线上 线 下 结合 的 购物 方式 。
9377,846,预计下 周末气温将有所缓解，并且可能会下雨。,False,预计 下   周末 气温 将 有所 缓解 ， 并且 可能 会 下雨 。,预计 下 周末 气温 将 有所 缓解 ， 并且 可能 会 下雨 。,预计 下 周末 气温 将 有 所 缓解 ， 并且 可能 会 下雨 。,False,False,False,False,False,0,0.39244,46866,5341,False,0,0.26555,46866,5341,True,1,0.71292,101198,10404,预计 下   周末 气温 将 有所 缓解 ， 并且 可能 会 下雨 。,预计 下 周末 气温 将 有所 缓解 ， 并且 可能 会 下雨 。,预计 下 周末 气温 将 有 所 缓解 ， 并且 可能 会 下雨 。
5027,560,原来她的叔叔正是被那个看守人所谋杀，并且他也打算将她杀害，从而独占庄园。,False,原来 她 的 叔叔 正是 被 那个 看守 人 所 谋杀 ， 并且 他 也 打算 将 她 杀害 ， 从而 独占 庄园 。,原来 她 的 叔叔 正是 被 那个 看守人 所 谋杀 ， 并且 他 也 打算 将 她 杀害 ， 从而 独占庄园 。,原来 她 的 叔叔 正是 被 那 个 看守 人 所 谋杀 ， 并且 他 也 打算 将 她 杀害 ， 从而 独占 庄园 。,False,False,False,False,False,0,0.38643,67574,8042,False,0,0.4727,75825,8616,False,0,0.35935,67601,8042,原来 她 的 叔叔 正是 被 那个 看守 人 所 谋杀 ， 并且 他 也 打算 将 她 杀害 ， 从而 独占 庄园 。,原来 她 的 叔叔 正是 被 那个 看守人 所 谋杀 ， 并且 他 也 打算 将 她 杀害 ， 从而 独占庄园 。,原来 她 的 叔叔 正是 被 那 个 看守 人 所 谋杀 ， 并且 他 也 打算 将 她 杀害 ， 从而 独占 庄园 。
14101,1191,与此同时，美国股市整体表现向好，S&P 500、Dow Jones 和 Nasdaq Composite 周一均上涨。,True,与此同时 ， 美国股市 整体 表现 向 好 ， S & P   500 、 Dow   Jones   和   Nasdaq   Composite   周一 均 上涨 。,与此同时 ， 美国 股市 整体 表现 向好 ， S & P 500 、 Dow Jones 和 Nasdaq Composite 周一均 上涨 。,与 此 同时 ， 美国 股市 整体 表现 向 好 ， S&P 500 、 Dow Jones 和 Nasdaq Composite 周一 均 上涨 。,False,False,False,False,False,0,0.71128,135085,12032,True,1,6.83415,763471,47445,False,0,0.71616,120599,11077,与此同时 ， 美国股市 整体 表现 向 好 ， S & P   500 、 Dow   Jones   和   Nasdaq   Composite   周一 均 上涨 。,与此同时 ， 美国 股市 整体 表现 向好 ， S & P 500 、 Dow Jones 和 Nasdaq Composite 周一均 上涨 。,与 此 同时 ， 美国 股市 整体 表现 向 好 ， S&P 500 、 Dow Jones 和 Nasdaq Composite 周一 均 上涨 。
17508,1434,但随着 Lopburi 的猴子数量逐年增加，在给城市带来欢乐的同时也带来了挑战。,True,但 随着   Lopburi   的 猴子 数量 逐年 增加 ， 在 给 城市 带来 欢乐 的 同时 也 带来 了 挑战 。,但 随着 Lopburi 的 猴子 数量 逐年 增加 ， 在 给 城市 带来 欢乐 的 同时 也 带来 了 挑战 。,但随 着 Lopburi 的猴子 数量 逐年 增加 ， 在 给 城市 带来 欢乐 的 同时 也 带来 了 挑战 。,False,False,False,False,True,1,0.54186,116304,11962,True,1,0.52772,116304,11962,False,0,0.0,0,0,但 随着   Lopburi   的 猴子 数量 逐年 增加 ， 在 给 城市 带来 欢乐 的 同时 也 带来 了 挑战 。,但 随着 Lopburi 的 猴子 数量 逐年 增加 ， 在 给 城市 带来 欢乐 的 同时 也 带来 了 挑战 。,但随 着 Lopburi 的猴子 数量 逐年 增加 ， 在 给 城市 带来 欢乐 的 同时 也 带来 了 挑战 。
9951,888,"以色列国防部长 Yoav Gallant 将 Deif 描述为""加沙的本·拉登""并 称这是瓦解哈马斯的重要一步。",True,"以色列 国防部长   Yoav   Gallant   将   Deif   描述 为 "" 加沙 的 本 · 拉登 "" 并   称 这 是 瓦解 哈马斯 的 重要 一步 。","以色列 国防 部长 Yoav Gallant 将 Deif 描述 为 "" 加沙 的 本·拉登"" 并 称 这是 瓦解 哈马斯 的 重要 一 步 。","以色列 国防 部长 Yoav Gallant 将 Deif 描述 为 "" 加沙 的 本 · 拉登 "" 并 称 这 是 瓦解 哈马斯 的 重要 一 步 。",False,False,False,False,False,0,0.41967,88874,9732,False,0,2.66615,420846,39432,False,0,0.62208,101192,10969,"以色列 国防部长   Yoav   Gallant   将   Deif   描述 为 "" 加沙 的 本 · 拉登 "" 并   称 这 是 瓦解 哈马斯 的 重要 一步 。","以色列 国防 部长 Yoav Gallant 将 Deif 描述 为 "" 加沙 的 本·拉登"" 并 称 这是 瓦解 哈马斯 的 重要 一 步 。","以色列 国防 部长 Yoav Gallant 将 Deif 描述 为 "" 加沙 的 本 · 拉登 "" 并 称 这 是 瓦解 哈马斯 的 重要 一 步 。"
16989,1400,当地法律规定，盗窃或破坏文物可能面临包括无期徒刑在内的重刑。,False,当地 法律 规定 ， 盗窃 或 破坏 文物 可能 面临 包括 无期徒刑 在内 的 重刑 。,当地 法律 规定 ， 盗窃 或 破坏 文物 可能 面临 包括 无期 徒刑 在内 的 重刑 。,当地 法律 规定 ， 盗窃 或 破坏 文物 可能 面临 包括 无期 徒刑 在内 的 重刑 。,False,False,True,False,False,0,0.45853,93099,9535,False,0,0.50173,101688,10407,False,0,0.50173,101688,10407,当地 法律 规定 ， 盗窃 或 破坏 文物 可能 面临 包括 无期徒刑 在内 的 重刑 。,当地 法律 规定 ， 盗窃 或 破坏 文物 可能 面临 包括 无期 徒刑 在内 的 重刑 。,当地 法律 规定 ， 盗窃 或 破坏 文物 可能 面临 包括 无期 徒刑 在内 的 重刑 。
144,31,Bob Odenkirk，这位 58 岁的演员在推特上向他的粉丝保证，他现在很好，并感谢医生帮助他在手术后快速恢复健康。,True,Bob   Odenkirk ， 这位   58   岁 的 演员 在 推特上 向 他 的 粉丝 保证 ， 他 现在 很 好 ， 并 感谢 医生 帮助 他 在 手术 后 快速 恢复健康 。,Bob Odenkirk ， 这位 58 岁 的 演员 在 推特 上 向 他 的 粉丝 保证 ， 他 现在 很 好 ， 并 感谢 医生 帮助 他 在 手术 后 快速 恢复 健康 。,Bob Odenkirk ， 这 位 58 岁 的 演员 在 推特 上 向 他 的 粉丝 保证 ， 他 现在 很好 ， 并 感谢 医生 帮助 他 在 手术 后 快速 恢复 健康 。,False,False,False,False,False,-1,10,0,0,False,-1,10,0,0,False,0,0.0,0,0,Bob   Odenkirk ， 这位   58   岁 的 演员 在 推特上 向 他 的 粉丝 保证 ， 他 现在 很 好 ， 并 感谢 医生 帮助 他 在 手术 后 快速 恢复健康 。,Bob Odenkirk ， 这位 58 岁 的 演员 在 推特 上 向 他 的 粉丝 保证 ， 他 现在 很 好 ， 并 感谢 医生 帮助 他 在 手术 后 快速 恢复 健康 。,Bob Odenkirk ， 这 位 58 岁 的 演员 在 推特 上 向 他 的 粉丝 保证 ， 他 现在 很好 ， 并 感谢 医生 帮助 他 在 手术 后 快速 恢复 健康 。
18368,1450,Isla：我准备了三种不同的笑法～,True,Isla ： 我 准备 了 三种 不同 的 笑法 ～,I sla ： 我 准备 了 三 种 不同 的 笑法 ～,Isla ： 我 准备 了 三 种 不同 的 笑法 ～,False,False,False,False,True,1,0.09548,21968,2550,True,1,0.23602,50607,5341,True,1,0.14133,42672,4572,Isla ： 我 准备 了 三种 不同 的 笑法 ～,I sla ： 我 准备 了 三 种 不同 的 笑法 ～,Isla ： 我 准备 了 三 种 不同 的 笑法 ～
9822,879,警方在杯子和茶壶中发现了氰化物痕迹，至少一名受害者的血样证实了氰化物中毒。,False,警方 在 杯子 和 茶壶 中 发现 了 氰化物 痕迹 ， 至少 一名 受害者 的 血样 证实 了 氰化物 中毒 。,警方 在 杯子 和 茶壶 中 发现 了 氰化物 痕迹 ， 至少 一 名 受害者 的 血样 证实 了 氰化物 中毒 。,警方 在 杯子 和 茶 壶中 发现 了 氰 化物 痕迹 ， 至少 一 名 受害 者 的 血样 证实 了 氰化 物 中毒 。,False,False,False,False,False,0,0.33725,72151,8059,True,1,1.48435,287620,27290,True,1,1.21957,231354,22452,警方 在 杯子 和 茶壶 中 发现 了 氰化物 痕迹 ， 至少 一名 受害者 的 血样 证实 了 氰化物 中毒 。,警方 在 杯子 和 茶壶 中 发现 了 氰化物 痕迹 ， 至少 一 名 受害者 的 血样 证实 了 氰化物 中毒 。,警方 在 杯子 和 茶 壶中 发现 了 氰 化物 痕迹 ， 至少 一 名 受害 者 的 血样 证实 了 氰化 物 中毒 。
3190,425,远处的墙上有一扇门，他朝向门走去。,False,远处 的 墙上 有 一扇门 ， 他 朝向 门 走 去 。,远处 的 墙上 有 一 扇 门 ， 他 朝向门 走去 。,远处 的 墙上 有 一 扇 门 ， 他 朝向 门 走 去 。,False,False,False,False,False,0,0.6356,100607,9944,False,0,0.0,0,0,False,0,0.85522,141878,13790,远处 的 墙上 有 一扇门 ， 他 朝向 门 走 去 。,远处 的 墙上 有 一 扇 门 ， 他 朝向门 走去 。,远处 的 墙上 有 一 扇 门 ， 他 朝向 门 走 去 。
4266,497,Ethan 是他们高中新来的转学生，他和 Samantha 以前见过的任何人都不一样。,True,Ethan   是 他们 高中 新来 的 转 学生 ， 他 和   Samantha   以前 见 过 的 任何人 都 不 一样 。,Ethan 是 他们 高中 新来 的 转学生 ， 他 和 Samantha 以前 见 过 的 任何 人 都 不 一样 。,Ethan 是 他们 高中 新来 的 转 学生 ， 他和 Samantha 以前 见过 的 任何 人 都 不 一样 。,False,False,False,False,False,0,0.0,0,0,True,1,8.45139,955370,47472,False,0,1e-05,0,0,Ethan   是 他们 高中 新来 的 转 学生 ， 他 和   Samantha   以前 见 过 的 任何人 都 不 一样 。,Ethan 是 他们 高中 新来 的 转学生 ， 他 和 Samantha 以前 见 过 的 任何 人 都 不 一样 。,Ethan 是 他们 高中 新来 的 转 学生 ， 他和 Samantha 以前 见过 的 任何 人 都 不 一样 。
3582,450,就这样白头到老，除了死亡，没有 什么能将他们分开。,False,就 这样 白头到老 ， 除了 死亡 ， 没有   什么 能 将 他们 分开 。,就 这样 白头到老 ， 除了 死亡 ， 没有 什么 能 将 他们 分开 。,就 这样 白头 到老 ， 除 了 死亡 ， 没有 什么 能 将 他们 分开 。,False,False,False,False,False,0,0.11818,24246,3061,False,0,0.08818,24246,3061,False,0,0.11496,23368,3045,就 这样 白头到老 ， 除了 死亡 ， 没有   什么 能 将 他们 分开 。,就 这样 白头到老 ， 除了 死亡 ， 没有 什么 能 将 他们 分开 。,就 这样 白头 到老 ， 除 了 死亡 ， 没有 什么 能 将 他们 分开 。
3319,434,此次世界杯创下了多个 “首次”。,False,此次 世界杯 创下 了 多个   “ 首次 ” 。,此次 世界杯 创下 了 多 个 “ 首次 ” 。,此次 世界 杯 创下 了 多 个 “ 首次 ” 。,False,False,False,False,False,0,0.03736,6064,1046,False,0,0.03706,8555,1327,False,0,0.04107,9259,1419,此次 世界杯 创下 了 多个   “ 首次 ” 。,此次 世界杯 创下 了 多 个 “ 首次 ” 。,此次 世界 杯 创下 了 多 个 “ 首次 ” 。
4961,555,该片由郭帆执导，刘慈欣监制，由刘德华、李雪健等领衔主演，是 2019 年《流浪地球》的前传，讲述人类启动“流浪地球”计划的故事。,False,该片 由 郭帆 执导 ， 刘慈欣 监制 ， 由 刘德华 、 李雪健 等 领衔主演 ， 是   2019   年 《 流浪 地球 》 的 前 传 ， 讲述 人类 启动 “ 流浪 地球 ” 计划 的 故事 。,该片 由 郭帆 执导 ， 刘慈欣 监制 ， 由 刘德华 、 李雪健 等 领衔 主演 ， 是 2019 年 《 流浪 地球 》 的 前传 ， 讲述 人类 启动 “ 流浪 地球 ” 计划 的 故事 。,该片 由 郭 帆 执导 ， 刘 慈欣 监制 ， 由 刘 德华 、 李 雪健 等 领衔 主演 ， 是 2019 年 《 流浪 地球 》 的 前传 ， 讲述 人类 启动 “ 流浪 地球 ” 计划 的 故事 。,False,False,False,False,False,-1,10,0,0,False,-1,10,0,0,False,-1,10,0,0,该片 由 郭帆 执导 ， 刘慈欣 监制 ， 由 刘德华 、 李雪健 等 领衔主演 ， 是   2019   年 《 流浪 地球 》 的 前 传 ， 讲述 人类 启动 “ 流浪 地球 ” 计划 的 故事 。,该片 由 郭帆 执导 ， 刘慈欣 监制 ， 由 刘德华 、 李雪健 等 领衔 主演 ， 是 2019 年 《 流浪 地球 》 的 前传 ， 讲述 人类 启动 “ 流浪 地球 ” 计划 的 故事 。,该片 由 郭 帆 执导 ， 刘 慈欣 监制 ， 由 刘 德华 、 李 雪健 等 领衔 主演 ， 是 2019 年 《 流浪 地球 》 的 前传 ， 讲述 人类 启动 “ 流浪 地球 ” 计划 的 故事 。
8993,822,浩浩是个热爱冰淇淋的高中生。,False,浩浩 是 个 热爱 冰淇淋 的 高中生 。,浩浩 是 个 热爱 冰淇淋 的 高中生 。,浩浩 是 个 热爱 冰淇 淋 的 高中 生 。,True,False,False,False,False,0,0.14404,8818,1166,False,0,0.14404,8818,1166,False,0,0.09056,20802,2448,浩浩 是 个 热爱 冰淇淋 的 高中生 。,浩浩 是 个 热爱 冰淇淋 的 高中生 。,浩浩 是 个 热爱 冰淇 淋 的 高中 生 。
9293,839,此次活动包括皇家空军飞行表演和马车游行。,False,此次 活动 包括 皇家 空军 飞行 表演 和 马车 游行 。,此次 活动 包括 皇家 空军 飞行 表演 和 马车 游行 。,此次 活动 包括 皇家 空军 飞行 表演 和 马车 游行 。,True,True,True,True,True,1,0.15907,26071,2899,True,1,0.15907,26071,2899,True,1,0.15907,26071,2899,此次 活动 包括 皇家 空军 飞行 表演 和 马车 游行 。,此次 活动 包括 皇家 空军 飞行 表演 和 马车 游行 。,此次 活动 包括 皇家 空军 飞行 表演 和 马车 游行 。
6901,688,年仅 30 岁的以极限运动闻名的法国冒险家 Remi Lucidi (又名 Remi Enigma)，在香港从一座 68 层的摩天大楼坠落身亡。,True,年仅   30   岁 的 以 极限运动 闻名 的 法国 冒险家   Remi   Lucidi   ( 又名   Remi   Enigma ) ， 在 香港 从 一座   68   层 的 摩天大楼 坠落 身亡 。,年 仅 30 岁 的 以 极限 运动 闻名 的 法国 冒险家 Rem i Lucidi ( 又 名 Rem i Enigma) ， 在 香港 从 一 座 68 层 的 摩天 大楼 坠落 身亡 。,年仅 30 岁 的 以 极限 运动 闻名 的 法国 冒险 家 Remi Lucidi (又名 Remi Enigma) ， 在 香港 从 一 座 68 层 的 摩天 大楼 坠落 身亡 。,False,False,False,False,False,0,0.0,0,0,True,1,1.30052,245120,24072,False,0,0.34822,76016,8845,年仅   30   岁 的 以 极限运动 闻名 的 法国 冒险家   Remi   Lucidi   ( 又名   Remi   Enigma ) ， 在 香港 从 一座   68   层 的 摩天大楼 坠落 身亡 。,年 仅 30 岁 的 以 极限 运动 闻名 的 法国 冒险家 Rem i Lucidi ( 又 名 Rem i Enigma) ， 在 香港 从 一 座 68 层 的 摩天 大楼 坠落 身亡 。,年仅 30 岁 的 以 极限 运动 闻名 的 法国 冒险 家 Remi Lucidi (又名 Remi Enigma) ， 在 香港 从 一 座 68 层 的 摩天 大楼 坠落 身亡 。
11105,982,当地政府确认他们是为了拍摄视频，但爬这座桥是被禁止的。,False,当地政府 确认 他们 是 为了 拍摄 视频 ， 但 爬 这座 桥 是 被 禁止 的 。,当地 政府 确认 他们 是 为了 拍摄 视频 ， 但 爬 这 座 桥 是 被 禁止 的 。,当地 政府 确认 他们 是 为了 拍摄 视频 ， 但 爬 这 座 桥 是 被 禁止 的 。,False,False,True,False,False,0,0.22102,45793,5571,False,0,0.19375,47196,5754,False,0,0.19375,47196,5754,当地政府 确认 他们 是 为了 拍摄 视频 ， 但 爬 这座 桥 是 被 禁止 的 。,当地 政府 确认 他们 是 为了 拍摄 视频 ， 但 爬 这 座 桥 是 被 禁止 的 。,当地 政府 确认 他们 是 为了 拍摄 视频 ， 但 爬 这 座 桥 是 被 禁止 的 。
6679,673,林林：怎么，是想吸引哪个女生的注意力吗？,False,林林 ： 怎么 ， 是 想 吸引 哪个 女生 的 注意力 吗 ？,林林 ： 怎么 ， 是 想 吸引 哪个 女生 的 注意力 吗 ？,林林 ： 怎么 ， 是 想 吸引 哪 个 女生 的 注意 力 吗 ？,True,False,False,False,False,0,0.43892,69967,7833,False,0,0.43892,69967,7833,False,0,0.30332,51114,5927,林林 ： 怎么 ， 是 想 吸引 哪个 女生 的 注意力 吗 ？,林林 ： 怎么 ， 是 想 吸引 哪个 女生 的 注意力 吗 ？,林林 ： 怎么 ， 是 想 吸引 哪 个 女生 的 注意 力 吗 ？
8666,804,在巴勒斯坦人 为斋月做准备时，被占领的东耶路撒冷气氛紧张。,False,在 巴勒斯坦人   为 斋月 做 准备 时 ， 被 占领 的 东耶路撒冷 气氛 紧张 。,在 巴勒斯坦人 为 斋月 做 准备 时 ， 被 占领 的 东耶路撒冷 气氛 紧张 。,在 巴勒斯坦 人 为斋 月 做 准备 时 ， 被 占领 的 东 耶路撒冷 气 氛 紧张 。,False,False,False,False,True,1,0.36049,83617,8438,True,1,0.34514,83617,8438,False,0,0.0,0,0,在 巴勒斯坦人   为 斋月 做 准备 时 ， 被 占领 的 东耶路撒冷 气氛 紧张 。,在 巴勒斯坦人 为 斋月 做 准备 时 ， 被 占领 的 东耶路撒冷 气氛 紧张 。,在 巴勒斯坦 人 为斋 月 做 准备 时 ， 被 占领 的 东 耶路撒冷 气 氛 紧张 。
16279,1349,它还带 回来一颗小小的、奇怪的蛋，看起来像是来自于恐龙时代。,False,它 还 带   回来 一颗 小小的 、 奇怪 的 蛋 ， 看起来 像是 来自 于 恐龙 时代 。,它 还 带 回来 一 颗 小小 的 、 奇怪 的 蛋 ， 看起来 像是 来自于 恐龙 时代 。,它还带 回来 一 颗 小小 的 、 奇怪 的 蛋 ， 看 起来 像是 来 自 于 恐龙 时代 。,False,False,False,False,False,0,0.14635,31163,3791,False,0,0.18147,38064,4442,False,0,0.0,0,0,它 还 带   回来 一颗 小小的 、 奇怪 的 蛋 ， 看起来 像是 来自 于 恐龙 时代 。,它 还 带 回来 一 颗 小小 的 、 奇怪 的 蛋 ， 看起来 像是 来自于 恐龙 时代 。,它还带 回来 一 颗 小小 的 、 奇怪 的 蛋 ， 看 起来 像是 来 自 于 恐龙 时代 。
15695,1310,机上唯一的幸存者是 40 岁的英国公民 Vishwash Kumar Ramesh，他通过紧急出口逃生，被发现时身受多处伤但仍有意识，目前在医院治疗。,True,机上 唯一 的 幸存者 是   40   岁 的 英国 公民   Vishwash   Kumar   Ramesh ， 他 通过 紧急 出口 逃生 ， 被 发现 时 身受 多处 伤 但 仍 有意识 ， 目前 在 医院 治疗 。,机上 唯一 的 幸存者 是 40 岁 的 英国 公民 Vishwash Kumar Ramesh ， 他 通过 紧急 出口 逃生 ， 被 发现 时身 受 多 处 伤但 仍 有 意识 ， 目前 在 医院 治疗 。,机上 唯一 的 幸存 者 是 40 岁 的 英国 公民 Vishwash Kumar Ramesh ， 他 通过 紧急 出口 逃生 ， 被 发现 时 身受 多 处 伤 但 仍有 意识 ， 目前 在 医院 治疗 。,False,False,False,False,False,-1,10,0,0,False,0,6.02914,524831,49992,False,0,0.0,0,0,机上 唯一 的 幸存者 是   40   岁 的 英国 公民   Vishwash   Kumar   Ramesh ， 他 通过 紧急 出口 逃生 ， 被 发现 时 身受 多处 伤 但 仍 有意识 ， 目前 在 医院 治疗 。,机上 唯一 的 幸存者 是 40 岁 的 英国 公民 Vishwash Kumar Ramesh ， 他 通过 紧急 出口 逃生 ， 被 发现 时身 受 多 处 伤但 仍 有 意识 ， 目前 在 医院 治疗 。,机上 唯一 的 幸存 者 是 40 岁 的 英国 公民 Vishwash Kumar Ramesh ， 他 通过 紧急 出口 逃生 ， 被 发现 时 身受 多 处 伤 但 仍有 意识 ， 目前 在 医院 治疗 。
8225,779,它的意义在于希望公众参与和全球努力能够将时钟拨开，远离午夜时分，那代表着一个更安全的世界。,False,它 的 意义 在于 希望 公众 参与 和 全球 努力 能够 将 时钟 拨开 ， 远离 午夜 时分 ， 那 代表 着 一个 更 安全 的 世界 。,它 的 意义 在于 希望 公众 参与 和 全球 努力 能够 将 时钟 拨开 ， 远离 午夜 时分 ， 那 代表 着 一个 更 安全 的 世界 。,它 的 意义 在 于 希望 公众 参与 和 全球 努力 能够 将 时钟 拨开 ， 远离 午夜 时分 ， 那 代表 着 一 个 更 安全 的 世界 。,True,False,False,False,False,-1,10,0,0,False,-1,10,0,0,False,-1,10,0,0,它 的 意义 在于 希望 公众 参与 和 全球 努力 能够 将 时钟 拨开 ， 远离 午夜 时分 ， 那 代表 着 一个 更 安全 的 世界 。,它 的 意义 在于 希望 公众 参与 和 全球 努力 能够 将 时钟 拨开 ， 远离 午夜 时分 ， 那 代表 着 一个 更 安全 的 世界 。,它 的 意义 在 于 希望 公众 参与 和 全球 努力 能够 将 时钟 拨开 ， 远离 午夜 时分 ， 那 代表 着 一 个 更 安全 的 世界 。
1323,258,在第 94 届 Oscars 颁奖典礼上，在喜剧演员、Oscars 主持人 Chris Rock 拿 Will Smith 的妻子 Jada Pinkett Smith 开玩笑后，因在 King Richard 中的角色而被提名的 Will Smith 上台并扇了 Chris Rock 耳光。,True,在 第   94   届   Oscars   颁奖典礼 上 ， 在 喜剧演员 、 Oscars   主持人   Chris   Rock   拿   Will   Smith   的 妻子   Jada   Pinkett   Smith   开玩笑 后 ， 因在   King   Richard   中 的 角色 而 被 提名 的   Will   Smith   上台 并 扇 了   Chris   Rock   耳光 。,在 第 94 届 Oscars 颁奖 典礼 上 ， 在 喜剧 演员 、 Oscars 主持人 Chris Rock 拿 Will Smith 的 妻子 Jada Pinkett Smith 开玩笑 后 ， 因 在 King Richard 中 的 角色 而 被 提名 的 Will Smith 上台 并 扇 了 Chris Rock 耳光 。,在 第 94 届 Oscars 颁奖 典礼 上 ， 在 喜剧 演员 、 Oscars 主持 人 Chris Rock 拿 Will Smith 的 妻子 Jada Pinkett Smith 开 玩笑 后 ， 因 在 King Richard 中 的 角色 而 被 提名 的 Will Smith 上台 并扇 了 Chris Rock 耳光 。,False,False,False,False,False,0,0.0,0,0,False,0,1.42708,270144,27077,False,0,0.0,0,0,在 第   94   届   Oscars   颁奖典礼 上 ， 在 喜剧演员 、 Oscars   主持人   Chris   Rock   拿   Will   Smith   的 妻子   Jada   Pinkett   Smith   开玩笑 后 ， 因在   King   Richard   中 的 角色 而 被 提名 的   Will   Smith   上台 并 扇 了   Chris   Rock   耳光 。,在 第 94 届 Oscars 颁奖 典礼 上 ， 在 喜剧 演员 、 Oscars 主持人 Chris Rock 拿 Will Smith 的 妻子 Jada Pinkett Smith 开玩笑 后 ， 因 在 King Richard 中 的 角色 而 被 提名 的 Will Smith 上台 并 扇 了 Chris Rock 耳光 。,在 第 94 届 Oscars 颁奖 典礼 上 ， 在 喜剧 演员 、 Oscars 主持 人 Chris Rock 拿 Will Smith 的 妻子 Jada Pinkett Smith 开 玩笑 后 ， 因 在 King Richard 中 的 角色 而 被 提名 的 Will Smith 上台 并扇 了 Chris Rock 耳光 。
2796,391,警方周日表示，周五下午，Bed Bath & Beyond Inc (BBBY) 的 CFO Gustavo Arnal 从纽约市被称为“Jenga”塔的 Tribeca 大楼坠楼身亡。,True,警方 周日 表示 ， 周五 下午 ， Bed   Bath   &   Beyond   Inc   ( BBBY )   的   CFO   Gustavo   Arnal   从 纽约市 被 称为 “ Jenga ” 塔 的   Tribeca   大楼 坠楼 身亡 。,警方 周日 表示 ， 周五 下午 ， Bed Bath & Beyond Inc ( BBBY ) 的 CFO Gustavo Arnal 从 纽约市 被 称为 “ Jenga ” 塔 的 Tribeca 大楼 坠楼 身亡 。,警方 周日 表示 ， 周 五 下午 ， Bed Bath & Beyond Inc (BBBY) 的 CFO Gustavo Arnal 从 纽约 市 被 称 为 “ Jenga ” 塔 的 Tribeca 大楼 坠楼 身亡 。,False,False,False,False,False,0,0.0,0,0,False,0,0.0,0,0,False,0,0.0,0,0,警方 周日 表示 ， 周五 下午 ， Bed   Bath   &   Beyond   Inc   ( BBBY )   的   CFO   Gustavo   Arnal   从 纽约市 被 称为 “ Jenga ” 塔 的   Tribeca   大楼 坠楼 身亡 。,警方 周日 表示 ， 周五 下午 ， Bed Bath & Beyond Inc ( BBBY ) 的 CFO Gustavo Arnal 从 纽约市 被 称为 “ Jenga ” 塔 的 Tribeca 大楼 坠楼 身亡 。,警方 周日 表示 ， 周 五 下午 ， Bed Bath & Beyond Inc (BBBY) 的 CFO Gustavo Arnal 从 纽约 市 被 称 为 “ Jenga ” 塔 的 Tribeca 大楼 坠楼 身亡 。
9123,828,"披萨是意大利的一种很有名的食物,它的历史很长,可以追溯到古罗马时期。",False,"披萨 是 意大利 的 一种 很 有名 的 食物 , 它 的 历史 很长 , 可以 追溯到 古罗马 时期 。","披萨 是 意大利 的 一 种 很 有名 的 食物 , 它 的 历史 很 长 , 可以 追溯 到 古罗马 时期 。","披萨 是 意大利 的 一 种 很 有名 的 食物 ,它 的 历史 很长 , 可以 追溯 到 古 罗马 时期 。",False,False,False,False,False,0,0.0,0,0,True,1,2.15546,299586,27418,False,0,0.0,0,0,"披萨 是 意大利 的 一种 很 有名 的 食物 , 它 的 历史 很长 , 可以 追溯到 古罗马 时期 。","披萨 是 意大利 的 一 种 很 有名 的 食物 , 它 的 历史 很 长 , 可以 追溯 到 古罗马 时期 。","披萨 是 意大利 的 一 种 很 有名 的 食物 ,它 的 历史 很长 , 可以 追溯 到 古 罗马 时期 。"
788,199,这是 Facebook（现名为 Meta Platforms）为遏制有害内容，同时面临针对科技巨头的限制法案的努力之一。,True,这是   Facebook （ 现名 为   Meta   Platforms ） 为 遏制 有害 内容 ， 同时 面临 针对 科技 巨头 的 限制 法案 的 努力 之一 。,这是 Facebook （ 现名 为 Meta Platforms ） 为 遏制 有害 内容 ， 同时 面临 针对 科技 巨头 的 限制 法案 的 努力 之一 。,这是 Facebook （ 现名 为 Meta Platforms ） 为 遏制 有害 内容 ， 同时 面临 针对 科技 巨头 的 限制 法案 的 努力 之 一 。,False,False,False,False,False,0,7.49011,710066,64830,False,0,8.05019,710065,64830,False,0,7.39131,710500,64913,这是   Facebook （ 现名 为   Meta   Platforms ） 为 遏制 有害 内容 ， 同时 面临 针对 科技 巨头 的 限制 法案 的 努力 之一 。,这是 Facebook （ 现名 为 Meta Platforms ） 为 遏制 有害 内容 ， 同时 面临 针对 科技 巨头 的 限制 法案 的 努力 之一 。,这是 Facebook （ 现名 为 Meta Platforms ） 为 遏制 有害 内容 ， 同时 面临 针对 科技 巨头 的 限制 法案 的 努力 之 一 。
59,12,白宫首席医疗顾问安东尼福奇 (Anthony Fauci) 博士表示，与 COVID-19 相关的“情况会变得更糟”。,True,白宫 首席 医疗 顾问 安东尼 福奇   ( Anthony   Fauci )   博士 表示 ， 与   COVID - 19   相关 的 “ 情况 会 变得 更糟 ” 。,白宫 首席 医疗 顾问 安东尼福奇 ( Anthony Fauci) 博士 表示 ， 与 COVID - 19 相关 的 “ 情况 会 变得 更 糟 ” 。,白宫 首席 医疗 顾问 安东尼 福奇 (Anthony Fauci) 博士 表示 ， 与 CO VID-19 相关 的 “ 情况 会 变得 更糟 ” 。,False,False,False,False,False,0,0.0,0,0,False,0,0.62774,146960,14367,False,0,0.0,0,0,白宫 首席 医疗 顾问 安东尼 福奇   ( Anthony   Fauci )   博士 表示 ， 与   COVID - 19   相关 的 “ 情况 会 变得 更糟 ” 。,白宫 首席 医疗 顾问 安东尼福奇 ( Anthony Fauci) 博士 表示 ， 与 COVID - 19 相关 的 “ 情况 会 变得 更 糟 ” 。,白宫 首席 医疗 顾问 安东尼 福奇 (Anthony Fauci) 博士 表示 ， 与 CO VID-19 相关 的 “ 情况 会 变得 更糟 ” 。
10796,961,强烈的季风暴雨使 Kathmandu 大面积被淹，冲毁了许多社区、桥梁和道路，并导致 Bagmati 河 水位急剧上升。,True,强烈 的 季风 暴雨 使   Kathmandu   大面积 被淹 ， 冲毁 了 许多 社区 、 桥梁 和 道路 ， 并 导致   Bagmati   河   水位 急剧 上升 。,强烈 的 季风 暴雨 使 Kath mandu 大面积 被 淹 ， 冲毁 了 许多 社区 、 桥梁 和 道路 ， 并 导致 Bagmati 河 水位 急剧 上升 。,强烈 的 季风 暴雨使 Kathmandu 大 面积 被 淹 ， 冲毁 了 许多 社区 、 桥梁 和 道路 ， 并 导致 Bagmati 河 水 位 急剧 上升 。,False,False,False,False,False,0,0.0,0,0,False,-1,10,0,0,False,-1,10,0,0,强烈 的 季风 暴雨 使   Kathmandu   大面积 被淹 ， 冲毁 了 许多 社区 、 桥梁 和 道路 ， 并 导致   Bagmati   河   水位 急剧 上升 。,强烈 的 季风 暴雨 使 Kath mandu 大面积 被 淹 ， 冲毁 了 许多 社区 、 桥梁 和 道路 ， 并 导致 Bagmati 河 水位 急剧 上升 。,强烈 的 季风 暴雨使 Kathmandu 大 面积 被 淹 ， 冲毁 了 许多 社区 、 桥梁 和 道路 ， 并 导致 Bagmati 河 水 位 急剧 上升 。
4157,488,"他们的 LoveLink – ""爱的链接 ""从未衰减。",True,"他们 的   LoveLink   –   "" 爱 的 链接   "" 从未 衰减 。","他们 的 LoveLink – ""爱 的 链接 "" 从未 衰减 。","他们 的 Love Link – "" 爱 的 链接 "" 从未 衰减 。",False,False,False,False,False,0,0.20541,26180,2938,False,0,0.0619,14156,1835,False,0,0.12412,27949,3124,"他们 的   LoveLink   –   "" 爱 的 链接   "" 从未 衰减 。","他们 的 LoveLink – ""爱 的 链接 "" 从未 衰减 。","他们 的 Love Link – "" 爱 的 链接 "" 从未 衰减 。"
8590,799,浩浩: 没问题！要不就周六早上去吧？,False,浩浩 :   没 问题 ！ 要 不 就 周六 早上 去 吧 ？,浩浩 : 没 问题 ！ 要不 就 周六 早上 去 吧 ？,浩浩: 没 问题 ！ 要 不 就 周 六 早 上去 吧 ？,False,False,False,False,False,0,0.12092,17438,2362,False,0,0.06246,12405,1819,False,0,0.0863,18408,2379,浩浩 :   没 问题 ！ 要 不 就 周六 早上 去 吧 ？,浩浩 : 没 问题 ！ 要不 就 周六 早上 去 吧 ？,浩浩: 没 问题 ！ 要 不 就 周 六 早 上去 吧 ？
5176,570,但他的死 当时被保密了大约两个月，直到他的儿子继承成为秦朝第二位皇帝——秦二世。,False,但 他 的 死   当时 被 保密 了 大约 两个 月 ， 直到 他 的 儿子 继承 成为 秦朝 第二位 皇帝 — — 秦二世 。,但 他 的 死 当时 被 保密 了 大约 两 个 月 ， 直到 他 的 儿子 继承 成为 秦朝 第二 位 皇帝 —— 秦 二 世 。,但 他 的 死 当时 被 保密 了 大约 两 个 月 ， 直到 他 的 儿子 继承 成 为 秦朝 第二 位 皇帝 — — 秦 二世 。,False,False,False,False,False,0,0.16899,36013,4693,False,0,0.11478,33539,4569,False,0,0.1451,36337,4873,但 他 的 死   当时 被 保密 了 大约 两个 月 ， 直到 他 的 儿子 继承 成为 秦朝 第二位 皇帝 — — 秦二世 。,但 他 的 死 当时 被 保密 了 大约 两 个 月 ， 直到 他 的 儿子 继承 成为 秦朝 第二 位 皇帝 —— 秦 二 世 。,但 他 的 死 当时 被 保密 了 大约 两 个 月 ， 直到 他 的 儿子 继承 成 为 秦朝 第二 位 皇帝 — — 秦 二世 。
14217,1200,他出现在罗马 Gemelli 医院的阳台上，面带微笑，向祝福者挥手致意，并感谢他们的支持。,True,他 出现 在 罗马   Gemelli   医院 的 阳台 上 ， 面带微笑 ， 向 祝福 者 挥手致意 ， 并 感谢 他们 的 支持 。,他 出现 在 罗马 Gemelli 医院 的 阳台 上 ， 面带微笑 ， 向 祝福者 挥手 致意 ， 并 感谢 他们 的 支持 。,他 出现 在 罗马 Gemelli 医院 的 阳台 上 ， 面带 微笑 ， 向 祝福 者 挥手 致意 ， 并 感谢 他们 的 支持 。,False,False,False,False,False,0,1.29219,193119,19036,False,0,4.18092,417149,37914,False,0,1.05933,186609,17875,他 出现 在 罗马   Gemelli   医院 的 阳台 上 ， 面带微笑 ， 向 祝福 者 挥手致意 ， 并 感谢 他们 的 支持 。,他 出现 在 罗马 Gemelli 医院 的 阳台 上 ， 面带微笑 ， 向 祝福者 挥手 致意 ， 并 感谢 他们 的 支持 。,他 出现 在 罗马 Gemelli 医院 的 阳台 上 ， 面带 微笑 ， 向 祝福 者 挥手 致意 ， 并 感谢 他们 的 支持 。
18236,1452,Isla：对了，我叫 Isla。,True,Isla ： 对 了 ， 我 叫   Isla 。,I sla ： 对 了 ， 我 叫 Isla 。,Isla ： 对了 ， 我叫 Isla 。,False,False,False,False,True,1,0.16779,34130,3600,True,1,0.33688,62872,6269,False,0,0.0,0,0,Isla ： 对 了 ， 我 叫   Isla 。,I sla ： 对 了 ， 我 叫 Isla 。,Isla ： 对了 ， 我叫 Isla 。
13774,1166,此外一些部门，如环境保护局预计将裁减 65% 的员工。,False,此外 一些 部门 ， 如 环境保护局 预计 将 裁减   65%   的 员工 。,此外 一些 部门 ， 如 环境 保护局 预计 将 裁减 65% 的 员工 。,此外 一些 部门 ， 如 环境 保护 局 预计 将 裁减 65% 的 员工 。,False,False,False,False,True,1,0.7028,149373,15611,True,1,0.67766,173312,17913,True,1,0.55892,121501,13134,此外 一些 部门 ， 如 环境保护局 预计 将 裁减   65%   的 员工 。,此外 一些 部门 ， 如 环境 保护局 预计 将 裁减 65% 的 员工 。,此外 一些 部门 ， 如 环境 保护 局 预计 将 裁减 65% 的 员工 。
18694,1469,类似的情况曾出现在 2015 年，并将在 2037 年再次出现。,False,类似 的 情况 曾 出现 在   2015   年 ， 并 将 在   2037   年 再次出现 。,类似 的 情况 曾 出现 在 2015 年 ， 并 将 在 2037 年 再次 出现 。,类似 的 情况 曾 出现 在 2015 年 ， 并 将 在 2037 年 再次 出现 。,False,False,True,False,False,0,0.0,0,0,False,0,0.41877,83962,8495,False,0,0.41877,83962,8495,类似 的 情况 曾 出现 在   2015   年 ， 并 将 在   2037   年 再次出现 。,类似 的 情况 曾 出现 在 2015 年 ， 并 将 在 2037 年 再次 出现 。,类似 的 情况 曾 出现 在 2015 年 ， 并 将 在 2037 年 再次 出现 。
187,41,亚马逊 (Amazon) 周四告知员工将把恢复正常办公室工作的时间推迟到明年初。,True,亚马逊   ( Amazon )   周四 告知 员工 将 把 恢复正常 办公室 工作 的 时间 推迟 到 明年初 。,亚马逊 ( Amazon ) 周四 告知 员工 将 把 恢复 正常 办公室 工作 的 时间 推迟 到 明年初 。,亚马逊 (Amazon) 周四 告知 员工 将 把 恢复 正常 办公 室 工作 的 时间 推迟 到 明 年初 。,False,False,False,False,False,0,0.2037,45908,5337,False,0,0.13616,34502,4284,False,0,0.20235,48223,5628,亚马逊   ( Amazon )   周四 告知 员工 将 把 恢复正常 办公室 工作 的 时间 推迟 到 明年初 。,亚马逊 ( Amazon ) 周四 告知 员工 将 把 恢复 正常 办公室 工作 的 时间 推迟 到 明年初 。,亚马逊 (Amazon) 周四 告知 员工 将 把 恢复 正常 办公 室 工作 的 时间 推迟 到 明 年初 。
2154,332,这次投票是源于此前 Johnson 曾多次无视并违反 COVID-19 防疫规定，与 其工作人员聚会、举行派对。,True,这次 投票 是 源于 此前   Johnson   曾多次 无视 并 违反   COVID - 19   防疫 规定 ， 与   其 工作人员 聚会 、 举行 派对 。,这次 投票 是 源于 此前 Johnson 曾 多次 无视 并 违反 COVID - 19 防疫 规定 ， 与 其 工作 人员 聚会 、 举行 派对 。,这 次 投票 是 源 于 此前 Johnson 曾多 次 无视 并 违反 CO VID-19 防疫 规定 ， 与 其 工作 人员 聚会 、 举行 派对 。,False,False,False,False,False,0,0.0,0,0,False,0,2.02791,318354,30178,False,0,0.0,0,0,这次 投票 是 源于 此前   Johnson   曾多次 无视 并 违反   COVID - 19   防疫 规定 ， 与   其 工作人员 聚会 、 举行 派对 。,这次 投票 是 源于 此前 Johnson 曾 多次 无视 并 违反 COVID - 19 防疫 规定 ， 与 其 工作 人员 聚会 、 举行 派对 。,这 次 投票 是 源 于 此前 Johnson 曾多 次 无视 并 违反 CO VID-19 防疫 规定 ， 与 其 工作 人员 聚会 、 举行 派对 。
4756,538,她感到孤立无援，曾经给她带来快乐的魔法现在似乎成 了诅咒。,False,她 感到 孤立无援 ， 曾经 给 她 带来 快乐 的 魔法 现在 似乎 成   了 诅咒 。,她 感到 孤立无援 ， 曾经 给 她 带来 快乐 的 魔法 现在 似乎 成 了 诅咒 。,她 感到 孤立 无援 ， 曾经 给 她 带来 快乐 的 魔法 现在 似乎 成 了 诅咒 。,False,False,False,False,True,1,0.27641,60659,6714,True,1,0.2407,60659,6714,True,1,1.1037,219868,21009,她 感到 孤立无援 ， 曾经 给 她 带来 快乐 的 魔法 现在 似乎 成   了 诅咒 。,她 感到 孤立无援 ， 曾经 给 她 带来 快乐 的 魔法 现在 似乎 成 了 诅咒 。,她 感到 孤立 无援 ， 曾经 给 她 带来 快乐 的 魔法 现在 似乎 成 了 诅咒 。
17774,1429,小 鸟们：真的！,False,小   鸟们 ： 真的 ！,小 鸟们 ： 真的 ！,小 鸟们 ： 真的 ！,False,False,True,False,True,1,0.04216,6637,923,True,1,0.02947,6637,923,True,1,0.02947,6637,923,小   鸟们 ： 真的 ！,小 鸟们 ： 真的 ！,小 鸟们 ： 真的 ！
655,164,命名机构 Zinzin 的首席执行官兼联合创意总监 Jay Jurisich 表示，从某种角度上看，Facebook 的品牌重塑类似于谷歌在 2015 年时创建母公司 Alphabet Inc. 的举措。,True,命名 机构   Zinzin   的 首席 执行官 兼 联合 创意 总监   Jay   Jurisich   表示 ， 从 某种 角度 上 看 ， Facebook   的 品牌 重塑 类似 于 谷歌 在   2015   年 时 创建 母公司   Alphabet   Inc .   的 举措 。,命名 机构 Zinzin 的 首席 执行官 兼 联合 创意 总监 Jay Jurisich 表示 ， 从 某种 角度 上 看 ， Facebook 的 品牌 重塑 类似 于 谷歌 在 2015 年时 创建母 公司 Alphabet Inc . 的 举措 。,命名 机构 Zinzin 的 首席 执行 官 兼 联合 创意 总监 Jay Jurisich 表示 ， 从 某种 角度 上 看 ， Facebook 的 品牌 重塑 类似 于 谷歌 在 2015 年时 创建 母 公司 Alphabet Inc. 的 举措 。,False,False,False,False,False,-1,10,0,0,False,-1,10,0,0,False,-1,10,0,0,命名 机构   Zinzin   的 首席 执行官 兼 联合 创意 总监   Jay   Jurisich   表示 ， 从 某种 角度 上 看 ， Facebook   的 品牌 重塑 类似 于 谷歌 在   2015   年 时 创建 母公司   Alphabet   Inc .   的 举措 。,命名 机构 Zinzin 的 首席 执行官 兼 联合 创意 总监 Jay Jurisich 表示 ， 从 某种 角度 上 看 ， Facebook 的 品牌 重塑 类似 于 谷歌 在 2015 年时 创建母 公司 Alphabet Inc . 的 举措 。,命名 机构 Zinzin 的 首席 执行 官 兼 联合 创意 总监 Jay Jurisich 表示 ， 从 某种 角度 上 看 ， Facebook 的 品牌 重塑 类似 于 谷歌 在 2015 年时 创建 母 公司 Alphabet Inc. 的 举措 。
11945,1046,支持者认为这能让患者有尊严地自主选择，反对者则担心会有逼迫弱势群体的风险。,False,支持者 认为 这能 让 患者 有 尊严 地 自主 选择 ， 反对者 则 担心 会 有 逼迫 弱势群体 的 风险 。,支持者 认为 这 能 让 患者 有 尊严 地 自主 选择 ， 反对者 则 担心 会 有 逼迫 弱势 群体 的 风险 。,支持 者 认为 这 能 让 患者 有 尊严 地 自主 选择 ， 反对 者 则 担心 会 有 逼迫 弱势 群体 的 风险 。,False,False,False,False,False,0,0.0,0,0,False,0,1.3181,230042,23860,False,0,1.77918,301890,31451,支持者 认为 这能 让 患者 有 尊严 地 自主 选择 ， 反对者 则 担心 会 有 逼迫 弱势群体 的 风险 。,支持者 认为 这 能 让 患者 有 尊严 地 自主 选择 ， 反对者 则 担心 会 有 逼迫 弱势 群体 的 风险 。,支持 者 认为 这 能 让 患者 有 尊严 地 自主 选择 ， 反对 者 则 担心 会 有 逼迫 弱势 群体 的 风险 。
19915,1494,今天学校要拍班级照片。,False,今天 学校 要 拍 班级 照片 。,今天 学校 要 拍班级 照片 。,今天 学校 要 拍 班级 照片 。,False,True,False,False,True,1,0.11165,12717,1567,True,1,0.03786,6930,927,True,1,0.11165,12717,1567,今天 学校 要 拍 班级 照片 。,今天 学校 要 拍班级 照片 。,今天 学校 要 拍 班级 照片 。
18268,1455,外界普遍认为，这一协议反映出加拿大在与美国贸易关系紧张背景下，主动推动贸易多元化的战略考量。,False,外界 普遍认为 ， 这一 协议 反映 出 加拿大 在 与 美国 贸易 关系紧张 背景 下 ， 主动 推动 贸易 多元化 的 战略 考量 。,外界 普遍 认为 ， 这 一 协议 反映 出 加拿大 在 与 美国 贸易 关系 紧张 背景 下 ， 主动 推动 贸易 多元化 的 战略 考量 。,外界 普遍 认为 ， 这 一 协议 反映 出 加拿大 在 与 美国 贸易 关系 紧张 背景 下 ， 主动 推动 贸易 多元 化 的 战略 考量 。,False,False,False,False,False,0,0.0,0,0,False,0,0.17312,38704,4946,False,0,0.20586,46383,5755,外界 普遍认为 ， 这一 协议 反映 出 加拿大 在 与 美国 贸易 关系紧张 背景 下 ， 主动 推动 贸易 多元化 的 战略 考量 。,外界 普遍 认为 ， 这 一 协议 反映 出 加拿大 在 与 美国 贸易 关系 紧张 背景 下 ， 主动 推动 贸易 多元化 的 战略 考量 。,外界 普遍 认为 ， 这 一 协议 反映 出 加拿大 在 与 美国 贸易 关系 紧张 背景 下 ， 主动 推动 贸易 多元 化 的 战略 考量 。
4711,535,此后在她的一生中，她为确保世界的和平做出了巨大的努力和贡献。,False,此后 在 她 的 一生 中 ， 她 为 确保 世界 的 和平 做出 了 巨大 的 努力 和 贡献 。,此后 在 她 的 一生 中 ， 她 为 确保 世界 的 和平 做出 了 巨大 的 努力 和 贡献 。,此后 在 她 的 一生 中 ， 她 为 确保 世界 的 和平 做出 了 巨大 的 努力 和 贡献 。,True,True,True,True,False,0,0.47653,102398,10132,False,0,0.47653,102398,10132,False,0,0.47653,102398,10132,此后 在 她 的 一生 中 ， 她 为 确保 世界 的 和平 做出 了 巨大 的 努力 和 贡献 。,此后 在 她 的 一生 中 ， 她 为 确保 世界 的 和平 做出 了 巨大 的 努力 和 贡献 。,此后 在 她 的 一生 中 ， 她 为 确保 世界 的 和平 做出 了 巨大 的 努力 和 贡献 。
13833,1171,该儿童在 Kampala 的主要转诊医院接受治疗后不幸去世。,True,该 儿童 在   Kampala   的 主要 转诊 医院 接受 治疗 后 不幸 去世 。,该 儿童 在 Kampala 的 主要 转诊 医院 接受 治疗 后 不幸 去世 。,该 儿童 在 Kampala 的 主要 转诊 医院 接受 治疗 后 不幸 去世 。,False,False,True,False,False,0,0.17317,41053,4514,False,0,0.16139,41053,4514,False,0,0.16139,41053,4514,该 儿童 在   Kampala   的 主要 转诊 医院 接受 治疗 后 不幸 去世 。,该 儿童 在 Kampala 的 主要 转诊 医院 接受 治疗 后 不幸 去世 。,该 儿童 在 Kampala 的 主要 转诊 医院 接受 治疗 后 不幸 去世 。
4026,477,Trump 被指控故意散布虚假的欺诈指控，以帮助他推翻 2020 年大选，并成功募集约 2.5 亿美元的政治捐款。,True,Trump   被 指控 故意 散布 虚假 的 欺诈 指控 ， 以 帮助 他 推翻   2020   年 大选 ， 并 成功 募集 约   2.5   亿美元 的 政治 捐款 。,Trump 被 指控 故意 散布 虚假 的 欺诈 指控 ， 以 帮助 他 推翻 2020 年 大选 ， 并 成功 募集 约 2.5 亿 美元 的 政治 捐款 。,Trump 被 指控 故意 散布 虚假 的 欺诈 指控 ， 以 帮助 他 推翻 2020 年 大选 ， 并 成功 募集 约 2.5 亿 美 元 的 政治 捐款 。,False,False,False,False,False,-1,10,0,0,False,-1,10,0,0,False,-1,10,0,0,Trump   被 指控 故意 散布 虚假 的 欺诈 指控 ， 以 帮助 他 推翻   2020   年 大选 ， 并 成功 募集 约   2.5   亿美元 的 政治 捐款 。,Trump 被 指控 故意 散布 虚假 的 欺诈 指控 ， 以 帮助 他 推翻 2020 年 大选 ， 并 成功 募集 约 2.5 亿 美元 的 政治 捐款 。,Trump 被 指控 故意 散布 虚假 的 欺诈 指控 ， 以 帮助 他 推翻 2020 年 大选 ， 并 成功 募集 约 2.5 亿 美 元 的 政治 捐款 。
751,187,"法国著名球星 Mbappé 和中国奥运跳水冠军张家齐共同揭晓了从超过 122,000 次网络投票中 选出的熊猫宝宝名字：圆嘟嘟 (Yuandudu) 和欢黎黎 (Huanlili)。",True,"法国 著名 球星   Mbapp é   和 中国 奥运 跳水 冠军 张家 齐 共同 揭晓 了 从 超过   122 , 000   次 网络 投票 中   选出 的 熊猫 宝宝 名字 ： 圆 嘟嘟   ( Yuandudu )   和欢 黎黎   ( Huanlili ) 。","法国 著名 球星 Mbappé 和 中国 奥运 跳水 冠军 张家齐 共同 揭晓 了 从 超过 122 , 000 次 网络 投票 中 选出 的 熊猫 宝宝 名字 ： 圆嘟嘟 ( Yuandudu) 和 欢黎 黎 (Huanlili) 。","法国 著名 球星 Mbappé 和 中国 奥运 跳 水 冠军 张 家 齐 共同 揭晓 了 从 超过 122,000 次网络 投票 中 选出 的 熊猫 宝宝 名字 ： 圆嘟 嘟 (Yuandudu) 和欢黎黎 (Huanlili) 。",False,False,False,False,False,0,0.0,0,0,False,0,0.39489,94702,10371,False,0,0.59845,142578,14385,"法国 著名 球星   Mbapp é   和 中国 奥运 跳水 冠军 张家 齐 共同 揭晓 了 从 超过   122 , 000   次 网络 投票 中   选出 的 熊猫 宝宝 名字 ： 圆 嘟嘟   ( Yuandudu )   和欢 黎黎   ( Huanlili ) 。","法国 著名 球星 Mbappé 和 中国 奥运 跳水 冠军 张家齐 共同 揭晓 了 从 超过 122 , 000 次 网络 投票 中 选出 的 熊猫 宝宝 名字 ： 圆嘟嘟 ( Yuandudu) 和 欢黎 黎 (Huanlili) 。","法国 著名 球星 Mbappé 和 中国 奥运 跳 水 冠军 张 家 齐 共同 揭晓 了 从 超过 122,000 次网络 投票 中 选出 的 熊猫 宝宝 名字 ： 圆嘟 嘟 (Yuandudu) 和欢黎黎 (Huanlili) 。"
10100,901,据报道，乌克兰军队已控制了至少 250 平方公里的领土，有视频显示他们在 Kursk 地区用乌克兰国旗替换了俄罗斯国旗。,True,据 报道 ， 乌克兰 军队 已 控制 了 至少   250   平方公里 的 领土 ， 有 视频 显示 他们 在   Kursk   地区 用 乌克兰 国旗 替换 了 俄罗斯 国旗 。,据 报道 ， 乌克兰 军队 已 控制 了 至少 250 平方公里 的 领土 ， 有 视频 显示 他们 在 Kursk 地区 用 乌克兰 国旗 替换 了 俄罗斯 国旗 。,据 报道 ， 乌克兰 军队 已 控制 了 至少 250 平方公里 的 领土 ， 有 视频 显示 他们 在 Kursk 地区 用 乌克兰 国旗 替换 了 俄罗斯 国旗 。,False,False,True,False,False,0,0.40341,75607,9033,False,0,0.44364,75606,9033,False,0,0.44364,75606,9033,据 报道 ， 乌克兰 军队 已 控制 了 至少   250   平方公里 的 领土 ， 有 视频 显示 他们 在   Kursk   地区 用 乌克兰 国旗 替换 了 俄罗斯 国旗 。,据 报道 ， 乌克兰 军队 已 控制 了 至少 250 平方公里 的 领土 ， 有 视频 显示 他们 在 Kursk 地区 用 乌克兰 国旗 替换 了 俄罗斯 国旗 。,据 报道 ， 乌克兰 军队 已 控制 了 至少 250 平方公里 的 领土 ， 有 视频 显示 他们 在 Kursk 地区 用 乌克兰 国旗 替换 了 俄罗斯 国旗 。
11813,1034,目前它还未进入 Netflix 的前十名，但因独特的故事和奥斯卡热度，值得在 2025 年 3 月 2 日奥斯卡提名公布前一看。,True,目前 它 还 未 进入   Netflix   的 前十名 ， 但 因 独特 的 故事 和 奥斯卡 热度 ， 值得 在   2025   年   3   月   2   日 奥斯卡 提名 公布 前一看 。,目前 它 还 未 进入 Netflix 的 前 十 名 ， 但 因 独特 的 故事 和 奥斯卡 热度 ， 值得 在 2025 年 3 月 2 日奥斯卡 提名 公布 前 一 看 。,目前 它 还 未 进入 Netflix 的前 十 名 ， 但 因 独特 的 故事 和 奥斯卡 热度 ， 值得 在 2025 年 3 月 2 日 奥斯卡 提名 公布 前 一 看 。,False,False,False,False,False,0,0.0,0,0,False,0,9.12859,723560,66059,False,0,0.0,0,0,目前 它 还 未 进入   Netflix   的 前十名 ， 但 因 独特 的 故事 和 奥斯卡 热度 ， 值得 在   2025   年   3   月   2   日 奥斯卡 提名 公布 前一看 。,目前 它 还 未 进入 Netflix 的 前 十 名 ， 但 因 独特 的 故事 和 奥斯卡 热度 ， 值得 在 2025 年 3 月 2 日奥斯卡 提名 公布 前 一 看 。,目前 它 还 未 进入 Netflix 的前 十 名 ， 但 因 独特 的 故事 和 奥斯卡 热度 ， 值得 在 2025 年 3 月 2 日 奥斯卡 提名 公布 前 一 看 。
719,181,她早期的唱片目录最初归她的第一个厂牌 Big Machine 所有。,True,她 早期 的 唱片目录 最初 归 她 的 第一个 厂牌   Big   Machine   所有 。,她 早期 的 唱片 目录 最初 归 她 的 第一 个 厂牌 Big Machine 所有 。,她 早期 的 唱片 目录 最初 归 她 的 第一 个 厂牌 Big Machine 所有 。,False,False,True,False,False,0,0.0,0,0,False,0,0.11749,21049,2775,False,0,0.11749,21049,2775,她 早期 的 唱片目录 最初 归 她 的 第一个 厂牌   Big   Machine   所有 。,她 早期 的 唱片 目录 最初 归 她 的 第一 个 厂牌 Big Machine 所有 。,她 早期 的 唱片 目录 最初 归 她 的 第一 个 厂牌 Big Machine 所有 。
11575,1021,上弦月的时候，右边能看到半个月亮。,False,上弦月 的 时候 ， 右边 能 看到 半个 月亮 。,上 弦月 的 时候 ， 右边 能 看到 半 个 月亮 。,上弦 月 的 时候 ， 右 边 能 看到 半 个 月 亮 。,False,False,False,False,True,1,0.22344,44175,4827,False,0,0.39014,66762,6906,False,0,0.28038,50659,5447,上弦月 的 时候 ， 右边 能 看到 半个 月亮 。,上 弦月 的 时候 ， 右边 能 看到 半 个 月亮 。,上弦 月 的 时候 ， 右 边 能 看到 半 个 月 亮 。
6887,687,比如吃梨对牙齿好，但吃多了伤脾胃。,False,比如 吃 梨 对 牙齿 好 ， 但 吃 多 了 伤 脾胃 。,比如 吃梨 对 牙齿 好 ， 但 吃 多 了 伤脾胃 。,比如 吃 梨 对 牙齿 好 ， 但 吃 多 了 伤 脾胃 。,False,True,False,False,False,0,0.63191,121281,12627,False,0,0.48985,98905,10232,False,0,0.63191,121281,12627,比如 吃 梨 对 牙齿 好 ， 但 吃 多 了 伤 脾胃 。,比如 吃梨 对 牙齿 好 ， 但 吃 多 了 伤脾胃 。,比如 吃 梨 对 牙齿 好 ， 但 吃 多 了 伤 脾胃 。
8174,776,冰岛总统称这是“黑色的一天”，当地居民称这对他们紧密团结的社区来说是一场悲剧。,False,冰岛 总统 称 这 是 “ 黑色 的 一天 ” ， 当地 居民 称 这 对 他们 紧密团结 的 社区 来说 是 一场 悲剧 。,冰岛 总统 称 这是 “ 黑色 的 一 天 ” ， 当地 居民 称 这 对 他们 紧密 团结 的 社区 来说 是 一 场 悲剧 。,冰岛 总统 称 这 是 “ 黑色 的 一 天 ” ， 当地 居民 称 这 对 他们 紧密 团结 的 社区 来 说 是 一 场 悲剧 。,False,False,False,False,False,0,0.0,0,0,False,0,1.16194,194436,18938,False,0,1.45008,253319,24942,冰岛 总统 称 这 是 “ 黑色 的 一天 ” ， 当地 居民 称 这 对 他们 紧密团结 的 社区 来说 是 一场 悲剧 。,冰岛 总统 称 这是 “ 黑色 的 一 天 ” ， 当地 居民 称 这 对 他们 紧密 团结 的 社区 来说 是 一 场 悲剧 。,冰岛 总统 称 这 是 “ 黑色 的 一 天 ” ， 当地 居民 称 这 对 他们 紧密 团结 的 社区 来 说 是 一 场 悲剧 。
3166,424,他总觉得有人在监视着他，他叫了一 声，却无人回应。,False,他 总 觉得 有人 在 监视 着 他 ， 他 叫 了 一   声 ， 却 无人 回应 。,他 总 觉得 有人 在 监视 着 他 ， 他 叫 了 一 声 ， 却 无 人 回应 。,他 总 觉得 有 人 在 监视 着 他 ， 他 叫 了 一 声 ， 却 无人 回应 。,False,False,False,False,False,0,0.57075,92249,9710,False,0,1.1081,173066,17156,False,0,0.42602,76523,8336,他 总 觉得 有人 在 监视 着 他 ， 他 叫 了 一   声 ， 却 无人 回应 。,他 总 觉得 有人 在 监视 着 他 ， 他 叫 了 一 声 ， 却 无 人 回应 。,他 总 觉得 有 人 在 监视 着 他 ， 他 叫 了 一 声 ， 却 无人 回应 。
11452,1010,这是中国第二次在夜间接回 航天员。,False,这是 中国 第二次 在 夜间 接 回   航天员 。,这是 中国 第二 次 在 夜间 接回 航天员 。,这 是 中国 第二 次 在 夜 间接 回 航天 员 。,False,False,False,False,True,1,0.16212,25296,3011,False,0,0.06336,12733,1747,False,0,0.06486,11909,1726,这是 中国 第二次 在 夜间 接 回   航天员 。,这是 中国 第二 次 在 夜间 接回 航天员 。,这 是 中国 第二 次 在 夜 间接 回 航天 员 。
18656,1468,上一次火马年是 1966 年，已经过了六十年了。,False,上 一次 火马年 是   1966   年 ， 已经 过 了 六十年 了 。,上 一 次 火马年 是 1966 年 ， 已经 过 了 六十 年 了 。,上 一 次 火马 年 是 1966 年 ， 已经 过 了 六十 年 了 。,False,False,False,False,False,0,0.16307,30457,3355,False,0,0.25577,53551,5577,False,0,0.64269,109949,10883,上 一次 火马年 是   1966   年 ， 已经 过 了 六十年 了 。,上 一 次 火马年 是 1966 年 ， 已经 过 了 六十 年 了 。,上 一 次 火马 年 是 1966 年 ， 已经 过 了 六十 年 了 。
4935,553,它们还有一种独特的睡觉方式。,False,它们 还有 一种 独特 的 睡觉 方式 。,它们 还有 一 种 独特 的 睡觉 方式 。,它们 还 有 一 种 独特 的 睡觉 方式 。,False,False,False,False,False,0,0.28448,52430,5589,False,0,0.39769,52430,5589,False,0,0.2331,52430,5589,它们 还有 一种 独特 的 睡觉 方式 。,它们 还有 一 种 独特 的 睡觉 方式 。,它们 还 有 一 种 独特 的 睡觉 方式 。
7780,749,哈马斯可能会为剩余人质，特别是 以色列士兵要求更高的价格。,False,哈马斯 可能 会为 剩余 人质 ， 特别 是   以色列 士兵 要求 更 高 的 价格 。,哈马斯 可能 会 为 剩余 人质 ， 特别是 以色列 士兵 要求 更 高 的 价格 。,哈马斯 可能 会 为 剩余 人质 ， 特别 是 以色列 士兵 要求 更高 的 价格 。,False,False,False,False,False,0,0.21273,41269,4618,True,1,0.33517,71856,7544,False,0,0.0,0,0,哈马斯 可能 会为 剩余 人质 ， 特别 是   以色列 士兵 要求 更 高 的 价格 。,哈马斯 可能 会 为 剩余 人质 ， 特别是 以色列 士兵 要求 更 高 的 价格 。,哈马斯 可能 会 为 剩余 人质 ， 特别 是 以色列 士兵 要求 更高 的 价格 。
5231,571,有人认为是由馄饨演变而来，也有人认为是源于古代的“角子”。,False,有人 认为 是 由 馄饨 演变 而 来 ， 也 有人 认为 是 源于 古代 的 “ 角子 ” 。,有人 认为 是 由 馄饨 演变 而 来 ， 也 有人 认为 是 源于 古代 的 “ 角子 ” 。,有 人 认为 是 由 馄 饨 演变 而来 ， 也 有 人 认为 是 源于 古代 的 “ 角 子 ” 。,True,False,False,False,False,0,1.20173,167736,16142,False,0,1.20173,167736,16142,False,0,0.0,0,0,有人 认为 是 由 馄饨 演变 而 来 ， 也 有人 认为 是 源于 古代 的 “ 角子 ” 。,有人 认为 是 由 馄饨 演变 而 来 ， 也 有人 认为 是 源于 古代 的 “ 角子 ” 。,有 人 认为 是 由 馄 饨 演变 而来 ， 也 有 人 认为 是 源于 古代 的 “ 角 子 ” 。
5741,611,有一个 人画得很快，画完便端起酒壶，准备喝酒。,False,有 一个   人画 得 很快 ， 画 完 便 端 起 酒壶 ， 准备 喝酒 。,有 一个 人 画 得 很快 ， 画 完便 端起 酒壶 ， 准备 喝酒 。,有 一 个 人 画 得 很快 ， 画完 便 端 起 酒 壶 ， 准备 喝 酒 。,False,False,False,False,True,1,0.3228,69184,7508,False,0,0.0,0,0,True,1,0.36397,66875,7404,有 一个   人画 得 很快 ， 画 完 便 端 起 酒壶 ， 准备 喝酒 。,有 一个 人 画 得 很快 ， 画 完便 端起 酒壶 ， 准备 喝酒 。,有 一 个 人 画 得 很快 ， 画完 便 端 起 酒 壶 ， 准备 喝 酒 。
13332,1128,世界上最大的冰山 A23a，重近一万亿吨，面积达 3500 平方公里，正在向 南 大西洋的 South Georgia Island 漂移。,True,世界 上 最大 的 冰山   A23a ， 重近 一 万亿吨 ， 面积 达   3500   平方公里 ， 正在 向   南   大西洋 的   South   Georgia   Island   漂移 。,世界 上 最 大 的 冰山 A23a ， 重近 一万亿 吨 ， 面积 达 3500 平方公里 ， 正在 向 南 大西洋 的 South Georgia I sland 漂移 。,世界 上 最大 的 冰山 A23a ， 重近 一万亿 吨 ， 面积 达 3500 平方公里 ， 正 在 向 南 大西 洋 的 South Georgia Island 漂移 。,False,False,False,False,False,0,0.47481,80293,8768,False,0,1.12174,183628,17888,False,0,6.65496,398065,35819,世界 上 最大 的 冰山   A23a ， 重近 一 万亿吨 ， 面积 达   3500   平方公里 ， 正在 向   南   大西洋 的   South   Georgia   Island   漂移 。,世界 上 最 大 的 冰山 A23a ， 重近 一万亿 吨 ， 面积 达 3500 平方公里 ， 正在 向 南 大西洋 的 South Georgia I sland 漂移 。,世界 上 最大 的 冰山 A23a ， 重近 一万亿 吨 ， 面积 达 3500 平方公里 ， 正 在 向 南 大西 洋 的 South Georgia Island 漂移 。
435,108,"该物种濒临灭绝，其中估计只有 2,500-4,000 只野生巨蜥生活在印度尼西亚科莫多 国家公园中。",False,"该 物种 濒临灭绝 ， 其中 估计 只有   2 , 500 - 4 , 000   只 野生 巨蜥 生活 在 印度尼西亚 科莫 多   国家 公园 中 。","该 物种 濒临 灭绝 ， 其中 估计 只有 2 , 500 - 4 , 000 只 野生 巨蜥 生活 在 印度尼西亚 科莫 多 国家 公园 中 。","该 物种 濒临 灭绝 ， 其中 估计 只有 2,500 - 4,000 只 野生 巨蜥 生活 在 印度 尼西亚 科莫多 国家 公园 中 。",False,False,False,False,False,0,0.0,0,0,False,0,0.0,0,0,False,0,0.0,0,0,"该 物种 濒临灭绝 ， 其中 估计 只有   2 , 500 - 4 , 000   只 野生 巨蜥 生活 在 印度尼西亚 科莫 多   国家 公园 中 。","该 物种 濒临 灭绝 ， 其中 估计 只有 2 , 500 - 4 , 000 只 野生 巨蜥 生活 在 印度尼西亚 科莫 多 国家 公园 中 。","该 物种 濒临 灭绝 ， 其中 估计 只有 2,500 - 4,000 只 野生 巨蜥 生活 在 印度 尼西亚 科莫多 国家 公园 中 。"
5819,617,该交易将保护储户，而不会让纳税人买单。,False,该 交易 将 保护 储户 ， 而 不会 让 纳税人 买单 。,该 交易 将 保护 储户 ， 而 不 会 让 纳税人 买单 。,该 交易 将 保护 储户 ， 而 不会 让 纳税 人 买 单 。,False,False,False,False,False,0,0.29449,43880,4865,False,0,0.90884,131913,13519,False,0,0.20304,37527,4286,该 交易 将 保护 储户 ， 而 不会 让 纳税人 买单 。,该 交易 将 保护 储户 ， 而 不 会 让 纳税人 买单 。,该 交易 将 保护 储户 ， 而 不会 让 纳税 人 买 单 。
10762,957,Sorokin 在节目中戴着镶满珠宝的脚踝监控器，因为她正在上诉自己的驱逐令，处于软禁状态。,True,Sorokin   在 节目 中戴 着 镶满 珠宝 的 脚踝 监控器 ， 因为 她 正在 上诉 自己 的 驱逐令 ， 处于 软禁 状态 。,Sorokin 在 节目 中 戴 着 镶满 珠宝 的 脚踝 监控器 ， 因为 她 正在 上诉 自己 的 驱逐令 ， 处于 软禁 状态 。,Sorokin 在 节目 中 戴 着 镶 满 珠宝 的 脚踝 监控 器 ， 因为 她 正 在 上诉 自己 的 驱逐 令 ， 处 于 软禁 状态 。,False,False,False,False,False,0,0.0,0,0,True,1,2.76823,356033,33142,False,0,0.66221,103050,11237,Sorokin   在 节目 中戴 着 镶满 珠宝 的 脚踝 监控器 ， 因为 她 正在 上诉 自己 的 驱逐令 ， 处于 软禁 状态 。,Sorokin 在 节目 中 戴 着 镶满 珠宝 的 脚踝 监控器 ， 因为 她 正在 上诉 自己 的 驱逐令 ， 处于 软禁 状态 。,Sorokin 在 节目 中 戴 着 镶 满 珠宝 的 脚踝 监控 器 ， 因为 她 正 在 上诉 自己 的 驱逐 令 ， 处 于 软禁 状态 。
13304,1126,NGN 承认了这些行为，并 发表了全面且毫无保留的道歉。,True,NGN   承认 了 这些 行为 ， 并   发表 了 全面 且 毫无保留 的 道歉 。,NGN 承认 了 这些 行为 ， 并 发表 了 全面 且 毫无 保留 的 道歉 。,NGN 承认 了 这些 行为 ， 并 发表 了 全面 且 毫无 保留 的 道歉 。,False,False,True,False,False,0,0.0,0,0,True,1,0.50879,75267,8385,True,1,0.50879,75267,8385,NGN   承认 了 这些 行为 ， 并   发表 了 全面 且 毫无保留 的 道歉 。,NGN 承认 了 这些 行为 ， 并 发表 了 全面 且 毫无 保留 的 道歉 。,NGN 承认 了 这些 行为 ， 并 发表 了 全面 且 毫无 保留 的 道歉 。
8139,773,Musk 紧张的工作 日程和心理健康问题，包括自我诊断的双相情感障碍和 Asperger 症，都是董事会考虑的因素。,True,Musk   紧张 的 工作   日程 和 心理健康 问题 ， 包括 自我 诊断 的 双相 情感 障碍 和   Asperger   症 ， 都 是 董事会 考虑 的 因素 。,Musk 紧张 的 工作 日程 和 心理 健康 问题 ， 包括 自我 诊断 的 双相 情感 障碍 和 Asperger 症 ， 都 是 董事会 考虑 的 因素 。,Musk 紧张 的 工作 日程 和 心理 健康 问题 ， 包括 自我 诊断 的 双 相 情感 障碍 和 Asperger 症 ， 都是 董事 会 考虑 的 因素 。,False,False,False,False,False,-1,10,0,0,False,-1,10,0,0,False,0,0.0,0,0,Musk   紧张 的 工作   日程 和 心理健康 问题 ， 包括 自我 诊断 的 双相 情感 障碍 和   Asperger   症 ， 都 是 董事会 考虑 的 因素 。,Musk 紧张 的 工作 日程 和 心理 健康 问题 ， 包括 自我 诊断 的 双相 情感 障碍 和 Asperger 症 ， 都 是 董事会 考虑 的 因素 。,Musk 紧张 的 工作 日程 和 心理 健康 问题 ， 包括 自我 诊断 的 双 相 情感 障碍 和 Asperger 症 ， 都是 董事 会 考虑 的 因素 。
5082,564,旅客列车载有约 350 人，其中许多是学生。,False,旅客列车 载有 约   350   人 ， 其中 许多 是 学生 。,旅客 列车 载有 约 350 人 ， 其中 许多 是 学生 。,旅客 列车 载有 约 350 人 ， 其中 许多 是 学生 。,False,False,True,False,True,1,0.2938,51094,5207,True,1,0.25296,58089,5791,True,1,0.25296,58089,5791,旅客列车 载有 约   350   人 ， 其中 许多 是 学生 。,旅客 列车 载有 约 350 人 ， 其中 许多 是 学生 。,旅客 列车 载有 约 350 人 ， 其中 许多 是 学生 。
3357,437,警员随后告诉 Davenport 夫人，他必须与她丈夫的家人和朋友交谈，并围绕他的生活展开调查以获得更多的线索。,True,警员 随后 告诉   Davenport   夫人 ， 他 必须 与 她 丈夫 的 家人 和 朋友 交谈 ， 并 围绕 他 的 生活 展开 调查 以 获得 更 多 的 线索 。,警员 随后 告诉 Davenport 夫人 ， 他 必须 与 她 丈夫 的 家人 和 朋友 交谈 ， 并 围绕 他 的 生活 展开 调查 以 获得 更 多 的 线索 。,警员 随后 告诉 Davenport 夫人 ， 他 必须 与 她 丈夫 的 家人 和 朋友 交谈 ， 并 围绕 他 的 生活 展开 调查 以 获得 更多 的 线索 。,False,False,False,False,False,-1,10,0,0,False,-1,10,0,0,False,-1,10,0,0,警员 随后 告诉   Davenport   夫人 ， 他 必须 与 她 丈夫 的 家人 和 朋友 交谈 ， 并 围绕 他 的 生活 展开 调查 以 获得 更 多 的 线索 。,警员 随后 告诉 Davenport 夫人 ， 他 必须 与 她 丈夫 的 家人 和 朋友 交谈 ， 并 围绕 他 的 生活 展开 调查 以 获得 更 多 的 线索 。,警员 随后 告诉 Davenport 夫人 ， 他 必须 与 她 丈夫 的 家人 和 朋友 交谈 ， 并 围绕 他 的 生活 展开 调查 以 获得 更多 的 线索 。
12369,1079,他自 2006 年起 居住在德国，2016 年获得庇护，因其反伊斯兰和极右翼观点而被人所知。,False,他 自   2006   年 起   居住 在 德国 ， 2016   年 获得 庇护 ， 因其 反 伊斯兰 和 极右翼 观点 而 被 人 所知 。,他 自 2006 年 起 居住 在 德国 ， 2016 年 获得 庇护 ， 因 其 反 伊斯兰 和 极 右翼 观点 而 被 人 所 知 。,他 自 2006 年起 居住 在 德国 ， 2016 年 获得 庇护 ， 因 其 反 伊斯兰 和 极右翼 观点 而 被 人 所 知 。,False,False,False,False,False,0,0.0,0,0,False,0,8.20568,593675,52119,False,0,1.43372,212770,20545,他 自   2006   年 起   居住 在 德国 ， 2016   年 获得 庇护 ， 因其 反 伊斯兰 和 极右翼 观点 而 被 人 所知 。,他 自 2006 年 起 居住 在 德国 ， 2016 年 获得 庇护 ， 因 其 反 伊斯兰 和 极 右翼 观点 而 被 人 所 知 。,他 自 2006 年起 居住 在 德国 ， 2016 年 获得 庇护 ， 因 其 反 伊斯兰 和 极右翼 观点 而 被 人 所 知 。
700,176,Robinhood Markets Inc. 周一表示其遭遇了安全攻击，被泄露了数百万用户的个人信息。,True,Robinhood   Markets   Inc .   周一 表示 其 遭遇 了 安全 攻击 ， 被 泄露 了 数百万 用户 的 个人信息 。,Robinhood Markets Inc . 周一 表示 其 遭遇 了 安全 攻击 ， 被 泄露 了 数百万 用户 的 个人 信息 。,Robinhood Markets Inc. 周一 表示 其 遭遇 了 安全 攻击 ， 被 泄露 了 数百万 用户 的 个人 信息 。,False,False,False,False,False,0,0.26243,60329,6987,False,0,0.31458,71259,8038,False,0,0.34068,74256,8269,Robinhood   Markets   Inc .   周一 表示 其 遭遇 了 安全 攻击 ， 被 泄露 了 数百万 用户 的 个人信息 。,Robinhood Markets Inc . 周一 表示 其 遭遇 了 安全 攻击 ， 被 泄露 了 数百万 用户 的 个人 信息 。,Robinhood Markets Inc. 周一 表示 其 遭遇 了 安全 攻击 ， 被 泄露 了 数百万 用户 的 个人 信息 。
15151,1269,美国与中国达成了一项为期 90 天的临时关税减让协议，标志着双方贸易紧张局势出现缓和。,False,美国 与 中国 达成 了 一项 为期   90   天 的 临时 关税 减让 协议 ， 标志 着 双方 贸易 紧张局势 出现 缓和 。,美国 与 中国 达成 了 一 项 为期 90 天 的 临时 关税 减让 协议 ， 标志 着 双方 贸易 紧张 局势 出现 缓和 。,美国 与 中国 达成 了 一 项 为期 90 天 的 临时 关税 减让 协议 ， 标志 着 双 方 贸易 紧张 局势 出现 缓和 。,False,False,False,False,False,0,0.29169,59238,6512,False,0,0.24624,52471,5937,False,0,0.26754,53079,6036,美国 与 中国 达成 了 一项 为期   90   天 的 临时 关税 减让 协议 ， 标志 着 双方 贸易 紧张局势 出现 缓和 。,美国 与 中国 达成 了 一 项 为期 90 天 的 临时 关税 减让 协议 ， 标志 着 双方 贸易 紧张 局势 出现 缓和 。,美国 与 中国 达成 了 一 项 为期 90 天 的 临时 关税 减让 协议 ， 标志 着 双 方 贸易 紧张 局势 出现 缓和 。
7312,715,尽管面临挑战，活动参加者们仍保持良好的心态，互相帮助。,False,尽管 面临 挑战 ， 活动 参加者 们 仍 保持良好 的 心态 ， 互相帮助 。,尽管 面临 挑战 ， 活动 参加者们 仍 保持 良好 的 心态 ， 互相 帮助 。,尽管 面临 挑战 ， 活动 参加 者 们 仍 保持 良好 的 心态 ， 互相 帮助 。,False,False,False,False,False,0,0.0,0,0,True,1,0.42593,89364,8926,True,1,0.27222,63923,6903,尽管 面临 挑战 ， 活动 参加者 们 仍 保持良好 的 心态 ， 互相帮助 。,尽管 面临 挑战 ， 活动 参加者们 仍 保持 良好 的 心态 ， 互相 帮助 。,尽管 面临 挑战 ， 活动 参加 者 们 仍 保持 良好 的 心态 ， 互相 帮助 。
6542,662,该成语也比喻从 不切实际的空想中来宽慰自己。,False,该 成语 也 比喻 从   不切实际 的 空想 中来 宽慰 自己 。,该 成语 也 比喻 从 不切实际 的 空想 中 来 宽慰 自己 。,该 成语 也 比喻 从 不切 实际 的 空想 中来 宽 慰 自己 。,False,False,False,False,False,0,0.0,0,0,True,1,1.88462,308171,29997,False,0,0.0,0,0,该 成语 也 比喻 从   不切实际 的 空想 中来 宽慰 自己 。,该 成语 也 比喻 从 不切实际 的 空想 中 来 宽慰 自己 。,该 成语 也 比喻 从 不切 实际 的 空想 中来 宽 慰 自己 。
14822,1243,尽管财报表现不佳，Tesla 股价在盘后交易中上涨 7%，显示投资者对 Musk 重新聚焦公司的信心，但年初至今股价仍下跌约 41%。,True,尽管 财报 表现 不佳 ， Tesla   股价 在 盘后 交易 中 上涨   7% ， 显示 投资者 对   Musk   重新 聚焦 公司 的 信心 ， 但 年初 至今 股价 仍 下跌 约   41% 。,尽管 财报 表现 不 佳 ， Tesla 股价 在 盘后 交易 中上 涨 7% ， 显示 投资者 对 Musk 重新 聚焦 公司 的 信心 ， 但 年初 至今 股价 仍 下跌 约 41% 。,尽管 财报 表现 不佳 ， Tesla 股价 在 盘后 交易 中 上涨 7% ， 显示 投资 者 对 Musk 重新 聚焦 公司 的 信心 ， 但 年初 至 今 股价 仍 下跌 约 41% 。,False,False,False,False,False,0,1.17527,190032,19422,False,0,0.71463,122068,13275,False,-1,10,0,0,尽管 财报 表现 不佳 ， Tesla   股价 在 盘后 交易 中 上涨   7% ， 显示 投资者 对   Musk   重新 聚焦 公司 的 信心 ， 但 年初 至今 股价 仍 下跌 约   41% 。,尽管 财报 表现 不 佳 ， Tesla 股价 在 盘后 交易 中上 涨 7% ， 显示 投资者 对 Musk 重新 聚焦 公司 的 信心 ， 但 年初 至今 股价 仍 下跌 约 41% 。,尽管 财报 表现 不佳 ， Tesla 股价 在 盘后 交易 中 上涨 7% ， 显示 投资 者 对 Musk 重新 聚焦 公司 的 信心 ， 但 年初 至 今 股价 仍 下跌 约 41% 。
11311,999,美国虽然事先知情，但并未参与行动，并呼吁双方降级冲突。,False,美国 虽然 事先 知情 ， 但 并未 参与 行动 ， 并 呼吁 双方 降级 冲突 。,美国 虽然 事先 知情 ， 但 并 未 参与 行动 ， 并 呼吁 双方 降级 冲突 。,美国 虽然 事先 知情 ， 但 并 未 参与 行动 ， 并 呼吁 双 方 降级 冲突 。,False,False,False,False,False,0,0.0,0,0,True,1,6.24594,483587,45333,False,0,0.6752,80801,8982,美国 虽然 事先 知情 ， 但 并未 参与 行动 ， 并 呼吁 双方 降级 冲突 。,美国 虽然 事先 知情 ， 但 并 未 参与 行动 ， 并 呼吁 双方 降级 冲突 。,美国 虽然 事先 知情 ， 但 并 未 参与 行动 ， 并 呼吁 双 方 降级 冲突 。
10013,893,比如韩国手枪射击选手 Kim Yeji，她因自信的举止和“主角气场”而受到称赞。,True,比如 韩国 手枪 射击 选手   Kim   Yeji ， 她 因 自信 的 举止 和 “ 主角 气场 ” 而 受到 称赞 。,比如 韩国 手枪 射击 选手 Kim Yeji ， 她 因 自信 的 举止 和 “ 主角 气场 ” 而 受到 称赞 。,比如 韩国 手枪 射击 选手 Kim Yeji ， 她 因 自信 的 举止 和 “ 主角 气场 ” 而 受到 称赞 。,False,False,True,False,False,0,0.20753,33733,4331,False,0,0.14174,33732,4331,False,0,0.14174,33732,4331,比如 韩国 手枪 射击 选手   Kim   Yeji ， 她 因 自信 的 举止 和 “ 主角 气场 ” 而 受到 称赞 。,比如 韩国 手枪 射击 选手 Kim Yeji ， 她 因 自信 的 举止 和 “ 主角 气场 ” 而 受到 称赞 。,比如 韩国 手枪 射击 选手 Kim Yeji ， 她 因 自信 的 举止 和 “ 主角 气场 ” 而 受到 称赞 。
7471,728,虽然标准路线不需要高度技术性的攀登技巧，但由于存在高原反应、恶劣天气、雪崩等危险因素，截至2022年底，已有310人在珠穆朗玛峰上丧生。,False,虽然 标准 路线 不 需要 高度 技术性 的 攀登 技巧 ， 但 由于 存在 高原 反应 、 恶劣 天气 、 雪崩 等 危险 因素 ， 截至 2022 年底 ， 已有 310 人 在 珠穆朗玛峰 上 丧生 。,虽然 标准 路线 不 需要 高度 技术性 的 攀登 技巧 ， 但 由于 存在 高原 反应 、 恶劣 天气 、 雪崩 等 危险 因素 ， 截至 2022年 底 ， 已 有 310 人 在 珠穆朗玛峰 上 丧生 。,虽然 标准 路线 不 需要 高度 技术 性 的 攀登 技巧 ， 但 由于 存在 高原 反应 、 恶劣 天气 、 雪崩 等 危险 因素 ， 截至 2022 年 底 ， 已 有 310 人 在 珠穆朗玛峰 上 丧生 。,False,False,False,False,False,0,0.0,0,0,False,0,1.26326,250719,26267,False,0,2.01859,383741,39056,虽然 标准 路线 不 需要 高度 技术性 的 攀登 技巧 ， 但 由于 存在 高原 反应 、 恶劣 天气 、 雪崩 等 危险 因素 ， 截至 2022 年底 ， 已有 310 人 在 珠穆朗玛峰 上 丧生 。,虽然 标准 路线 不 需要 高度 技术性 的 攀登 技巧 ， 但 由于 存在 高原 反应 、 恶劣 天气 、 雪崩 等 危险 因素 ， 截至 2022年 底 ， 已 有 310 人 在 珠穆朗玛峰 上 丧生 。,虽然 标准 路线 不 需要 高度 技术 性 的 攀登 技巧 ， 但 由于 存在 高原 反应 、 恶劣 天气 、 雪崩 等 危险 因素 ， 截至 2022 年 底 ， 已 有 310 人 在 珠穆朗玛峰 上 丧生 。
7332,717,欧盟向 Morocco 的援助组织拨款 100 万欧元。,True,欧盟 向   Morocco   的 援助 组织 拨款   100   万 欧元 。,欧盟 向 Morocco 的 援助 组织 拨款 100 万 欧元 。,欧盟 向 Morocco 的 援助 组织 拨款 100 万 欧 元 。,False,False,False,False,False,0,0.13596,21099,2567,False,0,0.07725,21099,2567,False,0,0.07786,21924,2697,欧盟 向   Morocco   的 援助 组织 拨款   100   万 欧元 。,欧盟 向 Morocco 的 援助 组织 拨款 100 万 欧元 。,欧盟 向 Morocco 的 援助 组织 拨款 100 万 欧 元 。
416,103,根据传说，七月二十二是财帛星君的成道日。,False,根据 传说 ， 七月 二十二 是 财帛 星君 的 成道 日 。,根据 传说 ， 七月 二十二 是 财帛 星君 的 成道 日 。,根据 传说 ， 七 月 二十二 是 财帛 星君 的 成道 日 。,True,False,False,False,True,1,0.36735,70274,6721,True,1,0.36735,70274,6721,True,1,0.58386,115765,9560,根据 传说 ， 七月 二十二 是 财帛 星君 的 成道 日 。,根据 传说 ， 七月 二十二 是 财帛 星君 的 成道 日 。,根据 传说 ， 七 月 二十二 是 财帛 星君 的 成道 日 。
6304,648,Manchester City 1-0 战胜 Inter Milan，首次获得 Champions League 冠军。,True,Manchester   City   1 - 0   战胜   Inter   Milan ， 首次 获得   Champions   League   冠军 。,Manchester City 1-0 战胜 Inter Milan ， 首次 获得 Champions League 冠军 。,Manchester City 1-0 战胜 Inter Milan ， 首次 获得 Champions League 冠军 。,False,False,True,False,True,1,0.1637,31595,3713,True,1,0.22165,45211,4767,True,1,0.22165,45211,4767,Manchester   City   1 - 0   战胜   Inter   Milan ， 首次 获得   Champions   League   冠军 。,Manchester City 1-0 战胜 Inter Milan ， 首次 获得 Champions League 冠军 。,Manchester City 1-0 战胜 Inter Milan ， 首次 获得 Champions League 冠军 。
12869,1106,Palisades Fire 于 2025 年 1 月 7 日爆发，现已成为洛杉矶山火危机的一部分，目前有三场主要大火燃烧了数千英亩的土地。,True,Palisades   Fire   于   2025   年   1   月   7   日 爆发 ， 现已 成为 洛杉矶 山火 危机 的 一部分 ， 目前 有 三场 主要 大火 燃烧 了 数千 英亩 的 土地 。,Palisades Fire 于 2025 年 1 月 7 日 爆发 ， 现 已 成为 洛杉矶 山火 危机 的 一部分 ， 目前 有 三 场 主要 大火 燃烧 了 数千 英亩 的 土地 。,Palisades Fire 于 2025 年 1 月 7 日 爆发 ， 现已 成 为 洛杉矶 山火 危机 的 一 部分 ， 目前 有 三 场 主要 大火 燃烧 了 数千 英 亩 的 土地 。,False,False,False,False,False,-1,10,0,0,False,-1,10,0,0,False,-1,10,0,0,Palisades   Fire   于   2025   年   1   月   7   日 爆发 ， 现已 成为 洛杉矶 山火 危机 的 一部分 ， 目前 有 三场 主要 大火 燃烧 了 数千 英亩 的 土地 。,Palisades Fire 于 2025 年 1 月 7 日 爆发 ， 现 已 成为 洛杉矶 山火 危机 的 一部分 ， 目前 有 三 场 主要 大火 燃烧 了 数千 英亩 的 土地 。,Palisades Fire 于 2025 年 1 月 7 日 爆发 ， 现已 成 为 洛杉矶 山火 危机 的 一 部分 ， 目前 有 三 场 主要 大火 燃烧 了 数千 英 亩 的 土地 。
10649,947,目前美国通货膨胀率已从 2022 年 6 月的峰值 9.1% 降至 2.5%，但就业增长也放缓，失业率升至 4.2%。,False,目前 美国 通货膨胀率 已 从   2022   年   6   月 的 峰值   9.1%   降 至   2.5% ， 但 就业 增长 也 放缓 ， 失业率 升至   4.2% 。,目前 美国 通货膨胀率 已 从 2022 年 6 月 的 峰值 9.1% 降至 2.5% ， 但 就业 增长 也 放缓 ， 失业率 升至 4. 2% 。,目前 美国 通货 膨胀 率 已 从 2022 年 6 月 的 峰值 9.1% 降至 2.5% ， 但 就业 增长 也 放缓 ， 失业 率升 至 4.2% 。,False,False,False,False,False,0,3.4487,323482,30233,False,0,1.45381,195355,19026,False,0,0.62308,136019,14039,目前 美国 通货膨胀率 已 从   2022   年   6   月 的 峰值   9.1%   降 至   2.5% ， 但 就业 增长 也 放缓 ， 失业率 升至   4.2% 。,目前 美国 通货膨胀率 已 从 2022 年 6 月 的 峰值 9.1% 降至 2.5% ， 但 就业 增长 也 放缓 ， 失业率 升至 4. 2% 。,目前 美国 通货 膨胀 率 已 从 2022 年 6 月 的 峰值 9.1% 降至 2.5% ， 但 就业 增长 也 放缓 ， 失业 率升 至 4.2% 。
9182,831,随着这些变化的发生，预计欧洲议会将采取更保守的移民政策，并可能在气候变化倡议上表现得不那么积极。,False,随着 这些 变化 的 发生 ， 预计 欧洲议会 将 采取 更 保守 的 移民 政策 ， 并 可能 在 气候变化 倡议 上 表现 得 不 那么 积极 。,随着 这些 变化 的 发生 ， 预计 欧洲 议会 将 采取 更 保守 的 移民 政策 ， 并 可能 在 气候 变化 倡议 上 表现 得 不 那么 积极 。,随 着 这些 变化 的 发生 ， 预计 欧洲 议会 将 采取 更 保守 的 移民 政策 ， 并 可能 在 气候 变化 倡议 上 表现 得 不 那么 积极 。,False,False,False,False,False,-1,10,0,0,False,-1,10,0,0,False,-1,10,0,0,随着 这些 变化 的 发生 ， 预计 欧洲议会 将 采取 更 保守 的 移民 政策 ， 并 可能 在 气候变化 倡议 上 表现 得 不 那么 积极 。,随着 这些 变化 的 发生 ， 预计 欧洲 议会 将 采取 更 保守 的 移民 政策 ， 并 可能 在 气候 变化 倡议 上 表现 得 不 那么 积极 。,随 着 这些 变化 的 发生 ， 预计 欧洲 议会 将 采取 更 保守 的 移民 政策 ， 并 可能 在 气候 变化 倡议 上 表现 得 不 那么 积极 。
1977,212,这是 Amy 一年 中最喜欢的日子 - 圣诞节快到了！外面下雪了，她在温暖的床上睡着了。,True,这是   Amy   一年   中 最 喜欢 的 日子   -   圣诞节 快到 了 ！ 外面 下雪 了 ， 她 在 温暖 的 床上 睡着 了 。,这是 Amy 一 年 中 最 喜欢 的 日子 - 圣诞节 快 到 了 ！ 外面 下雪 了 ， 她 在 温暖 的 床 上 睡 着 了 。,这是 Amy 一年 中最 喜欢 的 日子 - 圣诞 节快 到 了 ！ 外面 下雪 了 ， 她 在 温暖 的 床上 睡着 了 。,False,False,False,False,False,0,0.0,0,0,False,0,7.32146,666564,62574,False,0,0.0,0,0,这是   Amy   一年   中 最 喜欢 的 日子   -   圣诞节 快到 了 ！ 外面 下雪 了 ， 她 在 温暖 的 床上 睡着 了 。,这是 Amy 一 年 中 最 喜欢 的 日子 - 圣诞节 快 到 了 ！ 外面 下雪 了 ， 她 在 温暖 的 床 上 睡 着 了 。,这是 Amy 一年 中最 喜欢 的 日子 - 圣诞 节快 到 了 ！ 外面 下雪 了 ， 她 在 温暖 的 床上 睡着 了 。
9197,833,有一个叫薛定谔的科学家做了一个特别的实验。,False,有 一个 叫 薛定谔 的 科学家 做 了 一个 特别 的 实验 。,有 一个 叫 薛定谔 的 科学家 做 了 一个 特别 的 实验 。,有 一 个 叫 薛 定 谔 的 科学 家 做 了 一 个 特别 的 实验 。,True,False,False,False,True,1,0.42885,81560,8623,True,1,0.42885,81560,8623,True,1,1.10564,206179,20626,有 一个 叫 薛定谔 的 科学家 做 了 一个 特别 的 实验 。,有 一个 叫 薛定谔 的 科学家 做 了 一个 特别 的 实验 。,有 一 个 叫 薛 定 谔 的 科学 家 做 了 一 个 特别 的 实验 。
11356,1003,她在 10 月 15 日最后一次被看到。经过大规模搜救，她在 Nungar Creek 小道上被发现。,True,她 在   10   月   15   日 最后 一次 被 看到 。 经过 大规模 搜救 ， 她 在   Nungar   Creek   小道 上 被 发现 。,她 在 10 月 15 日 最后 一 次 被 看到 。 经过 大规模 搜救 ， 她 在 Nungar Creek 小道 上 被 发现 。,她 在 10 月 15 日 最后 一 次 被 看到 。 经过 大 规模 搜救 ， 她 在 Nungar Creek 小道 上 被 发现 。,False,False,False,False,False,0,0.36185,70410,7958,False,0,0.4151,80603,8920,False,0,0.53799,94153,10302,她 在   10   月   15   日 最后 一次 被 看到 。 经过 大规模 搜救 ， 她 在   Nungar   Creek   小道 上 被 发现 。,她 在 10 月 15 日 最后 一 次 被 看到 。 经过 大规模 搜救 ， 她 在 Nungar Creek 小道 上 被 发现 。,她 在 10 月 15 日 最后 一 次 被 看到 。 经过 大 规模 搜救 ， 她 在 Nungar Creek 小道 上 被 发现 。
16413,1357,父亲好奇地问：“你为什么给自己挑最小 的？”,False,父亲 好奇 地问 ： “ 你 为什么 给 自己 挑 最小   的 ？ ”,父亲 好奇 地 问 ： “ 你 为什么 给 自己 挑 最 小 的 ？ ”,父亲 好奇 地 问 ： “ 你 为 什么 给 自己 挑 最小 的 ？ ”,False,False,False,False,False,0,0.0,0,0,False,0,0.17559,31492,3781,False,0,0.0,0,0,父亲 好奇 地问 ： “ 你 为什么 给 自己 挑 最小   的 ？ ”,父亲 好奇 地 问 ： “ 你 为什么 给 自己 挑 最 小 的 ？ ”,父亲 好奇 地 问 ： “ 你 为 什么 给 自己 挑 最小 的 ？ ”
12909,1109,房间里有一种朴实的健康气息，这是昨晚所没有的。,False,房间 里 有 一种 朴实 的 健康 气息 ， 这是 昨晚 所 没有 的 。,房间 里 有 一 种 朴实 的 健康 气息 ， 这是 昨晚 所 没有 的 。,房间 里 有 一 种 朴实 的 健康 气息 ， 这 是 昨晚 所 没有 的 。,False,False,False,False,False,0,0.32961,51032,5730,False,0,0.24996,51031,5730,False,0,0.21996,51032,5730,房间 里 有 一种 朴实 的 健康 气息 ， 这是 昨晚 所 没有 的 。,房间 里 有 一 种 朴实 的 健康 气息 ， 这是 昨晚 所 没有 的 。,房间 里 有 一 种 朴实 的 健康 气息 ， 这 是 昨晚 所 没有 的 。
10738,955,活动人士庆祝这是经过多年努力争取得到的巨大胜利。,False,活动 人士 庆祝 这是 经过 多年 努力争取 得到 的 巨大胜利 。,活动 人士 庆祝 这是 经过 多年 努力 争取 得到 的 巨大 胜利 。,活动 人士 庆祝 这 是 经过 多 年 努力 争取 得到 的 巨大 胜利 。,False,False,False,False,False,0,0.09034,20594,2598,False,0,0.10229,20303,2638,False,0,0.10661,27675,3362,活动 人士 庆祝 这是 经过 多年 努力争取 得到 的 巨大胜利 。,活动 人士 庆祝 这是 经过 多年 努力 争取 得到 的 巨大 胜利 。,活动 人士 庆祝 这 是 经过 多 年 努力 争取 得到 的 巨大 胜利 。
481,120,它的历史可以追溯到 3000 多年前，中国人尊月亮为振兴和丰收的象征，是继农历新年之后第二个最重要的中国传统节日。,False,它 的 历史 可以 追溯到   3000   多年 前 ， 中国 人尊 月亮 为 振兴 和 丰收 的 象征 ， 是 继 农历 新年 之后 第二个 最 重要 的 中国 传统节日 。,它 的 历史 可以 追溯 到 3000 多年 前 ， 中国人 尊月 亮为 振兴 和 丰收 的 象征 ， 是 继 农历 新年 之后 第二 个 最 重要 的 中国 传统 节日 。,它 的 历史 可以 追溯 到 3000 多 年 前 ， 中国 人尊 月 亮 为 振兴 和 丰收 的 象征 ， 是 继 农历 新年 之后 第二 个 最 重要 的 中国 传统 节日 。,False,False,False,False,False,0,0.0,0,0,False,0,1.23599,173502,18064,False,0,0.81714,161040,16374,它 的 历史 可以 追溯到   3000   多年 前 ， 中国 人尊 月亮 为 振兴 和 丰收 的 象征 ， 是 继 农历 新年 之后 第二个 最 重要 的 中国 传统节日 。,它 的 历史 可以 追溯 到 3000 多年 前 ， 中国人 尊月 亮为 振兴 和 丰收 的 象征 ， 是 继 农历 新年 之后 第二 个 最 重要 的 中国 传统 节日 。,它 的 历史 可以 追溯 到 3000 多 年 前 ， 中国 人尊 月 亮 为 振兴 和 丰收 的 象征 ， 是 继 农历 新年 之后 第二 个 最 重要 的 中国 传统 节日 。
3580,450,他们在星空下许下诺言，牵起彼此的手行走于人间。,False,他们 在 星空 下 许下诺言 ， 牵起 彼此 的 手 行走 于 人间 。,他们 在 星空 下许 下 诺言 ， 牵起 彼此 的 手行 走于 人间 。,他们 在 星空 下 许下 诺 言 ， 牵起 彼此 的 手 行走 于 人间 。,False,False,False,False,True,1,0.59127,142256,13747,True,1,0.91199,160087,15485,True,1,0.67057,152620,14955,他们 在 星空 下 许下诺言 ， 牵起 彼此 的 手 行走 于 人间 。,他们 在 星空 下许 下 诺言 ， 牵起 彼此 的 手行 走于 人间 。,他们 在 星空 下 许下 诺 言 ， 牵起 彼此 的 手 行走 于 人间 。
8566,798,韩国政府已花费数十亿美元试图扭转这一趋势，但成效并不显著。,False,韩国政府 已 花费 数十亿美元 试图 扭转 这一 趋势 ， 但 成效 并 不 显著 。,韩国 政府 已 花费 数十亿 美元 试图 扭转 这 一 趋势 ， 但 成效 并 不 显著 。,韩国 政府 已 花费 数十亿 美 元 试图 扭转 这 一 趋势 ， 但 成效 并 不 显著 。,False,False,False,False,False,0,0.0,0,0,False,0,0.08431,19465,2763,False,0,0.085,22114,3069,韩国政府 已 花费 数十亿美元 试图 扭转 这一 趋势 ， 但 成效 并 不 显著 。,韩国 政府 已 花费 数十亿 美元 试图 扭转 这 一 趋势 ， 但 成效 并 不 显著 。,韩国 政府 已 花费 数十亿 美 元 试图 扭转 这 一 趋势 ， 但 成效 并 不 显著 。
5799,616,豆腐是中国传统食品之一，由黄豆为原料制成。,False,豆腐 是 中国 传统 食品 之一 ， 由 黄豆 为 原料 制成 。,豆腐 是 中国 传统 食品 之一 ， 由 黄豆 为 原料 制成 。,豆腐 是 中国 传统 食品 之 一 ， 由 黄豆 为 原料 制成 。,True,False,False,False,True,1,0.39759,84714,6897,True,1,0.39759,84714,6897,True,1,0.28917,69271,6658,豆腐 是 中国 传统 食品 之一 ， 由 黄豆 为 原料 制成 。,豆腐 是 中国 传统 食品 之一 ， 由 黄豆 为 原料 制成 。,豆腐 是 中国 传统 食品 之 一 ， 由 黄豆 为 原料 制成 。
19782,1491,"你前男友打电话来，可能也不 是真的关心你。有的人只是不 想让你走远。""",False,"你 前男友 打电话 来 ， 可能 也 不   是 真的 关心 你 。 有 的 人 只是 不   想 让 你 走 远 。 ""","你 前 男友 打电话 来 ， 可能 也 不 是 真的 关心 你 。 有的 人 只是 不 想 让 你 走远 。 ""","你 前 男友 打 电话 来 ， 可能 也 不 是 真的 关心 你 。 有的 人 只 是 不 想 让 你 走远 。 """,False,False,False,False,False,0,0.4927,112205,12180,False,0,0.44994,112261,12234,False,0,0.29779,67904,7939,"你 前男友 打电话 来 ， 可能 也 不   是 真的 关心 你 。 有 的 人 只是 不   想 让 你 走 远 。 ""","你 前 男友 打电话 来 ， 可能 也 不 是 真的 关心 你 。 有的 人 只是 不 想 让 你 走远 。 ""","你 前 男友 打 电话 来 ， 可能 也 不 是 真的 关心 你 。 有的 人 只 是 不 想 让 你 走远 。 """
8711,807,这一事件加剧人们对波音公司最近的安全担忧，该公司制造的飞机在近几个月里已涉及多起技术问题和事件。,False,这一 事件 加剧 人们 对 波音公司 最近 的 安全 担忧 ， 该 公司 制造 的 飞机 在 近几个月 里 已 涉及 多 起 技术 问题 和 事件 。,这 一 事件 加剧 人们 对 波音 公司 最近 的 安全 担忧 ， 该 公司 制造 的 飞机 在 近 几 个 月 里 已 涉及 多 起 技术 问题 和 事件 。,这 一 事件 加剧 人们 对 波音 公司 最近 的 安全 担忧 ， 该 公司 制造 的 飞机 在 近 几 个 月 里 已 涉及 多 起 技术 问题 和 事件 。,False,False,True,False,False,0,0.0,0,0,False,0,0.5532,103675,11792,False,0,0.5532,103675,11792,这一 事件 加剧 人们 对 波音公司 最近 的 安全 担忧 ， 该 公司 制造 的 飞机 在 近几个月 里 已 涉及 多 起 技术 问题 和 事件 。,这 一 事件 加剧 人们 对 波音 公司 最近 的 安全 担忧 ， 该 公司 制造 的 飞机 在 近 几 个 月 里 已 涉及 多 起 技术 问题 和 事件 。,这 一 事件 加剧 人们 对 波音 公司 最近 的 安全 担忧 ， 该 公司 制造 的 飞机 在 近 几 个 月 里 已 涉及 多 起 技术 问题 和 事件 。
691,174,来自中国上海的 Edward Gaming (EDG) 以 3:2 击败了韩国的 Damwon Gaming (DK)，夺得全球总冠军。,True,来自 中国 上海 的   Edward   Gaming   ( EDG )   以   3 : 2   击败 了 韩国 的   Damwon   Gaming   ( DK ) ， 夺得 全球 总冠军 。,来自 中国 上海 的 Edward Gaming (ED G) 以 3 : 2 击败 了 韩国 的 Damwon Gaming (D K) ， 夺得 全球 总冠军 。,来 自 中国 上海 的 Edward Gaming (ED G) 以 3:2 击败 了 韩国 的 Damwon Gaming (D K ) ， 夺得 全球 总 冠军 。,False,False,False,False,False,0,0.57506,116239,12330,True,1,1.89639,304894,26020,False,0,1.5436,261926,24251,来自 中国 上海 的   Edward   Gaming   ( EDG )   以   3 : 2   击败 了 韩国 的   Damwon   Gaming   ( DK ) ， 夺得 全球 总冠军 。,来自 中国 上海 的 Edward Gaming (ED G) 以 3 : 2 击败 了 韩国 的 Damwon Gaming (D K) ， 夺得 全球 总冠军 。,来 自 中国 上海 的 Edward Gaming (ED G) 以 3:2 击败 了 韩国 的 Damwon Gaming (D K ) ， 夺得 全球 总 冠军 。
3362,437,警员于是去询问 Nancy 和 John。,True,警员 于是 去 询问   Nancy   和   John 。,警员 于是 去 询问 Nancy 和 John 。,警员 于是 去 询问 Nancy 和 John 。,False,False,True,False,False,0,0.07068,3811,736,False,0,0.02309,3811,736,False,0,0.02309,3811,736,警员 于是 去 询问   Nancy   和   John 。,警员 于是 去 询问 Nancy 和 John 。,警员 于是 去 询问 Nancy 和 John 。
13979,1182,同时，Greenland 内部对独立有不同看法，有人想马上独立，也有人担心经济问题。,True,同时 ， Greenland   内部 对 独立 有 不同 看法 ， 有人 想 马上 独立 ， 也 有人 担心 经济 问题 。,同时 ， Greenland 内部 对 独立 有 不同 看法 ， 有人 想 马上 独立 ， 也 有人 担心 经济 问题 。,同时 ， Greenland 内部 对 独立 有 不同 看法 ， 有 人想 马上 独立 ， 也 有 人 担心 经济 问题 。,False,False,False,False,False,0,0.47811,78898,8624,False,0,0.47032,78898,8624,False,0,4.08009,354534,32201,同时 ， Greenland   内部 对 独立 有 不同 看法 ， 有人 想 马上 独立 ， 也 有人 担心 经济 问题 。,同时 ， Greenland 内部 对 独立 有 不同 看法 ， 有人 想 马上 独立 ， 也 有人 担心 经济 问题 。,同时 ， Greenland 内部 对 独立 有 不同 看法 ， 有 人想 马上 独立 ， 也 有 人 担心 经济 问题 。
11181,990,这次活动是当地的加盟店主在执法部门的请求下安排的。,False,这次 活动 是 当地 的 加盟店 主在 执法 部门 的 请求 下 安排 的 。,这次 活动 是 当地 的 加盟店 主 在 执法 部门 的 请求 下 安排 的 。,这 次 活动 是 当地 的 加盟 店 主 在 执法 部门 的 请求 下 安排 的 。,False,False,False,False,False,0,0.58436,95596,9369,False,0,0.30764,64852,6867,False,0,0.18719,45940,5283,这次 活动 是 当地 的 加盟店 主在 执法 部门 的 请求 下 安排 的 。,这次 活动 是 当地 的 加盟店 主 在 执法 部门 的 请求 下 安排 的 。,这 次 活动 是 当地 的 加盟 店 主 在 执法 部门 的 请求 下 安排 的 。
10244,913,研究人员在大西洋两岸的巴西和喀麦隆发现了超过 260 个白垩纪早期的恐龙足迹。,False,研究 人员 在 大西洋 两岸 的 巴西 和 喀麦隆 发现 了 超过   260   个 白垩纪 早期 的 恐龙 足迹 。,研究 人员 在 大西洋 两岸 的 巴西 和 喀麦隆 发现 了 超过 260 个 白垩纪 早期 的 恐龙 足迹 。,研究 人员 在 大西 洋 两 岸 的 巴西 和 喀麦隆 发现 了 超过 260 个 白垩 纪 早期 的 恐龙 足迹 。,False,False,False,False,True,1,0.87991,212455,19081,True,1,0.85164,212455,19081,False,-1,10,0,0,研究 人员 在 大西洋 两岸 的 巴西 和 喀麦隆 发现 了 超过   260   个 白垩纪 早期 的 恐龙 足迹 。,研究 人员 在 大西洋 两岸 的 巴西 和 喀麦隆 发现 了 超过 260 个 白垩纪 早期 的 恐龙 足迹 。,研究 人员 在 大西 洋 两 岸 的 巴西 和 喀麦隆 发现 了 超过 260 个 白垩 纪 早期 的 恐龙 足迹 。
14043,1187,此次下跌主要受特朗普的激进关税政策影响。,False,此次 下跌 主要 受 特朗普 的 激进 关税 政策 影响 。,此次 下跌 主要 受特朗普 的 激进 关税 政策 影响 。,此次 下跌 主要 受 特朗普 的 激进 关税 政策 影响 。,False,True,False,False,False,0,0.21839,14366,1881,False,0,0.06806,12080,1616,False,0,0.21839,14366,1881,此次 下跌 主要 受 特朗普 的 激进 关税 政策 影响 。,此次 下跌 主要 受特朗普 的 激进 关税 政策 影响 。,此次 下跌 主要 受 特朗普 的 激进 关税 政策 影响 。
16472,1361,一些领导人则表示，此次谈判破裂应成为推动更有力行动的警钟。,False,一些 领导人 则 表示 ， 此次 谈判 破裂 应 成为 推动 更 有力 行动 的 警钟 。,一些 领导人 则 表示 ， 此次 谈判 破裂 应 成为 推动 更 有力 行动 的 警钟 。,一些 领导 人 则 表示 ， 此次 谈判 破裂 应 成 为 推动 更 有力 行动 的 警钟 。,True,False,False,False,False,0,0.16199,20656,2844,False,0,0.16199,20656,2844,False,0,0.21787,37025,4523,一些 领导人 则 表示 ， 此次 谈判 破裂 应 成为 推动 更 有力 行动 的 警钟 。,一些 领导人 则 表示 ， 此次 谈判 破裂 应 成为 推动 更 有力 行动 的 警钟 。,一些 领导 人 则 表示 ， 此次 谈判 破裂 应 成 为 推动 更 有力 行动 的 警钟 。
3599,451,然而警方却无法找到任何有关嫌犯和画作下落的线索。,False,然而 警方 却 无法 找到 任何 有关 嫌犯 和 画作 下落 的 线索 。,然而 警方 却 无法 找到 任何 有关 嫌犯 和 画作 下落 的 线索 。,然而 警方 却 无法 找到 任何 有关 嫌犯 和 画作 下落 的 线索 。,True,True,True,True,True,1,0.14777,32316,3675,True,1,0.14777,32316,3675,True,1,0.14777,32316,3675,然而 警方 却 无法 找到 任何 有关 嫌犯 和 画作 下落 的 线索 。,然而 警方 却 无法 找到 任何 有关 嫌犯 和 画作 下落 的 线索 。,然而 警方 却 无法 找到 任何 有关 嫌犯 和 画作 下落 的 线索 。
12477,1082,Della 拿着钱精心挑选了一条漂亮的铂金表链，花了二十一美元。,True,Della   拿 着 钱 精心 挑选 了 一条 漂亮 的 铂金 表链 ， 花 了 二十一 美元 。,Della 拿 着 钱 精心 挑选 了 一 条 漂亮 的 铂金 表链 ， 花 了 二十一 美元 。,Della 拿 着钱 精心 挑选 了 一 条 漂亮 的 铂金 表链 ， 花 了 二十一 美 元 。,False,False,False,False,False,0,0.3768,88566,9373,False,0,0.38441,88565,9373,False,0,0.0,0,0,Della   拿 着 钱 精心 挑选 了 一条 漂亮 的 铂金 表链 ， 花 了 二十一 美元 。,Della 拿 着 钱 精心 挑选 了 一 条 漂亮 的 铂金 表链 ， 花 了 二十一 美元 。,Della 拿 着钱 精心 挑选 了 一 条 漂亮 的 铂金 表链 ， 花 了 二十一 美 元 。
19527,1488,"""你的工作就是吃饭吗？""苏然有点惊讶。",False,""" 你 的 工作 就是 吃饭 吗 ？ "" 苏然 有点 惊讶 。",""" 你 的 工作 就是 吃饭 吗 ？ "" 苏然 有点 惊讶 。",""" 你 的 工作 就是 吃饭 吗 ？ "" 苏然 有点 惊讶 。",True,True,True,True,False,0,0.21783,36086,4028,False,0,0.21783,36086,4028,False,0,0.21783,36086,4028,""" 你 的 工作 就是 吃饭 吗 ？ "" 苏然 有点 惊讶 。",""" 你 的 工作 就是 吃饭 吗 ？ "" 苏然 有点 惊讶 。",""" 你 的 工作 就是 吃饭 吗 ？ "" 苏然 有点 惊讶 。"
6178,642,"事故涉及 Balasore, Odisha 的两列客运列车和一列货运列车。",True,"事故 涉及   Balasore ,   Odisha   的 两列 客运 列车 和 一列 货运 列车 。","事故 涉及 Balasore , Odisha 的 两 列 客运 列车 和 一 列 货运 列车 。","事故 涉及 Balasore, Odisha 的 两 列 客运 列车 和 一 列 货运 列车 。",False,False,False,False,False,0,0.16561,33524,3648,False,0,0.386,91807,8282,False,0,0.47358,93622,8307,"事故 涉及   Balasore ,   Odisha   的 两列 客运 列车 和 一列 货运 列车 。","事故 涉及 Balasore , Odisha 的 两 列 客运 列车 和 一 列 货运 列车 。","事故 涉及 Balasore, Odisha 的 两 列 客运 列车 和 一 列 货运 列车 。"
8345,786,小凯拿起一根胡萝卜，笑着说：“这个胡萝卜看起来又新鲜又甜，我们买一些吧。”,False,小凯 拿 起 一根 胡萝卜 ， 笑 着 说 ： “ 这个 胡萝卜 看起来 又 新鲜 又 甜 ， 我们 买 一些 吧 。 ”,小凯 拿起 一 根 胡萝卜 ， 笑 着 说 ： “ 这个 胡萝卜 看起来 又 新鲜 又 甜 ， 我们 买 一些 吧 。 ”,小凯拿起 一 根 胡 萝 卜 ， 笑 着 说 ： “ 这 个 胡 萝 卜 看 起来 又 新鲜 又甜 ， 我们 买 一些 吧 。 ”,False,False,False,False,False,0,0.26796,53449,6391,False,0,0.20685,39647,5157,False,0,0.0,0,0,小凯 拿 起 一根 胡萝卜 ， 笑 着 说 ： “ 这个 胡萝卜 看起来 又 新鲜 又 甜 ， 我们 买 一些 吧 。 ”,小凯 拿起 一 根 胡萝卜 ， 笑 着 说 ： “ 这个 胡萝卜 看起来 又 新鲜 又 甜 ， 我们 买 一些 吧 。 ”,小凯拿起 一 根 胡 萝 卜 ， 笑 着 说 ： “ 这 个 胡 萝 卜 看 起来 又 新鲜 又甜 ， 我们 买 一些 吧 。 ”
793,201,最高法院可能会 否决这项将宗教 学校排除在外的州计划。,False,最高法院 可能 会   否决 这项 将 宗教   学校 排除 在外 的 州 计划 。,最高 法院 可能 会 否决 这项 将 宗教 学校 排除 在外 的 州 计划 。,最高 法院 可能 会 否决 这 项 将 宗教 学校 排除 在 外 的 州 计划 。,False,False,False,False,True,1,0.7409,131694,12752,False,0,0.61217,121334,12838,False,0,0.22177,57215,6520,最高法院 可能 会   否决 这项 将 宗教   学校 排除 在外 的 州 计划 。,最高 法院 可能 会 否决 这项 将 宗教 学校 排除 在外 的 州 计划 。,最高 法院 可能 会 否决 这 项 将 宗教 学校 排除 在 外 的 州 计划 。
14031,1186,在此之前，她在评论中为自己的行为辩护，称她仅仅抱了小 袋熊一分钟，然后将其放回母亲身边，它们安全地一起回到了丛林中。,False,在此之前 ， 她 在 评论 中为 自己 的 行为 辩护 ， 称 她 仅仅 抱 了 小   袋熊 一分钟 ， 然后 将 其放回 母亲 身边 ， 它们 安全 地 一起 回到 了 丛林中 。,在此之前 ， 她 在 评论 中 为 自己 的 行为 辩护 ， 称 她 仅仅 抱 了 小 袋熊 一 分钟 ， 然后 将 其 放回 母亲 身边 ， 它们 安全 地 一起 回到 了 丛林 中 。,在此 之前 ， 她 在 评论 中 为 自己 的 行为 辩护 ， 称 她 仅仅 抱 了 小 袋 熊一 分钟 ， 然后 将 其 放回 母亲 身边 ， 它们 安全 地 一起 回到 了 丛林 中 。,False,False,False,False,False,0,0.0,0,0,False,-1,10,0,0,False,0,0.0,0,0,在此之前 ， 她 在 评论 中为 自己 的 行为 辩护 ， 称 她 仅仅 抱 了 小   袋熊 一分钟 ， 然后 将 其放回 母亲 身边 ， 它们 安全 地 一起 回到 了 丛林中 。,在此之前 ， 她 在 评论 中 为 自己 的 行为 辩护 ， 称 她 仅仅 抱 了 小 袋熊 一 分钟 ， 然后 将 其 放回 母亲 身边 ， 它们 安全 地 一起 回到 了 丛林 中 。,在此 之前 ， 她 在 评论 中 为 自己 的 行为 辩护 ， 称 她 仅仅 抱 了 小 袋 熊一 分钟 ， 然后 将 其 放回 母亲 身边 ， 它们 安全 地 一起 回到 了 丛林 中 。
28,6,上 周四，推特宣布将终止其Vine应用程序，因为该 应用程序的受欢迎程度有所下降，并转而使用其 实时流媒体应用程序Periscope。,True,上   周四 ， 推特 宣布 将 终止 其 Vine 应用程序 ， 因为 该   应用程序 的 受欢迎 程度 有所 下降 ， 并 转而 使用 其   实时 流媒体 应用程序 Periscope 。,上 周四 ， 推特 宣布 将 终止 其 Vine 应用 程序 ， 因为 该 应用 程序 的 受 欢迎 程度 有所 下降 ， 并 转而 使用 其 实时流 媒体 应用 程序 Periscope 。,上 周 四 ， 推特 宣布 将 终止 其 Vine 应用 程序 ， 因为 该 应用 程序 的 受 欢迎 程度 有 所 下降 ， 并 转 而 使用 其 实 时流 媒体 应用 程序 Periscope 。,False,False,False,False,False,0,0.23105,52440,6398,False,0,2.26322,314669,30800,False,0,1.77154,258236,26881,上   周四 ， 推特 宣布 将 终止 其 Vine 应用程序 ， 因为 该   应用程序 的 受欢迎 程度 有所 下降 ， 并 转而 使用 其   实时 流媒体 应用程序 Periscope 。,上 周四 ， 推特 宣布 将 终止 其 Vine 应用 程序 ， 因为 该 应用 程序 的 受 欢迎 程度 有所 下降 ， 并 转而 使用 其 实时流 媒体 应用 程序 Periscope 。,上 周 四 ， 推特 宣布 将 终止 其 Vine 应用 程序 ， 因为 该 应用 程序 的 受 欢迎 程度 有 所 下降 ， 并 转 而 使用 其 实 时流 媒体 应用 程序 Periscope 。
16713,1377,"""但没有你 我该怎么办？""墨玉紧贴着她的手。",False,""" 但 没有 你   我该 怎么办 ？ "" 墨玉 紧贴着 她 的 手 。","""但 没有 你 我 该 怎么办 ？ ""墨 玉紧 贴 着 她 的 手 。",""" 但 没有 你 我 该 怎么 办 ？ "" 墨玉 紧贴 着 她 的 手 。",False,False,False,False,False,0,0.0,0,0,False,0,0.08864,18692,2597,False,0,0.14045,28582,3775,""" 但 没有 你   我该 怎么办 ？ "" 墨玉 紧贴着 她 的 手 。","""但 没有 你 我 该 怎么办 ？ ""墨 玉紧 贴 着 她 的 手 。",""" 但 没有 你 我 该 怎么 办 ？ "" 墨玉 紧贴 着 她 的 手 。"
17288,1418,可心： 这也是必要的吗？,False,可 心 ：   这 也 是 必要 的 吗 ？,可心 ： 这 也 是 必要 的 吗 ？,可心 ： 这 也是 必要 的 吗 ？,False,False,False,False,True,1,0.14553,21895,2594,True,1,0.10001,20166,2382,False,0,0.0,0,0,可 心 ：   这 也 是 必要 的 吗 ？,可心 ： 这 也 是 必要 的 吗 ？,可心 ： 这 也是 必要 的 吗 ？
6423,657,但一些科学家则认为这可能是它们对曾经与船只发生过的创伤性遭遇的反应。,False,但 一些 科学家 则 认为 这 可能 是 它们 对 曾经 与 船只 发生 过 的 创伤性 遭遇 的 反应 。,但 一些 科学家 则 认为 这 可能 是 它们 对 曾经 与 船只 发生 过 的 创伤性 遭遇 的 反应 。,但 一些 科学 家 则 认为 这 可能 是 它们 对 曾经 与 船只 发生 过 的 创伤 性 遭遇 的 反应 。,True,False,False,False,True,1,2.1292,372713,36473,True,1,2.1292,372713,36473,False,-1,10,0,0,但 一些 科学家 则 认为 这 可能 是 它们 对 曾经 与 船只 发生 过 的 创伤性 遭遇 的 反应 。,但 一些 科学家 则 认为 这 可能 是 它们 对 曾经 与 船只 发生 过 的 创伤性 遭遇 的 反应 。,但 一些 科学 家 则 认为 这 可能 是 它们 对 曾经 与 船只 发生 过 的 创伤 性 遭遇 的 反应 。
11806,1033,要 看到彩虹，需要有雨，有太阳，而且太阳要在我们的后面。,False,要   看到 彩虹 ， 需要 有雨 ， 有 太阳 ， 而且 太阳 要 在 我们 的 后面 。,要 看到 彩虹 ， 需要 有 雨 ， 有 太阳 ， 而且 太阳 要 在 我们 的 后面 。,要 看到 彩虹 ， 需要 有雨 ， 有 太阳 ， 而且 太阳 要 在 我们 的 后面 。,False,False,False,False,False,0,0.0,0,0,False,-1,10,0,0,False,0,0.0,0,0,要   看到 彩虹 ， 需要 有雨 ， 有 太阳 ， 而且 太阳 要 在 我们 的 后面 。,要 看到 彩虹 ， 需要 有 雨 ， 有 太阳 ， 而且 太阳 要 在 我们 的 后面 。,要 看到 彩虹 ， 需要 有雨 ， 有 太阳 ， 而且 太阳 要 在 我们 的 后面 。
13872,1174,这次获奖表彰了他以人为本的设计理念，以及他在文化和环境保护方面的贡献。,False,这次 获奖 表彰 了 他 以人为本 的 设计 理念 ， 以及 他 在 文化 和 环境保护 方面 的 贡献 。,这次 获奖 表彰 了 他 以人为本 的 设计 理念 ， 以及 他 在 文化 和 环境 保护 方面 的 贡献 。,这 次 获奖 表彰 了 他 以 人 为 本 的 设计 理念 ， 以及 他 在 文化 和 环境 保护 方面 的 贡献 。,False,False,False,False,False,0,0.37182,79304,8347,False,0,0.70877,90782,9546,False,0,0.33804,64309,7404,这次 获奖 表彰 了 他 以人为本 的 设计 理念 ， 以及 他 在 文化 和 环境保护 方面 的 贡献 。,这次 获奖 表彰 了 他 以人为本 的 设计 理念 ， 以及 他 在 文化 和 环境 保护 方面 的 贡献 。,这 次 获奖 表彰 了 他 以 人 为 本 的 设计 理念 ， 以及 他 在 文化 和 环境 保护 方面 的 贡献 。
1986,311,她脱下鞋子和袜子，发现在凉爽的草地上赤脚走路更容易。,False,她 脱下 鞋子 和 袜子 ， 发现 在 凉爽 的 草地 上 赤脚 走路 更 容易 。,她 脱下 鞋子 和 袜子 ， 发现 在 凉爽 的 草地 上 赤脚 走路 更 容易 。,她 脱下 鞋子 和 袜子 ， 发现 在 凉 爽 的 草地 上 赤脚 走路 更 容易 。,True,False,False,False,True,1,0.78957,138002,14052,True,1,0.78957,138002,14052,True,1,0.95813,191455,19185,她 脱下 鞋子 和 袜子 ， 发现 在 凉爽 的 草地 上 赤脚 走路 更 容易 。,她 脱下 鞋子 和 袜子 ， 发现 在 凉爽 的 草地 上 赤脚 走路 更 容易 。,她 脱下 鞋子 和 袜子 ， 发现 在 凉 爽 的 草地 上 赤脚 走路 更 容易 。
10716,952,投资者目前正在寻找美联储下一步行动的线索，期货预测 11 月可能降息 50 个基点。,False,投资者 目前 正在 寻找 美联储 下 一步 行动 的 线索 ， 期货 预测   11   月 可能 降息   50   个 基点 。,投资者 目前 正在 寻找 美联 储下 一 步 行动 的 线索 ， 期货 预测 11 月 可能 降息 50 个 基点 。,投资 者 目前 正 在 寻找 美联 储下 一 步 行动 的 线索 ， 期货 预测 11 月 可能 降息 50 个基点 。,False,False,False,False,False,0,0.52028,119311,12007,False,0,0.59797,121842,12121,False,0,0.92383,194469,18982,投资者 目前 正在 寻找 美联储 下 一步 行动 的 线索 ， 期货 预测   11   月 可能 降息   50   个 基点 。,投资者 目前 正在 寻找 美联 储下 一 步 行动 的 线索 ， 期货 预测 11 月 可能 降息 50 个 基点 。,投资 者 目前 正 在 寻找 美联 储下 一 步 行动 的 线索 ， 期货 预测 11 月 可能 降息 50 个基点 。
10248,913,大约1.8亿年前，Gondwana 大陆开始从更大的超大陆 Pangea 大陆分裂，最终导致大约1.4亿年前南美洲和非洲分离，形成南大西洋。,True,大约 1.8 亿年 前 ， Gondwana   大陆 开始 从 更 大 的 超 大陆   Pangea   大陆 分裂 ， 最终 导致 大约 1.4 亿年 前 南美洲 和 非洲 分离 ， 形成 南 大西洋 。,大约 1. 8亿 年前 ， Gondwana 大陆 开始 从 更 大 的 超 大陆 Pangea 大陆 分裂 ， 最终 导致 大约 1.4亿 年前 南美洲 和 非洲 分离 ， 形成 南大西洋 。,大约 1.8亿 年 前 ， Gondwana 大陆 开始 从 更大 的 超 大陆 Pangea 大陆 分裂 ， 最终 导致 大约 1.4亿 年 前 南 美 洲 和 非洲 分离 ， 形成 南大 西洋 。,False,False,False,False,False,0,0.0,0,0,False,0,0.0,0,0,False,0,0.0,0,0,大约 1.8 亿年 前 ， Gondwana   大陆 开始 从 更 大 的 超 大陆   Pangea   大陆 分裂 ， 最终 导致 大约 1.4 亿年 前 南美洲 和 非洲 分离 ， 形成 南 大西洋 。,大约 1. 8亿 年前 ， Gondwana 大陆 开始 从 更 大 的 超 大陆 Pangea 大陆 分裂 ， 最终 导致 大约 1.4亿 年前 南美洲 和 非洲 分离 ， 形成 南大西洋 。,大约 1.8亿 年 前 ， Gondwana 大陆 开始 从 更大 的 超 大陆 Pangea 大陆 分裂 ， 最终 导致 大约 1.4亿 年 前 南 美 洲 和 非洲 分离 ， 形成 南大 西洋 。
3933,472,"""你怎么会认识我？""他继续问道。",False,""" 你 怎么 会 认识 我 ？ "" 他 继续 问道 。",""" 你 怎么 会 认识 我 ？ "" 他 继续 问道 。",""" 你 怎么 会 认识 我 ？ "" 他 继续 问道 。",True,True,True,True,False,0,0.08751,16240,2191,False,0,0.08751,16240,2191,False,0,0.08751,16240,2191,""" 你 怎么 会 认识 我 ？ "" 他 继续 问道 。",""" 你 怎么 会 认识 我 ？ "" 他 继续 问道 。",""" 你 怎么 会 认识 我 ？ "" 他 继续 问道 。"
9856,881,他将他的决定归因于在 6 月份一场反响不佳的辩论后 来自民主党同僚的压力。,False,他 将 他 的 决定 归因于 在   6   月份 一场 反响 不佳 的 辩论 后   来自 民主党 同僚 的 压力 。,他 将 他 的 决定 归因于 在 6 月份 一 场 反响 不 佳 的 辩论 后 来自 民主党 同僚 的 压力 。,他 将 他 的 决定 归 因 于 在 6 月份 一 场 反响 不佳 的 辩论 后 来自 民主 党 同僚 的 压力 。,False,False,False,False,True,1,5.77236,1076250,17503,False,-1,10,0,0,True,1,5.00884,727201,63750,他 将 他 的 决定 归因于 在   6   月份 一场 反响 不佳 的 辩论 后   来自 民主党 同僚 的 压力 。,他 将 他 的 决定 归因于 在 6 月份 一 场 反响 不 佳 的 辩论 后 来自 民主党 同僚 的 压力 。,他 将 他 的 决定 归 因 于 在 6 月份 一 场 反响 不佳 的 辩论 后 来自 民主 党 同僚 的 压力 。
16320,1353,日本政府将当前情况称为 “quiet emergency（静默的紧急状态）”，并正推动一系列鼓励生育的家庭友好政策，如免费托育和灵活工作安排等。,True,日本政府 将 当前情况 称为   “ quiet   emergency （ 静默 的 紧急状态 ） ” ， 并 正 推动 一系列 鼓励 生育 的 家庭 友好 政策 ， 如 免费 托育 和 灵活 工作 安排 等 。,日本 政府 将 当前 情况 称为 “ quiet emergency （ 静默 的 紧急 状态 ） ” ， 并 正 推动 一系列 鼓励 生育 的 家庭 友好 政策 ， 如 免费 托育 和 灵活 工作 安排 等 。,日本 政府 将 当前 情况 称 为 “quiet emergency （ 静默 的 紧急 状态 ） ” ， 并 正 推动 一 系列 鼓励 生育 的 家庭 友好 政策 ， 如 免费 托育 和 灵活 工作 安排 等 。,False,False,False,False,False,0,0.3317,40000,5682,False,0,0.19257,39509,5779,False,0,0.35874,70639,8908,日本政府 将 当前情况 称为   “ quiet   emergency （ 静默 的 紧急状态 ） ” ， 并 正 推动 一系列 鼓励 生育 的 家庭 友好 政策 ， 如 免费 托育 和 灵活 工作 安排 等 。,日本 政府 将 当前 情况 称为 “ quiet emergency （ 静默 的 紧急 状态 ） ” ， 并 正 推动 一系列 鼓励 生育 的 家庭 友好 政策 ， 如 免费 托育 和 灵活 工作 安排 等 。,日本 政府 将 当前 情况 称 为 “quiet emergency （ 静默 的 紧急 状态 ） ” ， 并 正 推动 一 系列 鼓励 生育 的 家庭 友好 政策 ， 如 免费 托育 和 灵活 工作 安排 等 。
10131,903,新生宝宝们目前正在接受重症监护，因为它们还很脆弱。,False,新生 宝宝 们 目前 正在 接受 重症 监护 ， 因为 它们 还 很 脆弱 。,新生 宝宝们 目前 正在 接受 重症 监护 ， 因为 它们 还 很 脆弱 。,新生 宝宝 们 目前 正 在 接受 重症 监护 ， 因为 它们 还 很 脆 弱 。,False,False,False,False,True,1,0.25745,45021,5077,True,1,0.25002,45018,5077,True,1,0.34883,62432,6727,新生 宝宝 们 目前 正在 接受 重症 监护 ， 因为 它们 还 很 脆弱 。,新生 宝宝们 目前 正在 接受 重症 监护 ， 因为 它们 还 很 脆弱 。,新生 宝宝 们 目前 正 在 接受 重症 监护 ， 因为 它们 还 很 脆 弱 。
13211,1120,就在这时，一阵轻轻的、几乎听不见的敲门声 响起。,False,就 在 这时 ， 一阵 轻轻 的 、 几乎 听不见 的 敲门声   响起 。,就 在 这时 ， 一阵 轻轻 的 、 几乎 听 不见 的 敲门声 响起 。,就在 这时 ， 一 阵 轻轻 的 、 几乎 听 不 见 的 敲门 声 响起 。,False,False,False,False,False,0,0.20787,32630,3665,False,0,0.33205,59259,6240,True,1,1.87752,191191,18039,就 在 这时 ， 一阵 轻轻 的 、 几乎 听不见 的 敲门声   响起 。,就 在 这时 ， 一阵 轻轻 的 、 几乎 听 不见 的 敲门声 响起 。,就在 这时 ， 一 阵 轻轻 的 、 几乎 听 不 见 的 敲门 声 响起 。
10608,939,有时候会下雨。,False,有时候 会 下雨 。,有时候 会 下雨 。,有 时候 会 下雨 。,True,False,False,False,True,1,0.0431,6721,821,True,1,0.0431,6721,821,True,1,0.0857,17660,1937,有时候 会 下雨 。,有时候 会 下雨 。,有 时候 会 下雨 。
12984,1112,"""被机器卷住了，"" White 先生茫然地重复道，""是的。""",True,""" 被 机器 卷住 了 ， ""   White   先生 茫然 地 重复 道 ， "" 是 的 。 """,""" 被 机器 卷住 了 ， "" White 先生 茫然 地重 复道 ， "" 是的 。 """,""" 被 机器 卷住 了 ， "" White 先生 茫然地 重复 道 ， "" 是 的 。 """,False,False,False,False,False,0,0.15113,21605,2928,False,0,0.0,0,0,False,0,0.12311,29166,3573,""" 被 机器 卷住 了 ， ""   White   先生 茫然 地 重复 道 ， "" 是 的 。 """,""" 被 机器 卷住 了 ， "" White 先生 茫然 地重 复道 ， "" 是的 。 """,""" 被 机器 卷住 了 ， "" White 先生 茫然地 重复 道 ， "" 是 的 。 """
9745,872,植物不能像动物那样移动或发声，但它们有自己的交流方式。,False,植物 不能 像 动物 那样 移动 或 发声 ， 但 它们 有 自己 的 交流 方式 。,植物 不 能 像 动物 那样 移动 或 发声 ， 但 它们 有 自己 的 交流 方式 。,植物 不能 像 动物 那样 移动 或 发声 ， 但 它们 有 自己 的 交流 方式 。,False,True,False,False,False,0,0.28193,51409,5756,False,0,0.28324,57112,6343,False,0,0.28193,51409,5756,植物 不能 像 动物 那样 移动 或 发声 ， 但 它们 有 自己 的 交流 方式 。,植物 不 能 像 动物 那样 移动 或 发声 ， 但 它们 有 自己 的 交流 方式 。,植物 不能 像 动物 那样 移动 或 发声 ， 但 它们 有 自己 的 交流 方式 。
18365,1450,Isla：社区剧院的舞台剧。,True,Isla ： 社区 剧院 的 舞台剧 。,I sla ： 社区 剧院 的 舞台剧 。,Isla ： 社区 剧院 的 舞台 剧 。,False,False,False,False,True,1,0.0561,9590,1208,True,1,0.06888,14614,1698,True,1,0.08766,18606,2016,Isla ： 社区 剧院 的 舞台剧 。,I sla ： 社区 剧院 的 舞台剧 。,Isla ： 社区 剧院 的 舞台 剧 。
4023,477,周一，调查 2021 年 1 月 6 日 美国国会大厦暴动事件的美国众议院特别委员会敦促美国司法部针对该事件对前总统 Donald Trump 及其同伙提起刑事指控。,True,周一 ， 调查   2021   年   1   月   6   日   美国国会 大厦 暴动 事件 的 美国众议院 特别 委员会 敦促 美国司法部 针对 该 事件 对前 总统   Donald   Trump   及其 同伙 提起 刑事 指控 。,周一 ， 调查 2021 年 1 月 6 日 美国 国会 大厦 暴动 事件 的 美国 众议院 特别 委员会 敦促 美国 司法部 针对 该 事件 对 前 总统 Donald Trump 及其 同伙 提起 刑事 指控 。,周一 ， 调查 2021 年 1 月 6 日 美国 国会 大厦 暴动 事件 的 美国 众 议院 特别 委员 会 敦促 美国 司法 部 针对 该 事件 对前 总统 Donald Trump 及其同 伙提 起 刑事 指控 。,False,False,False,False,False,0,0.0,0,0,False,0,0.0,0,0,False,0,0.0,0,0,周一 ， 调查   2021   年   1   月   6   日   美国国会 大厦 暴动 事件 的 美国众议院 特别 委员会 敦促 美国司法部 针对 该 事件 对前 总统   Donald   Trump   及其 同伙 提起 刑事 指控 。,周一 ， 调查 2021 年 1 月 6 日 美国 国会 大厦 暴动 事件 的 美国 众议院 特别 委员会 敦促 美国 司法部 针对 该 事件 对 前 总统 Donald Trump 及其 同伙 提起 刑事 指控 。,周一 ， 调查 2021 年 1 月 6 日 美国 国会 大厦 暴动 事件 的 美国 众 议院 特别 委员 会 敦促 美国 司法 部 针对 该 事件 对前 总统 Donald Trump 及其同 伙提 起 刑事 指控 。
6253,645,他在接受采访时宣布了自己的决定，并表示他想离开欧洲，远离聚光灯，专注于自己。,False,他 在 接受 采访 时 宣布 了 自己 的 决定 ， 并 表示 他 想 离开 欧洲 ， 远离 聚光灯 ， 专注 于 自己 。,他 在 接受 采访 时 宣布 了 自己 的 决定 ， 并 表示 他 想 离开 欧洲 ， 远离 聚光灯 ， 专注于 自己 。,他 在 接受 采访 时 宣布 了 自己 的 决定 ， 并 表示 他 想 离开 欧洲 ， 远离 聚 光灯 ， 专注 于 自己 。,False,False,False,False,False,-1,10,0,0,False,-1,10,0,0,False,0,7.70819,907956,86514,他 在 接受 采访 时 宣布 了 自己 的 决定 ， 并 表示 他 想 离开 欧洲 ， 远离 聚光灯 ， 专注 于 自己 。,他 在 接受 采访 时 宣布 了 自己 的 决定 ， 并 表示 他 想 离开 欧洲 ， 远离 聚光灯 ， 专注于 自己 。,他 在 接受 采访 时 宣布 了 自己 的 决定 ， 并 表示 他 想 离开 欧洲 ， 远离 聚 光灯 ， 专注 于 自己 。
13604,1148,老鹰队在第三节建立了 34-0 的巨大领先优势，防守组六次擒杀 Patrick Mahomes，并完成两次拦截，其中包括新秀 Cooper DeJean 的六次拦截。,True,老鹰队 在 第三节 建立 了   34 - 0   的 巨大 领先 优势 ， 防守 组 六次 擒 杀   Patrick   Mahomes ， 并 完成 两次 拦截 ， 其中 包括 新秀   Cooper   DeJean   的 六次 拦截 。,老鹰队 在 第三 节 建立 了 34 - 0 的 巨大 领先 优势 ， 防守组 六 次 擒杀 Patrick Mahomes ， 并 完成 两 次 拦截 ， 其中 包括 新秀 Cooper DeJean 的 六 次 拦截 。,老鹰 队 在 第三 节 建立 了 34 -0 的 巨大 领先 优势 ， 防守 组 六 次 擒杀 Patrick Mahomes ， 并 完成 两 次 拦截 ， 其中 包括 新秀 Cooper De Jean 的六 次 拦截 。,False,False,False,False,False,0,0.0,0,0,False,-1,10,0,0,False,0,0.0,0,0,老鹰队 在 第三节 建立 了   34 - 0   的 巨大 领先 优势 ， 防守 组 六次 擒 杀   Patrick   Mahomes ， 并 完成 两次 拦截 ， 其中 包括 新秀   Cooper   DeJean   的 六次 拦截 。,老鹰队 在 第三 节 建立 了 34 - 0 的 巨大 领先 优势 ， 防守组 六 次 擒杀 Patrick Mahomes ， 并 完成 两 次 拦截 ， 其中 包括 新秀 Cooper DeJean 的 六 次 拦截 。,老鹰 队 在 第三 节 建立 了 34 -0 的 巨大 领先 优势 ， 防守 组 六 次 擒杀 Patrick Mahomes ， 并 完成 两 次 拦截 ， 其中 包括 新秀 Cooper De Jean 的六 次 拦截 。
12250,1067,小红帽转身看到一只大灰狼，但是她不 知道狼是可怕的动物，所以她不害怕。,False,小红帽 转身 看到 一只 大灰狼 ， 但是 她 不   知道 狼 是 可怕 的 动物 ， 所以 她 不 害怕 。,小 红帽 转身 看到 一 只 大灰狼 ， 但是 她 不 知道 狼 是 可怕 的 动物 ， 所以 她 不 害怕 。,小红 帽 转身 看到 一 只 大 灰狼 ， 但是 她 不 知道 狼 是 可怕 的 动物 ， 所以 她 不 害怕 。,False,False,False,False,False,0,0.55597,107617,11166,False,0,0.5228,108518,11301,False,0,0.85551,159815,15877,小红帽 转身 看到 一只 大灰狼 ， 但是 她 不   知道 狼 是 可怕 的 动物 ， 所以 她 不 害怕 。,小 红帽 转身 看到 一 只 大灰狼 ， 但是 她 不 知道 狼 是 可怕 的 动物 ， 所以 她 不 害怕 。,小红 帽 转身 看到 一 只 大 灰狼 ， 但是 她 不 知道 狼 是 可怕 的 动物 ， 所以 她 不 害怕 。
5642,604,"周一，南非一名名叫 Rudolph Erasmus 的飞行员在 11,000 英尺的高空航行时，发现一条 5 英尺长的毒眼镜蛇溜进了他的驾驶舱，并蜷缩在他的座位下面。",True,"周一 ， 南非 一名 名叫   Rudolph   Erasmus   的 飞行员 在   11 , 000   英尺 的 高空 航行 时 ， 发现 一条   5   英尺 长 的 毒 眼镜蛇 溜进 了 他 的 驾驶舱 ， 并 蜷缩 在 他 的 座位 下面 。","周一 ， 南非 一 名 名叫 Rudolph Erasmus 的 飞行员 在 11 , 000 英尺 的 高空 航行 时 ， 发现 一 条 5 英尺 长 的 毒 眼镜蛇 溜进 了 他 的 驾驶舱 ， 并 蜷缩 在 他 的 座位 下面 。","周一 ， 南 非 一 名 名叫 Rudolph Erasmus 的 飞行 员 在 11,000 英尺 的 高空 航行 时 ， 发现 一 条 5 英尺 长 的 毒 眼镜 蛇 溜 进 了 他 的 驾驶 舱 ， 并 蜷缩 在 他 的 座位 下面 。",False,False,False,False,False,0,5.84561,606752,56983,True,1,8.86635,653171,61285,False,0,1.80933,315425,31373,"周一 ， 南非 一名 名叫   Rudolph   Erasmus   的 飞行员 在   11 , 000   英尺 的 高空 航行 时 ， 发现 一条   5   英尺 长 的 毒 眼镜蛇 溜进 了 他 的 驾驶舱 ， 并 蜷缩 在 他 的 座位 下面 。","周一 ， 南非 一 名 名叫 Rudolph Erasmus 的 飞行员 在 11 , 000 英尺 的 高空 航行 时 ， 发现 一 条 5 英尺 长 的 毒 眼镜蛇 溜进 了 他 的 驾驶舱 ， 并 蜷缩 在 他 的 座位 下面 。","周一 ， 南 非 一 名 名叫 Rudolph Erasmus 的 飞行 员 在 11,000 英尺 的 高空 航行 时 ， 发现 一 条 5 英尺 长 的 毒 眼镜 蛇 溜 进 了 他 的 驾驶 舱 ， 并 蜷缩 在 他 的 座位 下面 。"
19084,1481,在四川成都，茶馆到处都是，人们一边喝茶一边聊天、打麻将、看川剧，这就是成都人悠闲生活的象征。,False,在 四川 成都 ， 茶馆 到处 都 是 ， 人们 一边 喝茶 一边 聊天 、 打麻将 、 看 川剧 ， 这 就是 成都 人 悠闲 生活 的 象征 。,在 四川 成都 ， 茶馆 到处 都 是 ， 人们 一边 喝茶 一边 聊天 、 打麻 将 、 看川剧 ， 这就 是 成都人 悠闲 生活 的 象征 。,在 四川 成都 ， 茶馆 到 处 都是 ， 人们 一边 喝 茶 一边 聊天 、 打 麻将 、 看川 剧 ， 这 就是 成都 人 悠闲 生活 的 象征 。,False,False,False,False,False,-1,10,0,0,True,1,6.93762,565793,49896,False,0,0.0,0,0,在 四川 成都 ， 茶馆 到处 都 是 ， 人们 一边 喝茶 一边 聊天 、 打麻将 、 看 川剧 ， 这 就是 成都 人 悠闲 生活 的 象征 。,在 四川 成都 ， 茶馆 到处 都 是 ， 人们 一边 喝茶 一边 聊天 、 打麻 将 、 看川剧 ， 这就 是 成都人 悠闲 生活 的 象征 。,在 四川 成都 ， 茶馆 到 处 都是 ， 人们 一边 喝 茶 一边 聊天 、 打 麻将 、 看川 剧 ， 这 就是 成都 人 悠闲 生活 的 象征 。
9866,882,阳阳：积云？为什么叫这个名字？,False,阳阳 ： 积云 ？ 为什么 叫 这个 名字 ？,阳阳 ： 积云 ？ 为什么 叫 这个 名字 ？,阳阳 ： 积云 ？ 为 什么 叫 这 个 名字 ？,True,False,False,False,False,0,0.10392,16194,2107,False,0,0.10392,16194,2107,False,0,0.09307,19344,2452,阳阳 ： 积云 ？ 为什么 叫 这个 名字 ？,阳阳 ： 积云 ？ 为什么 叫 这个 名字 ？,阳阳 ： 积云 ？ 为 什么 叫 这 个 名字 ？
13109,1116,护身符还在那里，一种可怕的恐惧突然抓住他。,False,护身符 还 在 那里 ， 一种 可怕 的 恐惧 突然 抓住 他 。,护身符 还 在 那里 ， 一 种 可怕 的 恐惧 突然 抓住 他 。,护身 符 还 在 那里 ， 一 种 可怕 的 恐惧 突然 抓住 他 。,False,False,False,False,True,1,0.47856,87567,9114,True,1,0.45635,87567,9114,True,1,0.64176,115314,11672,护身符 还 在 那里 ， 一种 可怕 的 恐惧 突然 抓住 他 。,护身符 还 在 那里 ， 一 种 可怕 的 恐惧 突然 抓住 他 。,护身 符 还 在 那里 ， 一 种 可怕 的 恐惧 突然 抓住 他 。
17994,1442,联合国安理会已就此召开紧急会议，相关争议仍在持续发酵。,False,联合国安理会 已 就此 召开 紧急会议 ， 相关 争议 仍 在 持续 发酵 。,联合国 安理会 已 就此 召开 紧急 会议 ， 相关 争议 仍 在 持续 发酵 。,联合 国 安理 会 已 就此 召开 紧急 会议 ， 相关 争议 仍 在 持续 发酵 。,False,False,False,False,False,0,0.06399,10113,1689,False,0,0.05811,14999,2264,False,0,0.11539,25116,3306,联合国安理会 已 就此 召开 紧急会议 ， 相关 争议 仍 在 持续 发酵 。,联合国 安理会 已 就此 召开 紧急 会议 ， 相关 争议 仍 在 持续 发酵 。,联合 国 安理 会 已 就此 召开 紧急 会议 ， 相关 争议 仍 在 持续 发酵 。
7,2,他说，技术委员会仍在研究实施该交易的方案，并表示在阿尔及尔达成的交易不会被回溯。,False,他 说 ， 技术 委员会 仍 在 研究 实施 该 交易 的 方案 ， 并 表示 在 阿尔及尔 达成 的 交易 不会 被 回溯 。,他 说 ， 技术 委员会 仍 在 研究 实施 该 交易 的 方案 ， 并 表示 在 阿尔及尔 达成 的 交易 不 会 被 回溯 。,他 说 ， 技术 委员 会 仍 在 研究 实施 该 交易 的 方案 ， 并 表示 在 阿尔及尔 达成 的 交易 不会 被 回溯 。,False,False,False,False,False,-1,10,0,0,False,-1,10,0,0,False,-1,10,0,0,他 说 ， 技术 委员会 仍 在 研究 实施 该 交易 的 方案 ， 并 表示 在 阿尔及尔 达成 的 交易 不会 被 回溯 。,他 说 ， 技术 委员会 仍 在 研究 实施 该 交易 的 方案 ， 并 表示 在 阿尔及尔 达成 的 交易 不 会 被 回溯 。,他 说 ， 技术 委员 会 仍 在 研究 实施 该 交易 的 方案 ， 并 表示 在 阿尔及尔 达成 的 交易 不会 被 回溯 。
9991,892,批评者，包括作家 J.K. Rowling 和 美国前总统 Donald Trump 认为 Khelif 是男性，并质疑其参与女子体育运动的公平性。,True,批评者 ， 包括 作家   J . K .   Rowling   和   美国 前 总统   Donald   Trump   认为   Khelif   是 男性 ， 并 质疑 其 参与 女子 体育运动 的 公平性 。,批评者 ， 包括 作家 J.K . Rowling 和 美国 前 总统 Donald Trump 认为 Khelif 是 男性 ， 并 质疑 其 参与 女子 体育 运动 的 公平性 。,批评 者 ， 包括 作家 J.K. Rowling 和 美国 前 总统 Donald Trump 认为 Khelif 是 男性 ， 并 质疑 其 参与 女子 体育 运动 的 公平 性 。,False,False,False,False,False,-1,10,0,0,False,-1,10,0,0,False,-1,10,0,0,批评者 ， 包括 作家   J . K .   Rowling   和   美国 前 总统   Donald   Trump   认为   Khelif   是 男性 ， 并 质疑 其 参与 女子 体育运动 的 公平性 。,批评者 ， 包括 作家 J.K . Rowling 和 美国 前 总统 Donald Trump 认为 Khelif 是 男性 ， 并 质疑 其 参与 女子 体育 运动 的 公平性 。,批评 者 ， 包括 作家 J.K. Rowling 和 美国 前 总统 Donald Trump 认为 Khelif 是 男性 ， 并 质疑 其 参与 女子 体育 运动 的 公平 性 。
9447,849,丽丽：我们帮王 爷爷收拾一下吧，不然他回来以为真的进贼了。,False,丽丽 ： 我们 帮王   爷爷 收拾 一下 吧 ， 不然 他 回来 以为 真的 进贼 了 。,丽丽 ： 我们 帮王 爷爷 收拾 一下 吧 ， 不然 他 回来 以为 真的 进贼 了 。,丽丽 ： 我们 帮 王 爷爷 收拾 一 下吧 ， 不然 他 回来 以为 真的 进贼 了 。,False,False,False,False,False,0,0.29013,19045,2660,False,0,0.1044,19045,2660,False,0,0.0,0,0,丽丽 ： 我们 帮王   爷爷 收拾 一下 吧 ， 不然 他 回来 以为 真的 进贼 了 。,丽丽 ： 我们 帮王 爷爷 收拾 一下 吧 ， 不然 他 回来 以为 真的 进贼 了 。,丽丽 ： 我们 帮 王 爷爷 收拾 一 下吧 ， 不然 他 回来 以为 真的 进贼 了 。
6889,687,这个人听后，想了想说：那我可以用不同方法来吃不同的水果。,False,这个 人 听 后 ， 想 了 想 说 ： 那 我 可以 用 不同 方法 来 吃 不同 的 水果 。,这个 人 听 后 ， 想 了 想 说 ： 那 我 可以 用 不同 方法 来 吃 不同 的 水果 。,这 个 人 听 后 ， 想 了 想 说 ： 那 我 可以 用 不同 方法 来 吃 不同 的 水果 。,True,False,False,False,True,1,6.74231,592475,58350,True,1,6.74231,592475,58350,True,1,6.18213,592501,58350,这个 人 听 后 ， 想 了 想 说 ： 那 我 可以 用 不同 方法 来 吃 不同 的 水果 。,这个 人 听 后 ， 想 了 想 说 ： 那 我 可以 用 不同 方法 来 吃 不同 的 水果 。,这 个 人 听 后 ， 想 了 想 说 ： 那 我 可以 用 不同 方法 来 吃 不同 的 水果 。
13835,1171,而本轮疫情的首例死亡病例是一名男性护士，他在 1 月 29 日去世，曾辗转多家医疗机构求医，并寻求传统治疗。,False,而 本轮 疫情 的 首例 死亡 病例 是 一名 男性 护士 ， 他 在   1   月   29   日 去世 ， 曾 辗转 多家 医疗机构 求医 ， 并 寻求 传统 治疗 。,而 本轮 疫情 的 首例 死亡 病例 是 一 名 男性 护士 ， 他 在 1 月 29 日 去世 ， 曾 辗转 多 家 医疗 机构 求医 ， 并 寻求 传统 治疗 。,而本 轮 疫情 的 首例 死亡 病例 是 一 名 男性 护士 ， 他 在 1 月 29 日 去世 ， 曾 辗转 多 家 医疗 机构 求医 ， 并 寻求 传统 治疗 。,False,False,False,False,False,0,0.83325,146574,15162,False,0,1.75056,288428,27939,False,0,0.0,0,0,而 本轮 疫情 的 首例 死亡 病例 是 一名 男性 护士 ， 他 在   1   月   29   日 去世 ， 曾 辗转 多家 医疗机构 求医 ， 并 寻求 传统 治疗 。,而 本轮 疫情 的 首例 死亡 病例 是 一 名 男性 护士 ， 他 在 1 月 29 日 去世 ， 曾 辗转 多 家 医疗 机构 求医 ， 并 寻求 传统 治疗 。,而本 轮 疫情 的 首例 死亡 病例 是 一 名 男性 护士 ， 他 在 1 月 29 日 去世 ， 曾 辗转 多 家 医疗 机构 求医 ， 并 寻求 传统 治疗 。
19772,1491,"""那我 等你回来，顺便聊聊？""",False,""" 那 我   等 你 回来 ， 顺便 聊聊 ？ """,""" 那 我 等 你 回来 ， 顺便 聊聊 ？ """,""" 那 我 等你 回来 ， 顺 便 聊聊 ？ """,False,False,False,False,False,0,0.08236,16722,2101,False,0,0.0684,16722,2101,False,0,0.098,19304,2346,""" 那 我   等 你 回来 ， 顺便 聊聊 ？ """,""" 那 我 等 你 回来 ， 顺便 聊聊 ？ """,""" 那 我 等你 回来 ， 顺 便 聊聊 ？ """
10488,930,这可能会给 Harris 的竞选活动带来一定的推动作用。,True,这 可能 会 给   Harris   的 竞选活动 带来 一定 的 推动 作用 。,这 可能 会 给 Harris 的 竞选 活动 带来 一定 的 推动 作用 。,这 可能 会给 Harris 的 竞选 活动 带来 一定 的 推动 作用 。,False,False,False,False,False,0,0.39385,76242,8064,False,0,0.28483,66476,7177,False,0,0.08707,19317,2487,这 可能 会 给   Harris   的 竞选活动 带来 一定 的 推动 作用 。,这 可能 会 给 Harris 的 竞选 活动 带来 一定 的 推动 作用 。,这 可能 会给 Harris 的 竞选 活动 带来 一定 的 推动 作用 。
14961,1256,红衣主教们将在 Domus Sanctae Marthae 接受隔离，每天最多进行四轮秘密投票，须获得三分之二多数才能选出新 教皇。,True,红衣主教 们 将 在   Domus   Sanctae   Marthae   接受 隔离 ， 每天 最 多 进行 四轮 秘密 投票 ， 须 获得 三分之二 多数 才能 选出 新   教皇 。,红衣主教们 将 在 Domus Sanctae Marthae 接受 隔离 ， 每天 最多 进行 四轮 秘密 投票 ， 须 获得 三分之二 多数 才能 选出 新 教皇 。,红衣 主教 们 将 在 Domus Sanctae Marthae 接受 隔离 ， 每天 最多 进行 四 轮 秘密 投票 ， 须 获得 三 分 之 二 多数 才能 选出 新 教皇 。,False,False,False,False,False,0,0.0,0,0,False,0,0.0,0,0,False,0,0.0,0,0,红衣主教 们 将 在   Domus   Sanctae   Marthae   接受 隔离 ， 每天 最 多 进行 四轮 秘密 投票 ， 须 获得 三分之二 多数 才能 选出 新   教皇 。,红衣主教们 将 在 Domus Sanctae Marthae 接受 隔离 ， 每天 最多 进行 四轮 秘密 投票 ， 须 获得 三分之二 多数 才能 选出 新 教皇 。,红衣 主教 们 将 在 Domus Sanctae Marthae 接受 隔离 ， 每天 最多 进行 四 轮 秘密 投票 ， 须 获得 三 分 之 二 多数 才能 选出 新 教皇 。
14216,1200,现年 88 岁的教皇方济各今天首次公开露面，此前他因危及生命的双肺炎住院五周。,False,现年   88   岁 的 教皇 方济各 今天 首次 公开 露面 ， 此前 他 因 危及 生命 的 双 肺炎 住院 五周 。,现年 88 岁 的 教皇 方济 各 今天 首次 公开 露面 ， 此前 他因 危及 生命 的 双肺 炎住院 五周 。,现年 88 岁 的 教皇 方济 各 今天 首次 公开 露面 ， 此前 他 因 危及 生命 的 双 肺炎 住院 五 周 。,False,False,False,False,False,0,0.1336,22858,3312,False,0,1e-05,0,0,False,0,0.09298,20839,3207,现年   88   岁 的 教皇 方济各 今天 首次 公开 露面 ， 此前 他 因 危及 生命 的 双 肺炎 住院 五周 。,现年 88 岁 的 教皇 方济 各 今天 首次 公开 露面 ， 此前 他因 危及 生命 的 双肺 炎住院 五周 。,现年 88 岁 的 教皇 方济 各 今天 首次 公开 露面 ， 此前 他 因 危及 生命 的 双 肺炎 住院 五 周 。
14222,1201,这比去年的时间早了五天，也接近往年的平均时间。,False,这比 去年 的 时间 早 了 五天 ， 也 接近 往年 的 平均 时间 。,这 比 去年 的 时间 早 了 五 天 ， 也 接近 往年 的 平均 时间 。,这 比 去年 的 时间 早 了 五 天 ， 也 接近 往年 的 平均 时间 。,False,False,True,False,False,0,0.0,0,0,False,0,0.15468,36002,4222,False,0,0.15468,36002,4222,这比 去年 的 时间 早 了 五天 ， 也 接近 往年 的 平均 时间 。,这 比 去年 的 时间 早 了 五 天 ， 也 接近 往年 的 平均 时间 。,这 比 去年 的 时间 早 了 五 天 ， 也 接近 往年 的 平均 时间 。
6999,695,气候变化加剧了火灾的严重性，专家表示气候变化增加了发生此类灾难的可能性。,False,气候变化 加剧 了 火灾 的 严重性 ， 专家 表示 气候变化 增加 了 发生 此类 灾难 的 可能性 。,气候 变化 加剧 了 火灾 的 严重性 ， 专家 表示 气候 变化 增加 了 发生 此类 灾难 的 可能性 。,气候 变化 加剧 了 火灾 的 严重 性 ， 专家 表示 气候 变化 增加 了 发生 此类 灾难 的 可能 性 。,False,False,False,False,True,1,0.34456,64912,6897,True,1,0.58118,110111,11086,False,0,0.22126,50859,5955,气候变化 加剧 了 火灾 的 严重性 ， 专家 表示 气候变化 增加 了 发生 此类 灾难 的 可能性 。,气候 变化 加剧 了 火灾 的 严重性 ， 专家 表示 气候 变化 增加 了 发生 此类 灾难 的 可能性 。,气候 变化 加剧 了 火灾 的 严重 性 ， 专家 表示 气候 变化 增加 了 发生 此类 灾难 的 可能 性 。
16468,1361,而包括美国、沙特阿拉伯、俄罗斯在内的产油和石化生产国则倾向于将重点放在回收和废物管理上。,False,而 包括 美国 、 沙特阿拉伯 、 俄罗斯 在内 的 产油 和 石化 生产国 则 倾向 于 将 重点 放在 回收 和 废物 管理 上 。,而 包括 美国 、 沙特阿拉伯 、 俄罗斯 在内 的 产油 和 石化 生产国 则 倾向于 将 重点 放 在 回收 和 废物 管理 上 。,而 包括 美国 、 沙特阿拉伯 、 俄罗斯 在内 的 产油 和 石化 生产 国 则 倾向 于 将 重点 放 在 回收 和 废物 管理 上 。,False,False,False,False,False,0,0.21355,44515,5711,False,0,0.2439,48459,6165,False,0,0.14637,30638,4406,而 包括 美国 、 沙特阿拉伯 、 俄罗斯 在内 的 产油 和 石化 生产国 则 倾向 于 将 重点 放在 回收 和 废物 管理 上 。,而 包括 美国 、 沙特阿拉伯 、 俄罗斯 在内 的 产油 和 石化 生产国 则 倾向于 将 重点 放 在 回收 和 废物 管理 上 。,而 包括 美国 、 沙特阿拉伯 、 俄罗斯 在内 的 产油 和 石化 生产 国 则 倾向 于 将 重点 放 在 回收 和 废物 管理 上 。
15235,1274,此 事件在全国引发公愤，再次将焦点聚焦于墨西哥每天约有 10 名女性被杀的女性谋杀危机。,False,此   事件 在 全国 引发 公愤 ， 再次 将 焦点 聚焦 于 墨西哥 每天 约 有   10   名 女性 被 杀 的 女性 谋杀 危机 。,此 事件 在 全国 引发 公愤 ， 再次 将 焦点 聚焦 于 墨西哥 每天 约 有 10 名 女性 被 杀 的 女性 谋杀 危机 。,此 事件 在 全国 引发 公愤 ， 再次 将 焦点 聚 焦 于 墨西哥 每天 约 有 10 名女性 被 杀 的 女性 谋杀 危机 。,False,False,False,False,False,0,1.58134,264523,26698,False,0,1.62324,264523,26698,False,0,1.3717,223646,23099,此   事件 在 全国 引发 公愤 ， 再次 将 焦点 聚焦 于 墨西哥 每天 约 有   10   名 女性 被 杀 的 女性 谋杀 危机 。,此 事件 在 全国 引发 公愤 ， 再次 将 焦点 聚焦 于 墨西哥 每天 约 有 10 名 女性 被 杀 的 女性 谋杀 危机 。,此 事件 在 全国 引发 公愤 ， 再次 将 焦点 聚 焦 于 墨西哥 每天 约 有 10 名女性 被 杀 的 女性 谋杀 危机 。
5498,591,然而，在 家乡和村民们的相处使他慢慢变得开心起来。,False,然而 ， 在   家乡 和 村民 们 的 相处 使 他 慢慢 变得 开心起来 。,然而 ， 在 家乡 和 村民们 的 相处 使 他 慢慢 变得 开心 起来 。,然而 ， 在 家乡 和 村民 们 的 相处 使他 慢慢 变得 开心 起来 。,False,False,False,False,False,0,0.32156,57011,6122,False,0,0.31145,67502,7105,False,0,3.83432,397976,39535,然而 ， 在   家乡 和 村民 们 的 相处 使 他 慢慢 变得 开心起来 。,然而 ， 在 家乡 和 村民们 的 相处 使 他 慢慢 变得 开心 起来 。,然而 ， 在 家乡 和 村民 们 的 相处 使他 慢慢 变得 开心 起来 。
2523,365,Amazon 周四表示，在今年 7 月 12 至 13 日的 Prime Day 促销活动中，全球 Prime 会员每分钟购买的商品数量超过 10 万件，总共售出 超过 3 亿件商品，高于去年约 2.5 亿件的销售量，成为 Amazon 历史上销售总量最高的 Prime Day。,True,Amazon   周四 表示 ， 在 今年   7   月   12   至   13   日 的   Prime   Day   促销 活动 中 ， 全球   Prime   会员 每分钟 购买 的 商品 数量 超过   10   万件 ， 总共 售出   超过   3   亿件 商品 ， 高于 去年 约   2.5   亿件 的 销售量 ， 成为   Amazon   历史 上 销售 总量 最高 的   Prime   Day 。,Amazon 周四 表示 ， 在 今年 7 月 12 至 13 日 的 Prime Day 促销 活动 中 ， 全球 Prime 会员 每 分钟 购买 的 商品 数量 超过 10 万件 ， 总共 售出 超过 3 亿件 商品 ， 高于 去年 约 2.5 亿件 的 销售量 ， 成为 Amazon 历史 上 销售 总量 最 高 的 Prime Day 。,Amazon 周四 表示 ， 在 今年 7 月 12 至 13 日 的 Prime Day 促销 活动 中 ， 全球 Prime 会员 每 分钟 购买 的 商品 数量 超过 10 万 件 ， 总共 售出 超过 3 亿 件 商品 ， 高 于 去年 约 2.5 亿 件 的 销售 量 ， 成 为 Amazon 历史 上 销售 总量 最高 的 Prime Day 。,False,False,False,False,False,-1,10,0,0,False,-1,10,0,0,False,-1,10,0,0,Amazon   周四 表示 ， 在 今年   7   月   12   至   13   日 的   Prime   Day   促销 活动 中 ， 全球   Prime   会员 每分钟 购买 的 商品 数量 超过   10   万件 ， 总共 售出   超过   3   亿件 商品 ， 高于 去年 约   2.5   亿件 的 销售量 ， 成为   Amazon   历史 上 销售 总量 最高 的   Prime   Day 。,Amazon 周四 表示 ， 在 今年 7 月 12 至 13 日 的 Prime Day 促销 活动 中 ， 全球 Prime 会员 每 分钟 购买 的 商品 数量 超过 10 万件 ， 总共 售出 超过 3 亿件 商品 ， 高于 去年 约 2.5 亿件 的 销售量 ， 成为 Amazon 历史 上 销售 总量 最 高 的 Prime Day 。,Amazon 周四 表示 ， 在 今年 7 月 12 至 13 日 的 Prime Day 促销 活动 中 ， 全球 Prime 会员 每 分钟 购买 的 商品 数量 超过 10 万 件 ， 总共 售出 超过 3 亿 件 商品 ， 高 于 去年 约 2.5 亿 件 的 销售 量 ， 成 为 Amazon 历史 上 销售 总量 最高 的 Prime Day 。
9351,841,Marcus 为了救他的朋友 Alpha 和其他机器人，日夜不停地工作，终于有一天完成了 解毒程序。,True,Marcus   为了 救 他 的 朋友   Alpha   和 其他 机器人 ， 日夜不停 地 工作 ， 终于 有 一天 完成 了   解毒 程序 。,Marcus 为了 救 他 的 朋友 Alpha 和 其他 机器人 ， 日夜 不停 地 工作 ， 终于 有一天 完成 了 解毒 程序 。,Marcus 为了 救他 的 朋友 Alpha 和 其他 机器 人 ， 日夜 不停 地 工作 ， 终于 有 一 天 完成 了 解毒 程序 。,False,False,False,False,False,0,0.0,0,0,False,0,1e-05,0,0,True,1,3.77828,471991,44811,Marcus   为了 救 他 的 朋友   Alpha   和 其他 机器人 ， 日夜不停 地 工作 ， 终于 有 一天 完成 了   解毒 程序 。,Marcus 为了 救 他 的 朋友 Alpha 和 其他 机器人 ， 日夜 不停 地 工作 ， 终于 有一天 完成 了 解毒 程序 。,Marcus 为了 救他 的 朋友 Alpha 和 其他 机器 人 ， 日夜 不停 地 工作 ， 终于 有 一 天 完成 了 解毒 程序 。
16600,1371,尼斯的检察官已经展开刑事调查，下令进行尸检，并查扣了他的直播设备和视频资料，由检察官 Damien Martinelli 负责。,True,尼斯 的 检察官 已经 展开 刑事 调查 ， 下令 进行 尸检 ， 并 查扣 了 他 的 直播 设备 和 视频 资料 ， 由 检察官   Damien   Martinelli   负责 。,尼斯 的 检察官 已经 展开 刑事 调查 ， 下令 进行 尸检 ， 并 查扣 了 他 的 直播 设备 和 视频 资料 ， 由 检察官 Damien Martinelli 负责 。,尼斯 的 检察 官 已经 展开 刑事 调查 ， 下令 进行 尸检 ， 并 查扣 了 他 的 直播 设备 和 视频 资料 ， 由 检察 官 Damien Martinelli 负责 。,False,False,False,False,False,-1,10,0,0,False,-1,10,0,0,False,-1,10,0,0,尼斯 的 检察官 已经 展开 刑事 调查 ， 下令 进行 尸检 ， 并 查扣 了 他 的 直播 设备 和 视频 资料 ， 由 检察官   Damien   Martinelli   负责 。,尼斯 的 检察官 已经 展开 刑事 调查 ， 下令 进行 尸检 ， 并 查扣 了 他 的 直播 设备 和 视频 资料 ， 由 检察官 Damien Martinelli 负责 。,尼斯 的 检察 官 已经 展开 刑事 调查 ， 下令 进行 尸检 ， 并 查扣 了 他 的 直播 设备 和 视频 资料 ， 由 检察 官 Damien Martinelli 负责 。
10841,964,目前，Combs 因涉嫌性交易和敲诈勒索等罪名在纽约被拘留。,True,目前 ， Combs   因涉嫌 性交易 和 敲诈勒索 等 罪名 在 纽约 被 拘留 。,目前 ， Combs 因 涉嫌性 交易 和 敲诈勒索 等 罪名 在 纽约 被 拘留 。,目前 ， Combs 因 涉嫌 性 交易 和 敲诈勒索 等 罪名 在 纽约 被 拘留 。,False,False,False,False,True,1,0.33393,46778,5173,True,1,0.31027,58410,6118,True,1,0.413,49141,5171,目前 ， Combs   因涉嫌 性交易 和 敲诈勒索 等 罪名 在 纽约 被 拘留 。,目前 ， Combs 因 涉嫌性 交易 和 敲诈勒索 等 罪名 在 纽约 被 拘留 。,目前 ， Combs 因 涉嫌 性 交易 和 敲诈勒索 等 罪名 在 纽约 被 拘留 。
2825,395,在位 70 年，伊丽莎白女王经历了共 15 位英国首相的更迭，也见证了大大小小的历史事件和时代变迁。,False,在位   70   年 ， 伊丽莎白 女王 经历 了 共   15   位 英国首相 的 更迭 ， 也 见证 了 大大小小 的 历史 事件 和 时代 变迁 。,在位 70 年 ， 伊丽莎白 女王 经历 了 共 15 位 英国 首相 的 更迭 ， 也 见证 了 大大小小 的 历史 事件 和 时代 变迁 。,在位 70 年 ， 伊丽莎白 女王 经历 了 共 15 位 英国 首相 的 更迭 ， 也 见证 了 大大 小小 的 历史 事件 和 时代 变迁 。,False,False,False,False,False,0,0.39949,90996,9386,False,0,0.41192,103387,10520,False,0,0.3939,110622,11211,在位   70   年 ， 伊丽莎白 女王 经历 了 共   15   位 英国首相 的 更迭 ， 也 见证 了 大大小小 的 历史 事件 和 时代 变迁 。,在位 70 年 ， 伊丽莎白 女王 经历 了 共 15 位 英国 首相 的 更迭 ， 也 见证 了 大大小小 的 历史 事件 和 时代 变迁 。,在位 70 年 ， 伊丽莎白 女王 经历 了 共 15 位 英国 首相 的 更迭 ， 也 见证 了 大大 小小 的 历史 事件 和 时代 变迁 。
7718,745,该休战协议一旦获得各方批准，将释放人质，并有可能根据更多释放的人质而延长暂停时间。,False,该 休战 协议 一旦 获得 各方 批准 ， 将 释放 人质 ， 并 有 可能 根据 更 多 释放 的 人质 而 延长 暂停 时间 。,该 休战 协议 一旦 获得 各方 批准 ， 将 释放 人质 ， 并 有 可能 根据 更 多 释放 的 人质 而 延长 暂停 时间 。,该 休战 协议 一旦 获得 各方 批准 ， 将 释放 人质 ， 并 有 可能 根据 更多 释放 的 人质 而 延长 暂停 时间 。,True,False,False,False,False,-1,10,0,0,False,-1,10,0,0,False,-1,10,0,0,该 休战 协议 一旦 获得 各方 批准 ， 将 释放 人质 ， 并 有 可能 根据 更 多 释放 的 人质 而 延长 暂停 时间 。,该 休战 协议 一旦 获得 各方 批准 ， 将 释放 人质 ， 并 有 可能 根据 更 多 释放 的 人质 而 延长 暂停 时间 。,该 休战 协议 一旦 获得 各方 批准 ， 将 释放 人质 ， 并 有 可能 根据 更多 释放 的 人质 而 延长 暂停 时间 。
10153,906,此案已移交中央调查局（CBI），调查预计将于 10 月 9 日结束。,True,此案 已 移交 中央 调查局 （ CBI ） ， 调查 预计 将 于   10   月   9   日 结束 。,此 案 已 移交 中央 调查局 （ CBI ） ， 调查 预计 将 于 10 月 9 日 结束 。,此案 已 移交 中央 调查 局 （ CBI ） ， 调查 预计 将 于 10 月 9 日 结束 。,False,False,False,False,False,0,0.0,0,0,False,0,0.18749,47869,5439,False,0,0.0,0,0,此案 已 移交 中央 调查局 （ CBI ） ， 调查 预计 将 于   10   月   9   日 结束 。,此 案 已 移交 中央 调查局 （ CBI ） ， 调查 预计 将 于 10 月 9 日 结束 。,此案 已 移交 中央 调查 局 （ CBI ） ， 调查 预计 将 于 10 月 9 日 结束 。
7375,721,各省份正在向灾区运送医疗援助物资。,False,各 省份 正在 向 灾区 运送 医疗 援助 物资 。,各 省份 正在 向 灾区 运送 医疗 援助 物资 。,各 省份 正 在 向 灾区 运送 医疗 援助 物资 。,True,False,False,False,False,0,0.06586,8962,1364,False,0,0.06586,8962,1364,False,0,0.04848,9965,1505,各 省份 正在 向 灾区 运送 医疗 援助 物资 。,各 省份 正在 向 灾区 运送 医疗 援助 物资 。,各 省份 正 在 向 灾区 运送 医疗 援助 物资 。
6535,662,因长途跋涉又烈日当头，士兵们又热又渴，非常难受，但附近又找不到水。,False,因 长途跋涉 又 烈日 当头 ， 士兵 们 又 热 又 渴 ， 非常 难受 ， 但 附近 又 找 不到 水 。,因 长途跋涉 又 烈日 当头 ， 士兵们 又 热 又 渴 ， 非常 难受 ， 但 附近 又 找 不 到 水 。,因 长途跋涉 又 烈 日 当头 ， 士兵 们 又 热 又 渴 ， 非常 难受 ， 但 附近 又 找 不 到 水 。,False,False,False,False,True,1,1.69992,165932,17234,False,0,1.55132,123532,12994,True,1,3.60731,258204,23818,因 长途跋涉 又 烈日 当头 ， 士兵 们 又 热 又 渴 ， 非常 难受 ， 但 附近 又 找 不到 水 。,因 长途跋涉 又 烈日 当头 ， 士兵们 又 热 又 渴 ， 非常 难受 ， 但 附近 又 找 不 到 水 。,因 长途跋涉 又 烈 日 当头 ， 士兵 们 又 热 又 渴 ， 非常 难受 ， 但 附近 又 找 不 到 水 。
4686,533,但很快她就意识到，也许可以通过将动物和人类团结在一个共同的事业中来缓解矛盾。,False,但 很快 她 就 意识 到 ， 也许 可以 通过 将 动物 和 人类 团结 在 一个 共同 的 事业 中来 缓解 矛盾 。,但 很快 她 就 意识 到 ， 也许 可以 通过 将 动物 和 人类 团结 在 一个 共同 的 事业 中 来 缓解 矛盾 。,但 很快 她 就 意识 到 ， 也许 可以 通过 将 动物 和 人类 团结 在 一 个 共同 的 事业 中 来 缓解 矛盾 。,False,False,False,False,False,0,0.0,0,0,True,1,1.11804,182751,18949,True,1,1.0376,182763,18949,但 很快 她 就 意识 到 ， 也许 可以 通过 将 动物 和 人类 团结 在 一个 共同 的 事业 中来 缓解 矛盾 。,但 很快 她 就 意识 到 ， 也许 可以 通过 将 动物 和 人类 团结 在 一个 共同 的 事业 中 来 缓解 矛盾 。,但 很快 她 就 意识 到 ， 也许 可以 通过 将 动物 和 人类 团结 在 一 个 共同 的 事业 中 来 缓解 矛盾 。
429,107,根据《科学报告》(Scientific Reports) 上的一篇新论文，捷克共和国一个自然保护区的几只野猪执行了一项勇敢的任务，它们将两只小猪从陷阱中解救出来，表现出了高度的智慧和同情心。,True,根据 《 科学 报告 》 ( Scientific   Reports )   上 的 一篇 新 论文 ， 捷克共和国 一个 自然保护区 的 几只 野猪 执行 了 一项 勇敢 的 任务 ， 它们 将 两只 小猪 从 陷阱 中 解救出来 ， 表现 出 了 高度 的 智慧 和 同情心 。,根据 《 科学 报告 》 ( Scientific Report s) 上 的 一 篇 新 论文 ， 捷克 共和国 一个 自然 保护区 的 几 只 野猪 执行 了 一 项 勇敢 的 任务 ， 它们 将 两 只 小猪 从 陷阱 中 解救 出来 ， 表现 出 了 高度 的 智慧 和 同情心 。,根据 《 科学 报告 》 ( Scientific Reports) 上 的 一 篇 新 论文 ， 捷克 共和 国 一 个 自然 保护 区 的 几 只 野猪 执行 了 一 项 勇敢 的 任务 ， 它们 将 两 只 小猪 从 陷阱 中 解救 出来 ， 表现 出 了 高度 的 智慧 和 同情 心 。,False,False,False,False,False,-1,10,0,0,False,-1,10,0,0,False,-1,10,0,0,根据 《 科学 报告 》 ( Scientific   Reports )   上 的 一篇 新 论文 ， 捷克共和国 一个 自然保护区 的 几只 野猪 执行 了 一项 勇敢 的 任务 ， 它们 将 两只 小猪 从 陷阱 中 解救出来 ， 表现 出 了 高度 的 智慧 和 同情心 。,根据 《 科学 报告 》 ( Scientific Report s) 上 的 一 篇 新 论文 ， 捷克 共和国 一个 自然 保护区 的 几 只 野猪 执行 了 一 项 勇敢 的 任务 ， 它们 将 两 只 小猪 从 陷阱 中 解救 出来 ， 表现 出 了 高度 的 智慧 和 同情心 。,根据 《 科学 报告 》 ( Scientific Reports) 上 的 一 篇 新 论文 ， 捷克 共和 国 一 个 自然 保护 区 的 几 只 野猪 执行 了 一 项 勇敢 的 任务 ， 它们 将 两 只 小猪 从 陷阱 中 解救 出来 ， 表现 出 了 高度 的 智慧 和 同情 心 。
823,210,这是他们女儿出生后公布的第一张照片。,False,这是 他们 女儿 出生 后 公布 的 第一张 照片 。,这是 他们 女儿 出生 后 公布 的 第一 张 照片 。,这 是 他们 女儿 出生 后 公布 的 第一 张 照片 。,False,False,False,False,False,0,1e-05,0,0,False,0,0.07889,13112,1801,False,0,0.05092,13112,1801,这是 他们 女儿 出生 后 公布 的 第一张 照片 。,这是 他们 女儿 出生 后 公布 的 第一 张 照片 。,这 是 他们 女儿 出生 后 公布 的 第一 张 照片 。
8039,766,在此期间，预热烤箱至 180 摄氏度。,False,在此期间 ， 预热 烤箱 至   180   摄氏度 。,在 此 期间 ， 预热 烤箱 至 180 摄氏度 。,在 此 期间 ， 预热烤 箱 至 180 摄氏 度 。,False,False,False,False,True,1,0.07465,12526,1593,True,1,0.08052,15287,1970,False,0,0.05563,12765,1760,在此期间 ， 预热 烤箱 至   180   摄氏度 。,在 此 期间 ， 预热 烤箱 至 180 摄氏度 。,在 此 期间 ， 预热烤 箱 至 180 摄氏 度 。
15282,1278,日本政府则表示，目前科学无法准确预测地震，请大家不要恐慌。,False,日本政府 则 表示 ， 目前 科学 无法 准确 预测 地震 ， 请 大家 不要 恐慌 。,日本 政府 则 表示 ， 目前 科学 无法 准确 预测 地震 ， 请 大家 不要 恐慌 。,日本 政府 则 表示 ， 目前 科学 无法 准确 预测 地震 ， 请 大家 不要 恐慌 。,False,False,True,False,False,0,0.10212,13782,2136,False,0,0.07704,15036,2296,False,0,0.07704,15036,2296,日本政府 则 表示 ， 目前 科学 无法 准确 预测 地震 ， 请 大家 不要 恐慌 。,日本 政府 则 表示 ， 目前 科学 无法 准确 预测 地震 ， 请 大家 不要 恐慌 。,日本 政府 则 表示 ， 目前 科学 无法 准确 预测 地震 ， 请 大家 不要 恐慌 。
2070,144,“嗨，小俊，我叫小花，谢谢你的关心！我很好，只是有点饿了！” 小猫回答。,False,“ 嗨 ， 小俊 ， 我 叫 小花 ， 谢谢 你 的 关心 ！ 我 很 好 ， 只是 有点 饿 了 ！ ”   小猫 回答 。,“ 嗨 ， 小俊 ， 我 叫 小花 ， 谢谢 你 的 关心 ！ 我 很 好 ， 只是 有点 饿 了 ！ ” 小 猫 回答 。,“ 嗨 ， 小俊 ， 我 叫 小花 ， 谢谢你 的 关心 ！ 我 很好 ， 只是 有点 饿 了 ！ ” 小猫 回答 。,False,False,False,False,False,0,0.99735,152934,15597,False,0,0.90761,154049,15752,False,0,0.0,0,0,“ 嗨 ， 小俊 ， 我 叫 小花 ， 谢谢 你 的 关心 ！ 我 很 好 ， 只是 有点 饿 了 ！ ”   小猫 回答 。,“ 嗨 ， 小俊 ， 我 叫 小花 ， 谢谢 你 的 关心 ！ 我 很 好 ， 只是 有点 饿 了 ！ ” 小 猫 回答 。,“ 嗨 ， 小俊 ， 我 叫 小花 ， 谢谢你 的 关心 ！ 我 很好 ， 只是 有点 饿 了 ！ ” 小猫 回答 。
14685,1232,法律专家警告称，这类行为可能导致宪政危机。,False,法律 专家 警告 称 ， 这 类 行为 可能 导致 宪政 危机 。,法律 专家 警告 称 ， 这 类 行为 可能 导致 宪政 危机 。,法律 专家 警告 称 ， 这 类 行为 可能 导致 宪政 危机 。,True,True,True,True,True,1,0.40655,94621,7778,True,1,0.40655,94621,7778,True,1,0.40655,94621,7778,法律 专家 警告 称 ， 这 类 行为 可能 导致 宪政 危机 。,法律 专家 警告 称 ， 这 类 行为 可能 导致 宪政 危机 。,法律 专家 警告 称 ， 这 类 行为 可能 导致 宪政 危机 。
13394,1134,DeepSeek 近日发布的 R1 AI 模型引发了美国科技股的全面下跌，反映出市场对中国 AI 行业竞争力上升的担忧。,True,DeepSeek   近日 发布 的   R1   AI   模型 引发 了 美国 科技股 的 全面 下跌 ， 反映 出 市场 对 中国   AI   行业 竞争力 上升 的 担忧 。,Deep Seek 近日 发布 的 R 1 A I 模型 引发 了 美国 科技股 的 全面 下跌 ， 反映 出 市场 对 中国 A I 行业 竞争力 上升 的 担忧 。,DeepSeek 近日 发布 的 R1 AI 模型 引发 了 美国 科技 股 的 全面 下跌 ， 反映 出 市场 对 中国 AI 行业 竞争 力 上升 的 担忧 。,False,False,False,False,False,0,1.23096,281872,21673,False,0,0.51134,89298,9694,False,0,2.71421,482750,25291,DeepSeek   近日 发布 的   R1   AI   模型 引发 了 美国 科技股 的 全面 下跌 ， 反映 出 市场 对 中国   AI   行业 竞争力 上升 的 担忧 。,Deep Seek 近日 发布 的 R 1 A I 模型 引发 了 美国 科技股 的 全面 下跌 ， 反映 出 市场 对 中国 A I 行业 竞争力 上升 的 担忧 。,DeepSeek 近日 发布 的 R1 AI 模型 引发 了 美国 科技 股 的 全面 下跌 ， 反映 出 市场 对 中国 AI 行业 竞争 力 上升 的 担忧 。
19512,1487,安静了几秒钟。窗外的雨越下越大。,False,安静 了 几秒钟 。 窗外 的 雨 越 下 越 大 。,安静 了 几 秒钟 。 窗外 的 雨 越 下 越 大 。,安静 了 几 秒 钟 。 窗外 的 雨越 下 越大 。,False,False,False,False,False,0,0.1846,11968,1687,False,0,0.05747,15569,2081,False,0,0.0,0,0,安静 了 几秒钟 。 窗外 的 雨 越 下 越 大 。,安静 了 几 秒钟 。 窗外 的 雨 越 下 越 大 。,安静 了 几 秒 钟 。 窗外 的 雨越 下 越大 。
6333,650,就在这时，司马光急中生智，从地上捡起一块大石头，使劲向水缸砸去。,False,就 在 这时 ， 司马光 急中生智 ， 从 地上 捡起 一块 大石头 ， 使劲 向 水缸 砸 去 。,就 在 这时 ， 司马光急 中 生智 ， 从 地上 捡起 一块 大 石头 ， 使劲 向 水缸 砸去 。,就在 这时 ， 司马 光急 中 生智 ， 从 地上 捡起 一 块 大 石头 ， 使 劲 向 水 缸 砸 去 。,False,False,False,False,False,0,0.0,0,0,False,0,0.0,0,0,False,0,6.31478,619591,55599,就 在 这时 ， 司马光 急中生智 ， 从 地上 捡起 一块 大石头 ， 使劲 向 水缸 砸 去 。,就 在 这时 ， 司马光急 中 生智 ， 从 地上 捡起 一块 大 石头 ， 使劲 向 水缸 砸去 。,就在 这时 ， 司马 光急 中 生智 ， 从 地上 捡起 一 块 大 石头 ， 使 劲 向 水 缸 砸 去 。
12457,1080,一块八十七分钱。,False,一块 八十七 分钱 。,一块 八十七 分 钱 。,一 块 八十七 分钱 。,False,False,False,False,False,0,0.07534,1316,289,False,0,0.04087,5981,771,False,0,0.02151,2386,441,一块 八十七 分钱 。,一块 八十七 分 钱 。,一 块 八十七 分钱 。
15902,1323,法案还增加了国防和边境安全的支出，并将债务上限提高了最多 5 万亿美元。,False,法案 还 增加 了 国防 和 边境 安全 的 支出 ， 并 将 债务 上限 提高 了 最 多   5   万亿美元 。,法案 还 增加 了 国防 和 边境 安全 的 支出 ， 并 将 债务 上限 提高 了 最多 5 万亿 美元 。,法案 还 增加 了 国防 和 边境 安全 的 支出 ， 并 将 债务 上限 提高 了 最多 5 万亿 美 元 。,False,False,False,False,False,0,0.76058,148643,14561,False,0,0.62873,119138,11785,False,0,0.74603,119909,11903,法案 还 增加 了 国防 和 边境 安全 的 支出 ， 并 将 债务 上限 提高 了 最 多   5   万亿美元 。,法案 还 增加 了 国防 和 边境 安全 的 支出 ， 并 将 债务 上限 提高 了 最多 5 万亿 美元 。,法案 还 增加 了 国防 和 边境 安全 的 支出 ， 并 将 债务 上限 提高 了 最多 5 万亿 美 元 。
12908,1109,第二天早晨，冬日的阳光照在早餐桌上，White 先生对自己的恐惧感到好笑。,True,第二天 早晨 ， 冬日 的 阳光 照 在 早餐 桌上 ， White   先生 对 自己 的 恐惧 感到 好笑 。,第二 天 早晨 ， 冬日 的 阳光 照在 早餐桌 上 ， White 先生 对 自己 的 恐惧 感到 好笑 。,第二 天 早晨 ， 冬日 的 阳 光照 在 早餐 桌上 ， White 先生 对 自己 的 恐惧 感到 好笑 。,False,False,False,False,True,1,1.35476,225606,19435,True,1,2.17549,298000,23588,False,-1,10,0,0,第二天 早晨 ， 冬日 的 阳光 照 在 早餐 桌上 ， White   先生 对 自己 的 恐惧 感到 好笑 。,第二 天 早晨 ， 冬日 的 阳光 照在 早餐桌 上 ， White 先生 对 自己 的 恐惧 感到 好笑 。,第二 天 早晨 ， 冬日 的 阳 光照 在 早餐 桌上 ， White 先生 对 自己 的 恐惧 感到 好笑 。
8015,765,平安夜周末上映的《海王 2：失落的王国》(Aquaman and the Lost Kingdom) 三天内票房收入为 2770 万美元，低于前作。,True,平安夜 周末 上映 的 《 海王   2 ： 失落 的 王国 》 ( Aquaman   and   the   Lost   Kingdom )   三天 内 票房 收入 为   2770   万美元 ， 低于 前作 。,平安夜 周末 上映 的 《 海王 2：失落 的 王国 》 ( A quaman and the Lost Kingdom ) 三 天 内 票房 收入 为 2770 万 美元 ， 低于 前作 。,平安 夜 周末 上映 的 《 海王 2 ： 失落 的 王国 》 ( Aquaman and the Lost Kingdom) 三天 内 票房 收入 为 2770 万美 元 ， 低 于 前作 。,False,False,False,False,False,0,0.0,0,0,False,0,0.0,0,0,False,0,0.0,0,0,平安夜 周末 上映 的 《 海王   2 ： 失落 的 王国 》 ( Aquaman   and   the   Lost   Kingdom )   三天 内 票房 收入 为   2770   万美元 ， 低于 前作 。,平安夜 周末 上映 的 《 海王 2：失落 的 王国 》 ( A quaman and the Lost Kingdom ) 三 天 内 票房 收入 为 2770 万 美元 ， 低于 前作 。,平安 夜 周末 上映 的 《 海王 2 ： 失落 的 王国 》 ( Aquaman and the Lost Kingdom) 三天 内 票房 收入 为 2770 万美 元 ， 低 于 前作 。
4695,534,他们决定走到一起，设法找到能够和平共处并共同发展的办法。,False,他们 决定 走 到 一起 ， 设法 找到 能够 和平共处 并 共同 发展 的 办法 。,他们 决定 走到 一起 ， 设法 找到 能够 和平 共处 并 共同 发展 的 办法 。,他们 决定 走到 一起 ， 设法 找到 能够 和平 共处 并 共同 发展 的 办法 。,False,False,True,False,False,0,0.23405,46440,5193,False,0,0.13265,28086,3474,False,0,0.13265,28086,3474,他们 决定 走 到 一起 ， 设法 找到 能够 和平共处 并 共同 发展 的 办法 。,他们 决定 走到 一起 ， 设法 找到 能够 和平 共处 并 共同 发展 的 办法 。,他们 决定 走到 一起 ， 设法 找到 能够 和平 共处 并 共同 发展 的 办法 。
106,22,亚马逊在2020年6月30日第二季度的销售额增长了40%，净收入从2019年第二季度的26亿美元增加到2020年第二季度的52亿美元，其股价飙升了1030%。,False,亚马逊 在 2020 年 6 月 30 日 第二季度 的 销售额 增长 了 40% ， 净收入 从 2019 年 第二季度 的 26 亿美元 增加 到 2020 年 第二季度 的 52 亿美元 ， 其 股价 飙升 了 1030% 。,亚马逊 在 2020年 6月 30日 第二 季度 的 销售额 增长 了 40% ， 净收入 从 2019年 第二 季度 的 26亿 美元 增加 到 2020年 第二 季度 的 52亿 美元 ， 其 股价 飙升 了 1030 % 。,亚马逊 在 2020 年 6 月 30 日 第二 季度 的 销售 额 增长 了 40% ， 净 收入 从 2019 年 第二 季度 的 26亿 美 元 增加 到 2020 年 第二 季度 的 52亿 美 元 ， 其 股价 飙升 了 1030% 。,False,False,False,False,False,-1,10,0,0,False,0,1.39804,251414,26004,False,0,1.38123,288147,29068,亚马逊 在 2020 年 6 月 30 日 第二季度 的 销售额 增长 了 40% ， 净收入 从 2019 年 第二季度 的 26 亿美元 增加 到 2020 年 第二季度 的 52 亿美元 ， 其 股价 飙升 了 1030% 。,亚马逊 在 2020年 6月 30日 第二 季度 的 销售额 增长 了 40% ， 净收入 从 2019年 第二 季度 的 26亿 美元 增加 到 2020年 第二 季度 的 52亿 美元 ， 其 股价 飙升 了 1030 % 。,亚马逊 在 2020 年 6 月 30 日 第二 季度 的 销售 额 增长 了 40% ， 净 收入 从 2019 年 第二 季度 的 26亿 美 元 增加 到 2020 年 第二 季度 的 52亿 美 元 ， 其 股价 飙升 了 1030% 。
3303,432,这是自 Musk 上个月接管 Twitter 以来的新一轮员工外流，据估计至少有 50% 的员工将离职。,True,这 是 自   Musk   上个月 接管   Twitter   以来 的 新一轮 员工 外流 ， 据估计 至少 有   50%   的 员工 将 离职 。,这是 自 Musk 上个月 接管 Twitter 以来 的 新 一 轮 员工 外流 ， 据 估计 至少 有 50% 的 员工 将 离职 。,这 是 自 Musk 上个 月 接管 Twitter 以来 的 新 一 轮 员工 外流 ， 据 估计 至少 有 50% 的 员工 将 离职 。,False,False,False,False,False,0,0.81668,184414,18523,False,0,0.40278,70378,8074,False,0,0.0,0,0,这 是 自   Musk   上个月 接管   Twitter   以来 的 新一轮 员工 外流 ， 据估计 至少 有   50%   的 员工 将 离职 。,这是 自 Musk 上个月 接管 Twitter 以来 的 新 一 轮 员工 外流 ， 据 估计 至少 有 50% 的 员工 将 离职 。,这 是 自 Musk 上个 月 接管 Twitter 以来 的 新 一 轮 员工 外流 ， 据 估计 至少 有 50% 的 员工 将 离职 。
13706,1160,目前他仍然清醒，但感到疼痛，预后尚不确定。,False,目前 他 仍然 清醒 ， 但 感到 疼痛 ， 预后 尚 不 确定 。,目前 他 仍然 清醒 ， 但 感到 疼痛 ， 预后 尚 不 确定 。,目前 他 仍然 清醒 ， 但 感到 疼痛 ， 预后 尚 不 确定 。,True,True,True,True,False,0,0.0653,8488,1531,False,0,0.0653,8488,1531,False,0,0.0653,8488,1531,目前 他 仍然 清醒 ， 但 感到 疼痛 ， 预后 尚 不 确定 。,目前 他 仍然 清醒 ， 但 感到 疼痛 ， 预后 尚 不 确定 。,目前 他 仍然 清醒 ， 但 感到 疼痛 ， 预后 尚 不 确定 。
7169,706,娜娜：我们去摘花吧！,False,娜娜 ： 我们 去 摘花 吧 ！,娜娜 ： 我们 去 摘花 吧 ！,娜娜 ： 我们 去 摘花 吧 ！,True,True,True,True,True,1,0.05179,8364,1142,True,1,0.05179,8364,1142,True,1,0.05179,8364,1142,娜娜 ： 我们 去 摘花 吧 ！,娜娜 ： 我们 去 摘花 吧 ！,娜娜 ： 我们 去 摘花 吧 ！
5700,607,这就是“塞翁失马，焉知非福”的故事。,False,这 就是 “ 塞翁失马 ， 焉知非福 ” 的 故事 。,这就 是 “ 塞翁失马 ， 焉知非福 ” 的 故事 。,这 就是 “ 塞翁 失马 ， 焉 知 非 福 ” 的 故事 。,False,False,False,False,True,1,0.23656,43768,4525,True,1,0.23933,43768,4525,False,0,0.0,0,0,这 就是 “ 塞翁失马 ， 焉知非福 ” 的 故事 。,这就 是 “ 塞翁失马 ， 焉知非福 ” 的 故事 。,这 就是 “ 塞翁 失马 ， 焉 知 非 福 ” 的 故事 。
